participant_lab_ID,condition,freq_hz,power
1,eyes_closed,1,5.701904968942422
1,eyes_closed,1.5,4.1064988849631945
1,eyes_closed,2,3.131756205905548
1,eyes_closed,2.5,2.1905835376794833
1,eyes_closed,3,1.5646774359762954
1,eyes_closed,3.5,1.3951245172996607
1,eyes_closed,4,1.4570247516903694
1,eyes_closed,4.5,1.4380237107777438
1,eyes_closed,5,1.4775142431893422
1,eyes_closed,5.5,1.4918842948293438
1,eyes_closed,6,1.201940538288511
1,eyes_closed,6.5,1.0452105529675588
1,eyes_closed,7,0.909085604892326
1,eyes_closed,7.5,0.8170306651335235
1,eyes_closed,8,0.8238164830077251
1,eyes_closed,8.5,0.8211001949655601
1,eyes_closed,9,0.8275897513536041
1,eyes_closed,9.5,0.8764266640896109
1,eyes_closed,10,1.0118178317286541
1,eyes_closed,10.5,1.0200074416415557
1,eyes_closed,11,1.033881309782387
1,eyes_closed,11.5,1.0961501650104652
1,eyes_closed,12,1.0923419796037324
1,eyes_closed,12.5,1.0134824494436634
1,eyes_closed,13,0.9543513496317267
1,eyes_closed,13.5,0.8623615793680126
1,eyes_closed,14,0.7404013656578504
1,eyes_closed,14.5,0.6855783224808094
1,eyes_closed,15,0.6049306096525899
1,eyes_closed,15.5,0.5100770151036292
1,eyes_closed,16,0.445239044045151
1,eyes_closed,16.5,0.40317823961135263
1,eyes_closed,17,0.37031984159555054
1,eyes_closed,17.5,0.3260251816678188
1,eyes_closed,18,0.2775078215608887
1,eyes_closed,18.5,0.27491468439779326
1,eyes_closed,19,0.2763361058861954
1,eyes_closed,19.5,0.2759920654005685
1,eyes_closed,20,0.2449447158985914
1,eyes_closed,20.5,0.2259165998456797
1,eyes_closed,21,0.21407372573608188
1,eyes_closed,21.5,0.19419961181343126
1,eyes_closed,22,0.16667780364198687
1,eyes_closed,22.5,0.15142803139857464
1,eyes_closed,23,0.14239065430828246
1,eyes_closed,23.5,0.13863827517388483
1,eyes_closed,24,0.12576918424427516
1,eyes_closed,24.5,0.11297053607030622
1,eyes_closed,25,0.10671855853622275
1,eyes_closed,25.5,0.10627083643638865
1,eyes_closed,26,0.09904679875023109
1,eyes_closed,26.5,0.08734432950254566
1,eyes_closed,27,0.0843134710265456
1,eyes_closed,27.5,0.07961257540392906
1,eyes_closed,28,0.08122882673231034
1,eyes_closed,28.5,0.0757154424583577
1,eyes_closed,29,0.07127570483513626
1,eyes_closed,29.5,0.06740056198326624
1,eyes_closed,30,0.061981752210334196
1,eyes_closed,30.5,0.05372429991439569
1,eyes_closed,31,0.052158405750421445
1,eyes_closed,31.5,0.04798184891810657
1,eyes_closed,32,0.04527524977730958
1,eyes_closed,32.5,0.042812198258371084
1,eyes_closed,33,0.04007641521898406
1,eyes_closed,33.5,0.03832543893528541
1,eyes_closed,34,0.03669509504492516
1,eyes_closed,34.5,0.033681672274724184
1,eyes_closed,35,0.03025723682828663
1,eyes_closed,35.5,0.02949415806015987
1,eyes_closed,36,0.028557785378340052
1,eyes_closed,36.5,0.026297096599537915
1,eyes_closed,37,0.022996283264575895
1,eyes_closed,37.5,0.021952025180326823
1,eyes_closed,38,0.0205304338029041
1,eyes_closed,38.5,0.018892590986960833
1,eyes_closed,39,0.017968308160671458
1,eyes_closed,39.5,0.016321185722974963
1,eyes_closed,40,0.016436092903429622
1,eyes_closed,40.5,0.015546265188203911
1,eyes_closed,41,0.01362233814522475
1,eyes_closed,41.5,0.012827779289046258
1,eyes_closed,42,0.012017264551801818
1,eyes_closed,42.5,0.010371143766977932
1,eyes_closed,43,0.00922743254856707
1,eyes_closed,43.5,0.008935513069645018
1,eyes_closed,44,0.008580229366261993
1,eyes_closed,44.5,0.007774149152271625
1,eyes_closed,45,0.007441762868825803
1,eyes_open,1,5.620483625425079
1,eyes_open,1.5,3.3025911944461828
1,eyes_open,2,2.4460909352834324
1,eyes_open,2.5,2.038470719037281
1,eyes_open,3,1.8920782857759824
1,eyes_open,3.5,1.7200800642403484
1,eyes_open,4,1.5669473067154216
1,eyes_open,4.5,1.5749301361296562
1,eyes_open,5,1.5126280132996532
1,eyes_open,5.5,1.457077834357589
1,eyes_open,6,1.3149448766771057
1,eyes_open,6.5,1.209475994385016
1,eyes_open,7,1.1639253383088022
1,eyes_open,7.5,1.0356643200130398
1,eyes_open,8,0.9594956454469833
1,eyes_open,8.5,0.8493233259400798
1,eyes_open,9,0.8495343695446296
1,eyes_open,9.5,0.8631521114407447
1,eyes_open,10,0.8651591582598809
1,eyes_open,10.5,0.8986215642867071
1,eyes_open,11,0.8836125507123049
1,eyes_open,11.5,0.8974962954002916
1,eyes_open,12,0.8773082518733515
1,eyes_open,12.5,0.8129296199142035
1,eyes_open,13,0.7097622714091945
1,eyes_open,13.5,0.6381448163097874
1,eyes_open,14,0.5649725880065848
1,eyes_open,14.5,0.4908019859055837
1,eyes_open,15,0.4808879002088766
1,eyes_open,15.5,0.4496609624786546
1,eyes_open,16,0.39956975149583296
1,eyes_open,16.5,0.3848842068476898
1,eyes_open,17,0.37498704124221865
1,eyes_open,17.5,0.3595770726635662
1,eyes_open,18,0.31701141315193154
1,eyes_open,18.5,0.2821562186145389
1,eyes_open,19,0.27814039798130863
1,eyes_open,19.5,0.266027730320314
1,eyes_open,20,0.23620535052099667
1,eyes_open,20.5,0.2168557097869297
1,eyes_open,21,0.19579349176635608
1,eyes_open,21.5,0.18678331189019343
1,eyes_open,22,0.1748415315245682
1,eyes_open,22.5,0.1612479103257235
1,eyes_open,23,0.16522704871431787
1,eyes_open,23.5,0.1618706444787544
1,eyes_open,24,0.1361867392459948
1,eyes_open,24.5,0.12551467636762587
1,eyes_open,25,0.12673840622529364
1,eyes_open,25.5,0.12390590405957361
1,eyes_open,26,0.11111372857995878
1,eyes_open,26.5,0.11005215378661479
1,eyes_open,27,0.10341017452228173
1,eyes_open,27.5,0.10053410143503343
1,eyes_open,28,0.10062006577056794
1,eyes_open,28.5,0.0994187887353053
1,eyes_open,29,0.09881799319384407
1,eyes_open,29.5,0.09084094795878069
1,eyes_open,30,0.08798968814125696
1,eyes_open,30.5,0.08448675498854649
1,eyes_open,31,0.07523240826031302
1,eyes_open,31.5,0.07092085585096602
1,eyes_open,32,0.06624469135922846
1,eyes_open,32.5,0.06586800105252028
1,eyes_open,33,0.06076712373458893
1,eyes_open,33.5,0.06014173925908188
1,eyes_open,34,0.057858398961373854
1,eyes_open,34.5,0.052671033399261796
1,eyes_open,35,0.05152234599416253
1,eyes_open,35.5,0.043451243590711904
1,eyes_open,36,0.04118018366375361
1,eyes_open,36.5,0.041465247493051374
1,eyes_open,37,0.03946531366134056
1,eyes_open,37.5,0.035890966052751584
1,eyes_open,38,0.03359451197035126
1,eyes_open,38.5,0.03091590470796736
1,eyes_open,39,0.027871011265390832
1,eyes_open,39.5,0.025285200836973075
1,eyes_open,40,0.024086881425327555
1,eyes_open,40.5,0.022005159179078512
1,eyes_open,41,0.021018550962879287
1,eyes_open,41.5,0.019546106844604096
1,eyes_open,42,0.018561671810784806
1,eyes_open,42.5,0.017974163750032017
1,eyes_open,43,0.01639992542203835
1,eyes_open,43.5,0.015456276223971848
1,eyes_open,44,0.014630323330651476
1,eyes_open,44.5,0.013299459448080902
1,eyes_open,45,0.012503345721010481
3,eyes_closed,1,7.489910522527769
3,eyes_closed,1.5,4.60091230844854
3,eyes_closed,2,3.198886879264359
3,eyes_closed,2.5,2.3528665932714934
3,eyes_closed,3,1.8799359861000564
3,eyes_closed,3.5,1.7409459768217403
3,eyes_closed,4,1.8239103016151255
3,eyes_closed,4.5,1.9332759201483354
3,eyes_closed,5,2.3393475015546716
3,eyes_closed,5.5,2.9759774831618673
3,eyes_closed,6,3.9233987129006684
3,eyes_closed,6.5,4.352409702785986
3,eyes_closed,7,4.911611243855845
3,eyes_closed,7.5,6.614203109759287
3,eyes_closed,8,9.254777219061701
3,eyes_closed,8.5,13.702329093789038
3,eyes_closed,9,15.877567195154674
3,eyes_closed,9.5,14.02039070844032
3,eyes_closed,10,8.115681735957878
3,eyes_closed,10.5,4.150282954249497
3,eyes_closed,11,2.599145150625262
3,eyes_closed,11.5,1.8490607494383962
3,eyes_closed,12,1.3969581247004568
3,eyes_closed,12.5,1.0586575043392104
3,eyes_closed,13,0.8403051745044082
3,eyes_closed,13.5,0.7842938045806711
3,eyes_closed,14,0.7769963362246549
3,eyes_closed,14.5,0.7149216378055119
3,eyes_closed,15,0.6856497437120699
3,eyes_closed,15.5,0.670944578338244
3,eyes_closed,16,0.6547079740924693
3,eyes_closed,16.5,0.6606841408988519
3,eyes_closed,17,0.6738850398611254
3,eyes_closed,17.5,0.6624748395646366
3,eyes_closed,18,0.5740419563812671
3,eyes_closed,18.5,0.4979838887698352
3,eyes_closed,19,0.44266858694477107
3,eyes_closed,19.5,0.34993735719629604
3,eyes_closed,20,0.2998739597402645
3,eyes_closed,20.5,0.2643230531428105
3,eyes_closed,21,0.2314472077059503
3,eyes_closed,21.5,0.20057905853319308
3,eyes_closed,22,0.1845261361311515
3,eyes_closed,22.5,0.15946262801887265
3,eyes_closed,23,0.14994104512495984
3,eyes_closed,23.5,0.14617399546199622
3,eyes_closed,24,0.13451632279784045
3,eyes_closed,24.5,0.12365464704353475
3,eyes_closed,25,0.1137708869663249
3,eyes_closed,25.5,0.10666834808089427
3,eyes_closed,26,0.10079772578974153
3,eyes_closed,26.5,0.09728491191672832
3,eyes_closed,27,0.08977460432205964
3,eyes_closed,27.5,0.09095412346529338
3,eyes_closed,28,0.08409709575265949
3,eyes_closed,28.5,0.07871977331387126
3,eyes_closed,29,0.0713145897801617
3,eyes_closed,29.5,0.0634262073306127
3,eyes_closed,30,0.05525082985311121
3,eyes_closed,30.5,0.04960253521403787
3,eyes_closed,31,0.04422996491745627
3,eyes_closed,31.5,0.040454217417139435
3,eyes_closed,32,0.03809000041102862
3,eyes_closed,32.5,0.03470842224004585
3,eyes_closed,33,0.03248457764823243
3,eyes_closed,33.5,0.028599184006947803
3,eyes_closed,34,0.02460856438360288
3,eyes_closed,34.5,0.02382696378501321
3,eyes_closed,35,0.023137128730740163
3,eyes_closed,35.5,0.02126405078281363
3,eyes_closed,36,0.01817817244771031
3,eyes_closed,36.5,0.017568483903406415
3,eyes_closed,37,0.016767470293038288
3,eyes_closed,37.5,0.015990059627351155
3,eyes_closed,38,0.014913255991948704
3,eyes_closed,38.5,0.013674914368647957
3,eyes_closed,39,0.01271549041327128
3,eyes_closed,39.5,0.011355296399272555
3,eyes_closed,40,0.011056797002333859
3,eyes_closed,40.5,0.009959966246227973
3,eyes_closed,41,0.009068884123600116
3,eyes_closed,41.5,0.008427850019292272
3,eyes_closed,42,0.007828376213384157
3,eyes_closed,42.5,0.00764121969052726
3,eyes_closed,43,0.0071722634905629825
3,eyes_closed,43.5,0.006556027040869607
3,eyes_closed,44,0.006062206803801105
3,eyes_closed,44.5,0.004977311746824689
3,eyes_closed,45,0.005115139231629754
3,eyes_open,1,7.72040118314136
3,eyes_open,1.5,4.637143168538707
3,eyes_open,2,3.011950310350671
3,eyes_open,2.5,2.136865589295065
3,eyes_open,3,1.670481760850288
3,eyes_open,3.5,1.3711976702175757
3,eyes_open,4,1.317767822141126
3,eyes_open,4.5,1.3994268317629919
3,eyes_open,5,1.6302753746249745
3,eyes_open,5.5,1.775913133628714
3,eyes_open,6,1.6837767499486507
3,eyes_open,6.5,1.7075065204409767
3,eyes_open,7,2.139229530413624
3,eyes_open,7.5,3.1138059259328377
3,eyes_open,8,3.8636030256156677
3,eyes_open,8.5,4.83929584738772
3,eyes_open,9,5.4293981105038505
3,eyes_open,9.5,5.268927416473764
3,eyes_open,10,3.558016466147508
3,eyes_open,10.5,2.2653773076062462
3,eyes_open,11,1.5538242594443217
3,eyes_open,11.5,1.1378925515367397
3,eyes_open,12,0.9713143988235726
3,eyes_open,12.5,0.8249752141738304
3,eyes_open,13,0.730641962950016
3,eyes_open,13.5,0.6930416951775489
3,eyes_open,14,0.649350421853215
3,eyes_open,14.5,0.6332301042764991
3,eyes_open,15,0.6233363434710766
3,eyes_open,15.5,0.6144345609962936
3,eyes_open,16,0.5262284875767836
3,eyes_open,16.5,0.526540147722972
3,eyes_open,17,0.5137242536625474
3,eyes_open,17.5,0.4745156585690957
3,eyes_open,18,0.4390236383991334
3,eyes_open,18.5,0.40790122724454697
3,eyes_open,19,0.34972885724949887
3,eyes_open,19.5,0.32041798185946085
3,eyes_open,20,0.2764273997404635
3,eyes_open,20.5,0.22819756395803922
3,eyes_open,21,0.20159245582834856
3,eyes_open,21.5,0.19166415387116345
3,eyes_open,22,0.17945218357295037
3,eyes_open,22.5,0.1738513471031773
3,eyes_open,23,0.1530340448729268
3,eyes_open,23.5,0.1484559458230752
3,eyes_open,24,0.1431128778284896
3,eyes_open,24.5,0.13256623703154438
3,eyes_open,25,0.12726260124376304
3,eyes_open,25.5,0.11460519104494155
3,eyes_open,26,0.11233652895601288
3,eyes_open,26.5,0.10603528170692311
3,eyes_open,27,0.09544641791999184
3,eyes_open,27.5,0.09324527739320466
3,eyes_open,28,0.09581535588629654
3,eyes_open,28.5,0.08908813352892027
3,eyes_open,29,0.0828471460085794
3,eyes_open,29.5,0.07418312431762772
3,eyes_open,30,0.06881911301014695
3,eyes_open,30.5,0.0595855652594149
3,eyes_open,31,0.05041658694835905
3,eyes_open,31.5,0.044671992079150624
3,eyes_open,32,0.046216012993450205
3,eyes_open,32.5,0.04485814425403452
3,eyes_open,33,0.041297454764350705
3,eyes_open,33.5,0.03815474507714462
3,eyes_open,34,0.037293226973253615
3,eyes_open,34.5,0.03177049833860756
3,eyes_open,35,0.028959007989769376
3,eyes_open,35.5,0.02678251626442819
3,eyes_open,36,0.02753680198949965
3,eyes_open,36.5,0.025260533919435165
3,eyes_open,37,0.022404945477723703
3,eyes_open,37.5,0.02216011939454783
3,eyes_open,38,0.019646044168605523
3,eyes_open,38.5,0.018636511245125408
3,eyes_open,39,0.016161198159438422
3,eyes_open,39.5,0.015830207010256527
3,eyes_open,40,0.01489067169429046
3,eyes_open,40.5,0.013585927672026469
3,eyes_open,41,0.013359378341511413
3,eyes_open,41.5,0.013408265264184628
3,eyes_open,42,0.01149852962715462
3,eyes_open,42.5,0.00996629397963806
3,eyes_open,43,0.009297491525060554
3,eyes_open,43.5,0.009073489208444918
3,eyes_open,44,0.008825147748465358
3,eyes_open,44.5,0.0077081994461683095
3,eyes_open,45,0.006972849734555134
4,eyes_closed,1,12.763179677134271
4,eyes_closed,1.5,8.211041308048351
4,eyes_closed,2,5.923042876576233
4,eyes_closed,2.5,4.3852059731262285
4,eyes_closed,3,3.8978467047138365
4,eyes_closed,3.5,4.092058604593722
4,eyes_closed,4,4.445981363324176
4,eyes_closed,4.5,4.405379939538122
4,eyes_closed,5,4.613808072627516
4,eyes_closed,5.5,4.992087541274037
4,eyes_closed,6,5.925912681333231
4,eyes_closed,6.5,6.096640565890321
4,eyes_closed,7,6.278936231825015
4,eyes_closed,7.5,8.345244694393726
4,eyes_closed,8,11.553176519589991
4,eyes_closed,8.5,15.541366511326409
4,eyes_closed,9,21.58147993863443
4,eyes_closed,9.5,32.10424860507387
4,eyes_closed,10,53.7300588393548
4,eyes_closed,10.5,86.19032192270653
4,eyes_closed,11,71.90898840920447
4,eyes_closed,11.5,26.466751688990335
4,eyes_closed,12,10.306235843770647
4,eyes_closed,12.5,5.889058701711609
4,eyes_closed,13,4.02501624130642
4,eyes_closed,13.5,2.9176605898436083
4,eyes_closed,14,2.577775975446397
4,eyes_closed,14.5,2.3380353565458423
4,eyes_closed,15,2.1152795313701085
4,eyes_closed,15.5,1.878688183883207
4,eyes_closed,16,1.8147751122612192
4,eyes_closed,16.5,1.5749957458537696
4,eyes_closed,17,1.5532679556042313
4,eyes_closed,17.5,1.5323925519770363
4,eyes_closed,18,1.5367194368178696
4,eyes_closed,18.5,1.3959611270932555
4,eyes_closed,19,1.2733064477105098
4,eyes_closed,19.5,1.239020953810022
4,eyes_closed,20,1.2677786534811801
4,eyes_closed,20.5,1.2767995485274382
4,eyes_closed,21,1.2217229295191734
4,eyes_closed,21.5,1.1221482579014648
4,eyes_closed,22,0.870712641257968
4,eyes_closed,22.5,0.6445631855205235
4,eyes_closed,23,0.48523508720706154
4,eyes_closed,23.5,0.3974819627438107
4,eyes_closed,24,0.3392162561903084
4,eyes_closed,24.5,0.2828515427749411
4,eyes_closed,25,0.24992435887851697
4,eyes_closed,25.5,0.23453739494604273
4,eyes_closed,26,0.20500667347363313
4,eyes_closed,26.5,0.18865710065305133
4,eyes_closed,27,0.18598696312068494
4,eyes_closed,27.5,0.16546822899356456
4,eyes_closed,28,0.14111655752112556
4,eyes_closed,28.5,0.1375733612098317
4,eyes_closed,29,0.1206379403570669
4,eyes_closed,29.5,0.1122890637571582
4,eyes_closed,30,0.10265282533571206
4,eyes_closed,30.5,0.09246301508104762
4,eyes_closed,31,0.08375002473053064
4,eyes_closed,31.5,0.07923676471408157
4,eyes_closed,32,0.0695370034656608
4,eyes_closed,32.5,0.06089007732482621
4,eyes_closed,33,0.05670129871995347
4,eyes_closed,33.5,0.05311289209875042
4,eyes_closed,34,0.0478075642114093
4,eyes_closed,34.5,0.040807404822956576
4,eyes_closed,35,0.038304775813914116
4,eyes_closed,35.5,0.030817492554013132
4,eyes_closed,36,0.027752340724462175
4,eyes_closed,36.5,0.026751958222256032
4,eyes_closed,37,0.024771063768101093
4,eyes_closed,37.5,0.02181707827628921
4,eyes_closed,38,0.019474686310165114
4,eyes_closed,38.5,0.018195365494720048
4,eyes_closed,39,0.016306546552271744
4,eyes_closed,39.5,0.016003346332622608
4,eyes_closed,40,0.014120033650968193
4,eyes_closed,40.5,0.012799656579936102
4,eyes_closed,41,0.012431811671902502
4,eyes_closed,41.5,0.011374204434597204
4,eyes_closed,42,0.010034441202569098
4,eyes_closed,42.5,0.00978298816574478
4,eyes_closed,43,0.008077999307210166
4,eyes_closed,43.5,0.00793951203565221
4,eyes_closed,44,0.007517039426765342
4,eyes_closed,44.5,0.006829859468475347
4,eyes_closed,45,0.005982733571346126
4,eyes_open,1,12.789111245837312
4,eyes_open,1.5,7.159685789316281
4,eyes_open,2,4.652937973055896
4,eyes_open,2.5,3.3689212958665875
4,eyes_open,3,3.0257436070521035
4,eyes_open,3.5,3.002025417573862
4,eyes_open,4,3.0224779527064762
4,eyes_open,4.5,3.2428239123121267
4,eyes_open,5,3.511481771711794
4,eyes_open,5.5,4.0319173960774775
4,eyes_open,6,4.725247528898643
4,eyes_open,6.5,4.412631259204641
4,eyes_open,7,3.9429783982112383
4,eyes_open,7.5,4.062960425235002
4,eyes_open,8,4.910957598196116
4,eyes_open,8.5,6.995882153846227
4,eyes_open,9,10.270455818151307
4,eyes_open,9.5,24.502488521930584
4,eyes_open,10,45.50276129594848
4,eyes_open,10.5,33.25801332035605
4,eyes_open,11,13.174050343054038
4,eyes_open,11.5,5.880861677435048
4,eyes_open,12,3.8348791609474975
4,eyes_open,12.5,3.04350442894251
4,eyes_open,13,2.627653671135809
4,eyes_open,13.5,2.3071472322297417
4,eyes_open,14,2.100892870733071
4,eyes_open,14.5,1.7929789772255131
4,eyes_open,15,1.6297649734766826
4,eyes_open,15.5,1.4465348579966857
4,eyes_open,16,1.2916776460008674
4,eyes_open,16.5,1.1537733907706476
4,eyes_open,17,1.0647404944429715
4,eyes_open,17.5,0.9930118907335009
4,eyes_open,18,0.9515690513761658
4,eyes_open,18.5,0.9320725007405952
4,eyes_open,19,1.0530273945656092
4,eyes_open,19.5,1.1872668189425708
4,eyes_open,20,1.2400012168688443
4,eyes_open,20.5,1.03541167169211
4,eyes_open,21,0.7025968602589868
4,eyes_open,21.5,0.4747168879600389
4,eyes_open,22,0.3747976922088214
4,eyes_open,22.5,0.32125417206598844
4,eyes_open,23,0.29328768693252144
4,eyes_open,23.5,0.274772827343513
4,eyes_open,24,0.2585105562560448
4,eyes_open,24.5,0.23475256493313695
4,eyes_open,25,0.2147056814298338
4,eyes_open,25.5,0.18538853284914608
4,eyes_open,26,0.16668877005223856
4,eyes_open,26.5,0.15862166972690037
4,eyes_open,27,0.14185849554350555
4,eyes_open,27.5,0.1304156947468978
4,eyes_open,28,0.12167776160805202
4,eyes_open,28.5,0.1094282610965673
4,eyes_open,29,0.09766175923149194
4,eyes_open,29.5,0.0870352156406914
4,eyes_open,30,0.08732826353946939
4,eyes_open,30.5,0.07880828913415686
4,eyes_open,31,0.06716783132482632
4,eyes_open,31.5,0.06268781461570525
4,eyes_open,32,0.0554021552930668
4,eyes_open,32.5,0.04711154018406713
4,eyes_open,33,0.043960915567075334
4,eyes_open,33.5,0.04211150316910575
4,eyes_open,34,0.03730386111618695
4,eyes_open,34.5,0.03453801284157437
4,eyes_open,35,0.03181714119541628
4,eyes_open,35.5,0.030033814406572087
4,eyes_open,36,0.0269406918978512
4,eyes_open,36.5,0.02464012785041094
4,eyes_open,37,0.023885302622624966
4,eyes_open,37.5,0.02091179549002702
4,eyes_open,38,0.019543316522615827
4,eyes_open,38.5,0.01733705129766251
4,eyes_open,39,0.015728850665077912
4,eyes_open,39.5,0.015579301486249702
4,eyes_open,40,0.01447447195702634
4,eyes_open,40.5,0.013660326257097738
4,eyes_open,41,0.012211933489988797
4,eyes_open,41.5,0.011363745159819236
4,eyes_open,42,0.010652917885370638
4,eyes_open,42.5,0.009442493092057146
4,eyes_open,43,0.008472119361235745
4,eyes_open,43.5,0.007841396686333017
4,eyes_open,44,0.007284350503418405
4,eyes_open,44.5,0.006890351707978062
4,eyes_open,45,0.006162702411186035
5,eyes_closed,1,4.745688926845008
5,eyes_closed,1.5,2.8684510249331465
5,eyes_closed,2,1.849166590749654
5,eyes_closed,2.5,1.5530236505602018
5,eyes_closed,3,1.2968715795850017
5,eyes_closed,3.5,1.0644447945265127
5,eyes_closed,4,0.8741198320763834
5,eyes_closed,4.5,0.7476790654035667
5,eyes_closed,5,0.7370839913252326
5,eyes_closed,5.5,0.8205432633837664
5,eyes_closed,6,0.8027293673779683
5,eyes_closed,6.5,0.8612242641383541
5,eyes_closed,7,0.9928682781067917
5,eyes_closed,7.5,1.1448585067698303
5,eyes_closed,8,1.5764274662648106
5,eyes_closed,8.5,2.551652227995661
5,eyes_closed,9,3.3191681148323147
5,eyes_closed,9.5,4.833512569364117
5,eyes_closed,10,6.817731309194321
5,eyes_closed,10.5,8.929191858918514
5,eyes_closed,11,9.3518045861929
5,eyes_closed,11.5,8.625729873682225
5,eyes_closed,12,5.99235174443332
5,eyes_closed,12.5,3.217250903211539
5,eyes_closed,13,1.7952924789320834
5,eyes_closed,13.5,0.9840236213982116
5,eyes_closed,14,0.7480750139677605
5,eyes_closed,14.5,0.6046898195603234
5,eyes_closed,15,0.5308971934657445
5,eyes_closed,15.5,0.5322832197727176
5,eyes_closed,16,0.5249469733603901
5,eyes_closed,16.5,0.5160888929263082
5,eyes_closed,17,0.5281889572713929
5,eyes_closed,17.5,0.5770363367513265
5,eyes_closed,18,0.5480731223588258
5,eyes_closed,18.5,0.5574591186284237
5,eyes_closed,19,0.5561262867178476
5,eyes_closed,19.5,0.5528807143148284
5,eyes_closed,20,0.5869033454714176
5,eyes_closed,20.5,0.5895732112202479
5,eyes_closed,21,0.5381863871960286
5,eyes_closed,21.5,0.5199246353005909
5,eyes_closed,22,0.5064607903747611
5,eyes_closed,22.5,0.46400719955584213
5,eyes_closed,23,0.3991691298472684
5,eyes_closed,23.5,0.36712619142902947
5,eyes_closed,24,0.2948941390033946
5,eyes_closed,24.5,0.23482596023201516
5,eyes_closed,25,0.20941939811324373
5,eyes_closed,25.5,0.18271164206150395
5,eyes_closed,26,0.1554001589284275
5,eyes_closed,26.5,0.13158652006158833
5,eyes_closed,27,0.11269368385449052
5,eyes_closed,27.5,0.10151348225316796
5,eyes_closed,28,0.08327489835545217
5,eyes_closed,28.5,0.07352507379209111
5,eyes_closed,29,0.07305460602315009
5,eyes_closed,29.5,0.06266213082460796
5,eyes_closed,30,0.055811150110092043
5,eyes_closed,30.5,0.046503265483968624
5,eyes_closed,31,0.041905148949302744
5,eyes_closed,31.5,0.03935313950909233
5,eyes_closed,32,0.034627408927644744
5,eyes_closed,32.5,0.03149679236645889
5,eyes_closed,33,0.02727808407203238
5,eyes_closed,33.5,0.023566903888973614
5,eyes_closed,34,0.02153331546435106
5,eyes_closed,34.5,0.018773394647879468
5,eyes_closed,35,0.016301849266691263
5,eyes_closed,35.5,0.014772984303015352
5,eyes_closed,36,0.01251463987574052
5,eyes_closed,36.5,0.011515303816279318
5,eyes_closed,37,0.010268610925407592
5,eyes_closed,37.5,0.009234368952294994
5,eyes_closed,38,0.008713063428303872
5,eyes_closed,38.5,0.00744382713477983
5,eyes_closed,39,0.006495655012920112
5,eyes_closed,39.5,0.006451371650877453
5,eyes_closed,40,0.006113216074897887
5,eyes_closed,40.5,0.005658737437103007
5,eyes_closed,41,0.005151640437854287
5,eyes_closed,41.5,0.004827134430220722
5,eyes_closed,42,0.004134166541869638
5,eyes_closed,42.5,0.003576933866987772
5,eyes_closed,43,0.0032849064482196803
5,eyes_closed,43.5,0.0030948114757447585
5,eyes_closed,44,0.0028595320354460603
5,eyes_closed,44.5,0.0026448205999365115
5,eyes_closed,45,0.0023535716235136275
5,eyes_open,1,4.226039225906913
5,eyes_open,1.5,2.6613127611070184
5,eyes_open,2,1.7432823825386319
5,eyes_open,2.5,1.3797913332712288
5,eyes_open,3,1.2263407277260439
5,eyes_open,3.5,1.0721238620345859
5,eyes_open,4,0.9050935089669944
5,eyes_open,4.5,0.7052295498241463
5,eyes_open,5,0.6465762755935214
5,eyes_open,5.5,0.632140490602385
5,eyes_open,6,0.6352504008658153
5,eyes_open,6.5,0.6521680370470632
5,eyes_open,7,0.6440437690054643
5,eyes_open,7.5,0.7058353338990975
5,eyes_open,8,0.9256643351454135
5,eyes_open,8.5,1.6041705607126873
5,eyes_open,9,2.97826842098802
5,eyes_open,9.5,3.9968744056671697
5,eyes_open,10,3.701451680355566
5,eyes_open,10.5,2.67028026278725
5,eyes_open,11,1.901434282729616
5,eyes_open,11.5,1.5146539734145514
5,eyes_open,12,1.151723737821814
5,eyes_open,12.5,0.9099182242438014
5,eyes_open,13,0.7247355740769605
5,eyes_open,13.5,0.5392210634673548
5,eyes_open,14,0.4721111679097083
5,eyes_open,14.5,0.4324833354477557
5,eyes_open,15,0.40657560825800354
5,eyes_open,15.5,0.4198350004198755
5,eyes_open,16,0.3889697648891618
5,eyes_open,16.5,0.41333251903664925
5,eyes_open,17,0.412585701221467
5,eyes_open,17.5,0.4259556438375038
5,eyes_open,18,0.46427406604578636
5,eyes_open,18.5,0.5154389537144382
5,eyes_open,19,0.5167434306318278
5,eyes_open,19.5,0.46788012412977265
5,eyes_open,20,0.42011868943928
5,eyes_open,20.5,0.3842840253784583
5,eyes_open,21,0.3336919844977656
5,eyes_open,21.5,0.30863977264731496
5,eyes_open,22,0.28679234468761705
5,eyes_open,22.5,0.24809455930785465
5,eyes_open,23,0.2185340981618879
5,eyes_open,23.5,0.2052830538208466
5,eyes_open,24,0.18737299512653444
5,eyes_open,24.5,0.17305792872099032
5,eyes_open,25,0.15626780987625477
5,eyes_open,25.5,0.14135975629271463
5,eyes_open,26,0.12086146718847206
5,eyes_open,26.5,0.1136155869896414
5,eyes_open,27,0.1040158345125199
5,eyes_open,27.5,0.08290933861575996
5,eyes_open,28,0.0708251391958343
5,eyes_open,28.5,0.06122474232436792
5,eyes_open,29,0.05478576936824146
5,eyes_open,29.5,0.04804825805342276
5,eyes_open,30,0.04211397398546156
5,eyes_open,30.5,0.037360237008874864
5,eyes_open,31,0.032197251642976925
5,eyes_open,31.5,0.03150257970755694
5,eyes_open,32,0.02833828703627212
5,eyes_open,32.5,0.02558338131778185
5,eyes_open,33,0.02282107378794114
5,eyes_open,33.5,0.019559265761071393
5,eyes_open,34,0.01892180506528437
5,eyes_open,34.5,0.01792039315934007
5,eyes_open,35,0.016688987288830195
5,eyes_open,35.5,0.014826372686828657
5,eyes_open,36,0.013929881667410623
5,eyes_open,36.5,0.012488470810995281
5,eyes_open,37,0.011665377087470681
5,eyes_open,37.5,0.01073482606966543
5,eyes_open,38,0.010511836643605124
5,eyes_open,38.5,0.00930169883984845
5,eyes_open,39,0.008586203785652734
5,eyes_open,39.5,0.00794536432115875
5,eyes_open,40,0.006688693649293953
5,eyes_open,40.5,0.006358362932941956
5,eyes_open,41,0.005991654113442104
5,eyes_open,41.5,0.005423549397629906
5,eyes_open,42,0.00480886584727986
5,eyes_open,42.5,0.004641749863875118
5,eyes_open,43,0.004555828020254548
5,eyes_open,43.5,0.004174430407484229
5,eyes_open,44,0.0037844246458906255
5,eyes_open,44.5,0.0034950413690470012
5,eyes_open,45,0.0032468932687034677
10,eyes_closed,1,6.572085478731794
10,eyes_closed,1.5,3.6097902632381254
10,eyes_closed,2,2.329692323220317
10,eyes_closed,2.5,1.699524206048737
10,eyes_closed,3,1.423994136312295
10,eyes_closed,3.5,1.4355852352511784
10,eyes_closed,4,1.4113892713349219
10,eyes_closed,4.5,1.2766469398538636
10,eyes_closed,5,1.3553886995347741
10,eyes_closed,5.5,1.509150702347451
10,eyes_closed,6,1.683850531371435
10,eyes_closed,6.5,2.1811380070302713
10,eyes_closed,7,2.5851068929464227
10,eyes_closed,7.5,3.46580094699801
10,eyes_closed,8,5.769929276228007
10,eyes_closed,8.5,9.861883823522371
10,eyes_closed,9,21.07337911921434
10,eyes_closed,9.5,59.5357413062821
10,eyes_closed,10,90.96549714567603
10,eyes_closed,10.5,54.624671261841044
10,eyes_closed,11,19.560425762183115
10,eyes_closed,11.5,5.660694602688311
10,eyes_closed,12,2.5965085862052417
10,eyes_closed,12.5,1.9272970835134273
10,eyes_closed,13,1.6480430131157564
10,eyes_closed,13.5,1.5695331006472624
10,eyes_closed,14,1.5303985416918986
10,eyes_closed,14.5,1.625635857137421
10,eyes_closed,15,1.662470397597253
10,eyes_closed,15.5,1.9291731438842012
10,eyes_closed,16,2.1257796980511596
10,eyes_closed,16.5,2.3471480205906365
10,eyes_closed,17,2.3624495832831407
10,eyes_closed,17.5,2.1788117239127684
10,eyes_closed,18,2.0583448145883456
10,eyes_closed,18.5,1.9976982978520057
10,eyes_closed,19,2.309097731724683
10,eyes_closed,19.5,2.597548686838934
10,eyes_closed,20,2.45838839718865
10,eyes_closed,20.5,1.9669685825452932
10,eyes_closed,21,1.2091803155572045
10,eyes_closed,21.5,0.7581302440530598
10,eyes_closed,22,0.5149721733895666
10,eyes_closed,22.5,0.3474726779496351
10,eyes_closed,23,0.2759480860103009
10,eyes_closed,23.5,0.24287782888532636
10,eyes_closed,24,0.2118735493268771
10,eyes_closed,24.5,0.19995141004672623
10,eyes_closed,25,0.20535961749005083
10,eyes_closed,25.5,0.19071440520448052
10,eyes_closed,26,0.19023447786232295
10,eyes_closed,26.5,0.18593564730198978
10,eyes_closed,27,0.15633196421103518
10,eyes_closed,27.5,0.14861475597400156
10,eyes_closed,28,0.13896926581462007
10,eyes_closed,28.5,0.1306601942040248
10,eyes_closed,29,0.11917086325239686
10,eyes_closed,29.5,0.10854876594223356
10,eyes_closed,30,0.09184482491033782
10,eyes_closed,30.5,0.07562201964319287
10,eyes_closed,31,0.06584119359540243
10,eyes_closed,31.5,0.0540673040789193
10,eyes_closed,32,0.044134127269835906
10,eyes_closed,32.5,0.039712108068823644
10,eyes_closed,33,0.03509893495739997
10,eyes_closed,33.5,0.033121722426688316
10,eyes_closed,34,0.0295365010263206
10,eyes_closed,34.5,0.0251683012166049
10,eyes_closed,35,0.022857712667663864
10,eyes_closed,35.5,0.020492902169662812
10,eyes_closed,36,0.018720622815692464
10,eyes_closed,36.5,0.01716377218331889
10,eyes_closed,37,0.017311744762438765
10,eyes_closed,37.5,0.015365260600758074
10,eyes_closed,38,0.014715649399538696
10,eyes_closed,38.5,0.013857216558832049
10,eyes_closed,39,0.013275301195501589
10,eyes_closed,39.5,0.012291264921490522
10,eyes_closed,40,0.01038958766501217
10,eyes_closed,40.5,0.009492250720992182
10,eyes_closed,41,0.008786748950680547
10,eyes_closed,41.5,0.00761667655191518
10,eyes_closed,42,0.006241912617191077
10,eyes_closed,42.5,0.005658336952526894
10,eyes_closed,43,0.005256382272166073
10,eyes_closed,43.5,0.004926696102330911
10,eyes_closed,44,0.004155075512415949
10,eyes_closed,44.5,0.0037019717697784117
10,eyes_closed,45,0.003390175433911706
10,eyes_open,1,6.399097242761812
10,eyes_open,1.5,3.4888675846340944
10,eyes_open,2,2.0240313843268964
10,eyes_open,2.5,1.2479129721301638
10,eyes_open,3,0.9789958462252737
10,eyes_open,3.5,0.894311488120994
10,eyes_open,4,0.8365295675580231
10,eyes_open,4.5,0.7736778433027393
10,eyes_open,5,0.7588457259006596
10,eyes_open,5.5,0.6982016038589217
10,eyes_open,6,0.7274675660407449
10,eyes_open,6.5,0.801704397842913
10,eyes_open,7,0.934757343759975
10,eyes_open,7.5,1.0643949670821302
10,eyes_open,8,1.3295561576976378
10,eyes_open,8.5,2.227139293832457
10,eyes_open,9,4.9511699746322675
10,eyes_open,9.5,10.400953848630776
10,eyes_open,10,14.476277488402976
10,eyes_open,10.5,7.791510759743256
10,eyes_open,11,2.084380254402996
10,eyes_open,11.5,1.1261947149794438
10,eyes_open,12,1.0190250789442938
10,eyes_open,12.5,0.9747667484571948
10,eyes_open,13,0.9104927432433153
10,eyes_open,13.5,1.0125748040211726
10,eyes_open,14,1.1259515778479416
10,eyes_open,14.5,1.1724921955988938
10,eyes_open,15,1.1718836773334809
10,eyes_open,15.5,1.2386935796131293
10,eyes_open,16,1.340815641550901
10,eyes_open,16.5,1.4046098947165093
10,eyes_open,17,1.2986615238928028
10,eyes_open,17.5,1.27066664618114
10,eyes_open,18,1.2311820992059561
10,eyes_open,18.5,1.0045010082481374
10,eyes_open,19,0.8812377182591038
10,eyes_open,19.5,0.7928234966809323
10,eyes_open,20,0.7356446285717537
10,eyes_open,20.5,0.62205209855872
10,eyes_open,21,0.5022557159291323
10,eyes_open,21.5,0.37430560079885283
10,eyes_open,22,0.26757599637434304
10,eyes_open,22.5,0.20189104877645847
10,eyes_open,23,0.1637778464611844
10,eyes_open,23.5,0.13825808786532295
10,eyes_open,24,0.13468357582919147
10,eyes_open,24.5,0.12430225257691446
10,eyes_open,25,0.11066463699966932
10,eyes_open,25.5,0.10283869654664887
10,eyes_open,26,0.09721401209721346
10,eyes_open,26.5,0.09257605056765035
10,eyes_open,27,0.08664449052948825
10,eyes_open,27.5,0.07822041070754664
10,eyes_open,28,0.07296647921052972
10,eyes_open,28.5,0.07061883447513799
10,eyes_open,29,0.06656752320505394
10,eyes_open,29.5,0.06274714194919236
10,eyes_open,30,0.056635373036541876
10,eyes_open,30.5,0.05330708230352557
10,eyes_open,31,0.04988549736897731
10,eyes_open,31.5,0.044607568758609946
10,eyes_open,32,0.038698847173340795
10,eyes_open,32.5,0.03168966678758934
10,eyes_open,33,0.0277653057235102
10,eyes_open,33.5,0.024977513486114364
10,eyes_open,34,0.023806083710896774
10,eyes_open,34.5,0.021448488992895375
10,eyes_open,35,0.018811457080500422
10,eyes_open,35.5,0.017812439074590923
10,eyes_open,36,0.01662405670857992
10,eyes_open,36.5,0.014283070612224094
10,eyes_open,37,0.013468632511858269
10,eyes_open,37.5,0.012794138937737076
10,eyes_open,38,0.012056853133947094
10,eyes_open,38.5,0.011446106386612646
10,eyes_open,39,0.010347870873874718
10,eyes_open,39.5,0.009109723282646148
10,eyes_open,40,0.00817876268005398
10,eyes_open,40.5,0.007670208187751336
10,eyes_open,41,0.007234545984341101
10,eyes_open,41.5,0.006602328554193488
10,eyes_open,42,0.006267200132371874
10,eyes_open,42.5,0.0054952455403627625
10,eyes_open,43,0.004934815000946261
10,eyes_open,43.5,0.004892808851590777
10,eyes_open,44,0.004321278774126747
10,eyes_open,44.5,0.003898611589322649
10,eyes_open,45,0.00382834415135082
11,eyes_closed,1,3.692941821636003
11,eyes_closed,1.5,1.930707647936603
11,eyes_closed,2,1.3327331566289244
11,eyes_closed,2.5,0.95849451220105375
11,eyes_closed,3,0.8208743735016134
11,eyes_closed,3.5,0.7472621914734714
11,eyes_closed,4,0.6871683315169582
11,eyes_closed,4.5,0.6407951104452593
11,eyes_closed,5,0.6738013141895838
11,eyes_closed,5.5,0.9536840505965283
11,eyes_closed,6,1.1682065882803776
11,eyes_closed,6.5,0.7819353088807953
11,eyes_closed,7,0.6628435235263507
11,eyes_closed,7.5,0.653103268071392
11,eyes_closed,8,0.6945237999748204
11,eyes_closed,8.5,0.7406450375781733
11,eyes_closed,9,0.8633946677269277
11,eyes_closed,9.5,1.1048467225170673
11,eyes_closed,10,1.7943500449529097
11,eyes_closed,10.5,3.2007160348191857
11,eyes_closed,11,3.2862438508852967
11,eyes_closed,11.5,2.234671701195881
11,eyes_closed,12,1.5129011534187833
11,eyes_closed,12.5,1.3072444515961028
11,eyes_closed,13,1.1553257862189625
11,eyes_closed,13.5,0.8271205988722835
11,eyes_closed,14,0.6191148956083559
11,eyes_closed,14.5,0.45863025074016517
11,eyes_closed,15,0.37265175981771853
11,eyes_closed,15.5,0.3384457982728286
11,eyes_closed,16,0.31725303275754335
11,eyes_closed,16.5,0.2844189886984947
11,eyes_closed,17,0.2753814580446467
11,eyes_closed,17.5,0.26668964409962687
11,eyes_closed,18,0.24100756912036672
11,eyes_closed,18.5,0.22111457747190938
11,eyes_closed,19,0.2138748908643143
11,eyes_closed,19.5,0.2081713316722457
11,eyes_closed,20,0.20946563073558158
11,eyes_closed,20.5,0.22426617433070092
11,eyes_closed,21,0.24015320818806712
11,eyes_closed,21.5,0.2287132051456818
11,eyes_closed,22,0.21221978786566706
11,eyes_closed,22.5,0.19307349444432143
11,eyes_closed,23,0.15403611644306214
11,eyes_closed,23.5,0.12848572234383573
11,eyes_closed,24,0.11714338421975376
11,eyes_closed,24.5,0.10912635930915433
11,eyes_closed,25,0.10202678472827871
11,eyes_closed,25.5,0.09441568585441901
11,eyes_closed,26,0.09105986984584029
11,eyes_closed,26.5,0.07676706448096017
11,eyes_closed,27,0.0650763954665768
11,eyes_closed,27.5,0.06489618837803567
11,eyes_closed,28,0.06333177822986163
11,eyes_closed,28.5,0.05815898497931535
11,eyes_closed,29,0.053886976537682596
11,eyes_closed,29.5,0.052241215490398125
11,eyes_closed,30,0.05147390355892546
11,eyes_closed,30.5,0.04647752654298762
11,eyes_closed,31,0.042723524568171994
11,eyes_closed,31.5,0.040309092053922455
11,eyes_closed,32,0.03928271958052172
11,eyes_closed,32.5,0.03832311866518162
11,eyes_closed,33,0.03639256999038777
11,eyes_closed,33.5,0.034719198843086975
11,eyes_closed,34,0.033520224655415626
11,eyes_closed,34.5,0.031159586968672597
11,eyes_closed,35,0.029242689771599984
11,eyes_closed,35.5,0.02698455963609551
11,eyes_closed,36,0.024678799960529216
11,eyes_closed,36.5,0.021635878908814472
11,eyes_closed,37,0.02035747657061936
11,eyes_closed,37.5,0.018415769290674528
11,eyes_closed,38,0.017326233107072826
11,eyes_closed,38.5,0.015523756184211129
11,eyes_closed,39,0.013199952028094868
11,eyes_closed,39.5,0.012830338534893347
11,eyes_closed,40,0.012946252769108525
11,eyes_closed,40.5,0.013155107420439374
11,eyes_closed,41,0.012051614355704067
11,eyes_closed,41.5,0.011017251736247673
11,eyes_closed,42,0.009779199111879685
11,eyes_closed,42.5,0.008845250784764563
11,eyes_closed,43,0.008067651662070333
11,eyes_closed,43.5,0.0077435379574723505
11,eyes_closed,44,0.006889973809050216
11,eyes_closed,44.5,0.0062115620255538875
11,eyes_closed,45,0.005975388010743345
11,eyes_open,1,4.559542606726531
11,eyes_open,1.5,2.466990130077626
11,eyes_open,2,1.7467552603436245
11,eyes_open,2.5,1.3117308308807807
11,eyes_open,3,1.0959719450586294
11,eyes_open,3.5,1.016815883798842
11,eyes_open,4,0.8876210236207062
11,eyes_open,4.5,0.7167813790283156
11,eyes_open,5,0.666251678335007
11,eyes_open,5.5,0.6629653864682764
11,eyes_open,6,0.6733315324992059
11,eyes_open,6.5,0.6879872720750764
11,eyes_open,7,0.6734657992088325
11,eyes_open,7.5,0.719564373902596
11,eyes_open,8,0.7875779146866142
11,eyes_open,8.5,0.8796474856658165
11,eyes_open,9,1.094247983609372
11,eyes_open,9.5,1.7001392689181818
11,eyes_open,10,2.917209307708121
11,eyes_open,10.5,3.249633059166846
11,eyes_open,11,2.1503520788056556
11,eyes_open,11.5,1.3810739819025384
11,eyes_open,12,1.0017138644344021
11,eyes_open,12.5,0.7969946149331995
11,eyes_open,13,0.6728849917464503
11,eyes_open,13.5,0.5782421369528202
11,eyes_open,14,0.5206809529425547
11,eyes_open,14.5,0.4616063466249235
11,eyes_open,15,0.4190302760736162
11,eyes_open,15.5,0.40531338398292666
11,eyes_open,16,0.3619244928913575
11,eyes_open,16.5,0.32262087095396075
11,eyes_open,17,0.29406323696524683
11,eyes_open,17.5,0.280365361771189
11,eyes_open,18,0.2778137465186671
11,eyes_open,18.5,0.2681933552940225
11,eyes_open,19,0.2456599871962215
11,eyes_open,19.5,0.2188167753266095
11,eyes_open,20,0.21417338416889117
11,eyes_open,20.5,0.2142539703874512
11,eyes_open,21,0.2013379525817469
11,eyes_open,21.5,0.19575823393030797
11,eyes_open,22,0.1848289354996659
11,eyes_open,22.5,0.17834635733939325
11,eyes_open,23,0.15791675866582294
11,eyes_open,23.5,0.1425430723996773
11,eyes_open,24,0.13023898941421364
11,eyes_open,24.5,0.12006712870680268
11,eyes_open,25,0.1186566265537982
11,eyes_open,25.5,0.11214715850144949
11,eyes_open,26,0.10057959205091799
11,eyes_open,26.5,0.09093011919042789
11,eyes_open,27,0.08997430727046649
11,eyes_open,27.5,0.08205285981366088
11,eyes_open,28,0.07319341261533306
11,eyes_open,28.5,0.06880170788322709
11,eyes_open,29,0.06705289351171609
11,eyes_open,29.5,0.060997969123912615
11,eyes_open,30,0.057109723509283235
11,eyes_open,30.5,0.055483465284460805
11,eyes_open,31,0.053059172727285074
11,eyes_open,31.5,0.052401435941503136
11,eyes_open,32,0.04684814398744311
11,eyes_open,32.5,0.045797269288409104
11,eyes_open,33,0.04526904113042614
11,eyes_open,33.5,0.040142965083048474
11,eyes_open,34,0.03590363138844583
11,eyes_open,34.5,0.03434703436771014
11,eyes_open,35,0.032332475551672867
11,eyes_open,35.5,0.029170828536144326
11,eyes_open,36,0.027637121583434322
11,eyes_open,36.5,0.027223508053289828
11,eyes_open,37,0.025761794044777714
11,eyes_open,37.5,0.02434542977094922
11,eyes_open,38,0.020869996988728948
11,eyes_open,38.5,0.01876223666101035
11,eyes_open,39,0.018202285929539166
11,eyes_open,39.5,0.017068662591250297
11,eyes_open,40,0.01563937965889597
11,eyes_open,40.5,0.015034091756524036
11,eyes_open,41,0.013241102174997767
11,eyes_open,41.5,0.013612562422134081
11,eyes_open,42,0.0134467610157714
11,eyes_open,42.5,0.012068767010177003
11,eyes_open,43,0.01080578117249154
11,eyes_open,43.5,0.009788829623416586
11,eyes_open,44,0.00923625113651478
11,eyes_open,44.5,0.008877047698285973
11,eyes_open,45,0.008030205393333788
12,eyes_closed,1,7.324707927000516
12,eyes_closed,1.5,4.990223141029733
12,eyes_closed,2,3.5406439439487665
12,eyes_closed,2.5,2.348642856841855
12,eyes_closed,3,1.8450134977594068
12,eyes_closed,3.5,1.5224812838598254
12,eyes_closed,4,1.4048809161867832
12,eyes_closed,4.5,1.3002899739952796
12,eyes_closed,5,1.2787777292036273
12,eyes_closed,5.5,1.2627146875478175
12,eyes_closed,6,1.1818118651137213
12,eyes_closed,6.5,1.084585670615529
12,eyes_closed,7,1.0478381112062964
12,eyes_closed,7.5,0.9720541599420348
12,eyes_closed,8,0.956742670450622
12,eyes_closed,8.5,0.9637652753085575
12,eyes_closed,9,0.8374587849572984
12,eyes_closed,9.5,0.8408338794992297
12,eyes_closed,10,0.8163857713667041
12,eyes_closed,10.5,0.7793049227945965
12,eyes_closed,11,0.7702495237683724
12,eyes_closed,11.5,0.7916154720897409
12,eyes_closed,12,0.8396534746044997
12,eyes_closed,12.5,0.9175294957595195
12,eyes_closed,13,0.830328543554895
12,eyes_closed,13.5,0.7090782952015814
12,eyes_closed,14,0.7127439970999052
12,eyes_closed,14.5,0.6911536776874013
12,eyes_closed,15,0.6389615921848605
12,eyes_closed,15.5,0.6391375164995154
12,eyes_closed,16,0.631621041164466
12,eyes_closed,16.5,0.6409951019989181
12,eyes_closed,17,0.6455302255141178
12,eyes_closed,17.5,0.6267905164775597
12,eyes_closed,18,0.6193405996313931
12,eyes_closed,18.5,0.5746763539905716
12,eyes_closed,19,0.5107965329378464
12,eyes_closed,19.5,0.48094335887212725
12,eyes_closed,20,0.4786571140240472
12,eyes_closed,20.5,0.4618414882771632
12,eyes_closed,21,0.4580011672625533
12,eyes_closed,21.5,0.44548858148795967
12,eyes_closed,22,0.4008368393023571
12,eyes_closed,22.5,0.38119094783868185
12,eyes_closed,23,0.37761682035235933
12,eyes_closed,23.5,0.35134247099107363
12,eyes_closed,24,0.31422337543693574
12,eyes_closed,24.5,0.2786347113385374
12,eyes_closed,25,0.2504489906073611
12,eyes_closed,25.5,0.22237798241573797
12,eyes_closed,26,0.19514573689163853
12,eyes_closed,26.5,0.1971430433530038
12,eyes_closed,27,0.1867830626680576
12,eyes_closed,27.5,0.16051014509681344
12,eyes_closed,28,0.14600313014024247
12,eyes_closed,28.5,0.1478531603195677
12,eyes_closed,29,0.13601386004499286
12,eyes_closed,29.5,0.12779470098326134
12,eyes_closed,30,0.1124841303215704
12,eyes_closed,30.5,0.10156071813016776
12,eyes_closed,31,0.09434695019989624
12,eyes_closed,31.5,0.08793063779438186
12,eyes_closed,32,0.08705617770611632
12,eyes_closed,32.5,0.08444312046827411
12,eyes_closed,33,0.07513319607863274
12,eyes_closed,33.5,0.07511823379755721
12,eyes_closed,34,0.07018684473877773
12,eyes_closed,34.5,0.06777458015053396
12,eyes_closed,35,0.06635353218421165
12,eyes_closed,35.5,0.06634148420767987
12,eyes_closed,36,0.06112794771920556
12,eyes_closed,36.5,0.05416035136057607
12,eyes_closed,37,0.051903196484751675
12,eyes_closed,37.5,0.04903584631397785
12,eyes_closed,38,0.043146834431053945
12,eyes_closed,38.5,0.041909859052681964
12,eyes_closed,39,0.03996032137370084
12,eyes_closed,39.5,0.035363832064755185
12,eyes_closed,40,0.03226848277010751
12,eyes_closed,40.5,0.03279292798372209
12,eyes_closed,41,0.03231985620922105
12,eyes_closed,41.5,0.030061801268347198
12,eyes_closed,42,0.027333225224887438
12,eyes_closed,42.5,0.02476102703248393
12,eyes_closed,43,0.02332293913628084
12,eyes_closed,43.5,0.02133137205548692
12,eyes_closed,44,0.020945880112433642
12,eyes_closed,44.5,0.0183225571183599
12,eyes_closed,45,0.016229926460877238
12,eyes_open,1,8.798156163393795
12,eyes_open,1.5,5.146253397566273
12,eyes_open,2,3.790847919842354
12,eyes_open,2.5,2.957632207339778
12,eyes_open,3,2.3043104201376172
12,eyes_open,3.5,1.9784963384698981
12,eyes_open,4,1.5585189916567905
12,eyes_open,4.5,1.5126389291627866
12,eyes_open,5,1.558844648515152
12,eyes_open,5.5,1.5626451497436376
12,eyes_open,6,1.4806909589552877
12,eyes_open,6.5,1.4880000466462768
12,eyes_open,7,1.3444339877670566
12,eyes_open,7.5,1.2475834351308104
12,eyes_open,8,1.2823003025411832
12,eyes_open,8.5,1.0963331983881437
12,eyes_open,9,1.0747775426229742
12,eyes_open,9.5,1.0311683926750967
12,eyes_open,10,0.9404943577182698
12,eyes_open,10.5,0.8360147112270928
12,eyes_open,11,0.8373901657179309
12,eyes_open,11.5,0.854510295878366
12,eyes_open,12,0.8671024621886337
12,eyes_open,12.5,0.883747106412279
12,eyes_open,13,0.9088587998579151
12,eyes_open,13.5,0.9403113054304226
12,eyes_open,14,0.9332709191151616
12,eyes_open,14.5,0.853540775522082
12,eyes_open,15,0.9144550578360222
12,eyes_open,15.5,0.8817284750522584
12,eyes_open,16,0.9056793457991303
12,eyes_open,16.5,0.9501827778525179
12,eyes_open,17,0.9280096389723432
12,eyes_open,17.5,0.8712927109620829
12,eyes_open,18,0.8776102499280536
12,eyes_open,18.5,0.8601376243823589
12,eyes_open,19,0.8710544194802756
12,eyes_open,19.5,0.8024491626945943
12,eyes_open,20,0.8071310238376048
12,eyes_open,20.5,0.7314839707447585
12,eyes_open,21,0.7171415521963418
12,eyes_open,21.5,0.6900349216033482
12,eyes_open,22,0.5999555795757303
12,eyes_open,22.5,0.6511276638938592
12,eyes_open,23,0.5884659489183419
12,eyes_open,23.5,0.5533152256878374
12,eyes_open,24,0.522700267945181
12,eyes_open,24.5,0.4968559328335611
12,eyes_open,25,0.4819205473732288
12,eyes_open,25.5,0.4509936145062619
12,eyes_open,26,0.42398927765173505
12,eyes_open,26.5,0.3950842271133804
12,eyes_open,27,0.37494543341588915
12,eyes_open,27.5,0.3874414063621405
12,eyes_open,28,0.3220775035052912
12,eyes_open,28.5,0.29117327124401
12,eyes_open,29,0.29860905949225647
12,eyes_open,29.5,0.29557334641135874
12,eyes_open,30,0.2862318983616593
12,eyes_open,30.5,0.27668729832865346
12,eyes_open,31,0.2536515151526755
12,eyes_open,31.5,0.24648210196171116
12,eyes_open,32,0.2296976470987581
12,eyes_open,32.5,0.20263253220990465
12,eyes_open,33,0.20633051605581293
12,eyes_open,33.5,0.20693842259245995
12,eyes_open,34,0.19824049667540447
12,eyes_open,34.5,0.1773343496725834
12,eyes_open,35,0.1787383239647351
12,eyes_open,35.5,0.19000943781254848
12,eyes_open,36,0.16386163711188342
12,eyes_open,36.5,0.14261797976049537
12,eyes_open,37,0.12601242646386834
12,eyes_open,37.5,0.12980851476529093
12,eyes_open,38,0.12510162555318316
12,eyes_open,38.5,0.1207572358665318
12,eyes_open,39,0.11500810189421233
12,eyes_open,39.5,0.10458604678724508
12,eyes_open,40,0.09433173134922275
12,eyes_open,40.5,0.09588608485399222
12,eyes_open,41,0.0898515900246617
12,eyes_open,41.5,0.08324193633188165
12,eyes_open,42,0.07593456760133098
12,eyes_open,42.5,0.07116282752876943
12,eyes_open,43,0.061961252317995735
12,eyes_open,43.5,0.0578787414948638
12,eyes_open,44,0.05989547167136635
12,eyes_open,44.5,0.056215405828388736
12,eyes_open,45,0.04666378830453061
13,eyes_closed,1,6.258488628648636
13,eyes_closed,1.5,3.656473514162769
13,eyes_closed,2,2.4390510249568025
13,eyes_closed,2.5,1.9741195837138172
13,eyes_closed,3,1.6415697147053194
13,eyes_closed,3.5,1.4054754068710682
13,eyes_closed,4,1.282579118038975
13,eyes_closed,4.5,1.1646908967160365
13,eyes_closed,5,1.144149616691924
13,eyes_closed,5.5,1.0460964092582088
13,eyes_closed,6,1.0036020272065138
13,eyes_closed,6.5,0.9707876614802823
13,eyes_closed,7,1.048292987355923
13,eyes_closed,7.5,1.1994854006000415
13,eyes_closed,8,1.4104285850591454
13,eyes_closed,8.5,2.0411956682428336
13,eyes_closed,9,3.1237968735821946
13,eyes_closed,9.5,5.511002434671588
13,eyes_closed,10,9.606843318250663
13,eyes_closed,10.5,13.510520249151874
13,eyes_closed,11,11.88369993108299
13,eyes_closed,11.5,5.917414534731251
13,eyes_closed,12,3.046199514702919
13,eyes_closed,12.5,2.0204487430494624
13,eyes_closed,13,1.3969966227911952
13,eyes_closed,13.5,1.1743746070787493
13,eyes_closed,14,1.067670666846554
13,eyes_closed,14.5,0.9459672511929388
13,eyes_closed,15,0.8790340258581248
13,eyes_closed,15.5,0.821897569570196
13,eyes_closed,16,0.8386671596621545
13,eyes_closed,16.5,0.887208844296459
13,eyes_closed,17,0.8878574911902707
13,eyes_closed,17.5,0.8611487591280383
13,eyes_closed,18,0.8101714215920074
13,eyes_closed,18.5,0.7935321118372862
13,eyes_closed,19,0.8251095251168926
13,eyes_closed,19.5,0.8685261788335931
13,eyes_closed,20,0.7995300641184819
13,eyes_closed,20.5,0.7948132633972672
13,eyes_closed,21,0.8182985202707976
13,eyes_closed,21.5,0.7421822061711185
13,eyes_closed,22,0.6167448932686754
13,eyes_closed,22.5,0.6179144379967457
13,eyes_closed,23,0.5702855839261884
13,eyes_closed,23.5,0.5081689883553347
13,eyes_closed,24,0.47766274767909767
13,eyes_closed,24.5,0.464202252716801
13,eyes_closed,25,0.4211438911415572
13,eyes_closed,25.5,0.40266671000110804
13,eyes_closed,26,0.37407583426637675
13,eyes_closed,26.5,0.3526934789263345
13,eyes_closed,27,0.34728381893914595
13,eyes_closed,27.5,0.35681982740832696
13,eyes_closed,28,0.31997096216898885
13,eyes_closed,28.5,0.29247769463008916
13,eyes_closed,29,0.31412030735908403
13,eyes_closed,29.5,0.34983272483878686
13,eyes_closed,30,0.3267554538077165
13,eyes_closed,30.5,0.3155410288449149
13,eyes_closed,31,0.29394189731980036
13,eyes_closed,31.5,0.26912261780209445
13,eyes_closed,32,0.2548353221569201
13,eyes_closed,32.5,0.24021983999906008
13,eyes_closed,33,0.21130685753884695
13,eyes_closed,33.5,0.1998381942149144
13,eyes_closed,34,0.1882205679806732
13,eyes_closed,34.5,0.18097058792605278
13,eyes_closed,35,0.17056442361826882
13,eyes_closed,35.5,0.17727905189358245
13,eyes_closed,36,0.17509249612855965
13,eyes_closed,36.5,0.1499057830338842
13,eyes_closed,37,0.13719603350040252
13,eyes_closed,37.5,0.14173017784583605
13,eyes_closed,38,0.1341220161511211
13,eyes_closed,38.5,0.11569377516883178
13,eyes_closed,39,0.10677183077863482
13,eyes_closed,39.5,0.10231029998054521
13,eyes_closed,40,0.0910651826806936
13,eyes_closed,40.5,0.08963153884669682
13,eyes_closed,41,0.08623119885834286
13,eyes_closed,41.5,0.07589550534361209
13,eyes_closed,42,0.0701100463244286
13,eyes_closed,42.5,0.06876014627851076
13,eyes_closed,43,0.059424007403848206
13,eyes_closed,43.5,0.057811828633412304
13,eyes_closed,44,0.056131838388773773
13,eyes_closed,44.5,0.05095507836312006
13,eyes_closed,45,0.046803112074618375
13,eyes_open,1,4.987408631759659
13,eyes_open,1.5,3.1176678828662343
13,eyes_open,2,2.3087849653961596
13,eyes_open,2.5,1.9440134811229268
13,eyes_open,3,1.5643776627408519
13,eyes_open,3.5,1.262554777750354
13,eyes_open,4,1.0406650707374419
13,eyes_open,4.5,0.969404042826344
13,eyes_open,5,0.995235453014655
13,eyes_open,5.5,0.9870886716097793
13,eyes_open,6,0.858416779680141
13,eyes_open,6.5,0.8126417907495534
13,eyes_open,7,0.9073602135450237
13,eyes_open,7.5,0.8945594685416081
13,eyes_open,8,0.9388384356127724
13,eyes_open,8.5,1.2687372938987787
13,eyes_open,9,1.8639140566217087
13,eyes_open,9.5,2.7619515922679
13,eyes_open,10,3.6961922591044334
13,eyes_open,10.5,4.344196797196082
13,eyes_open,11,3.626020194675608
13,eyes_open,11.5,2.468687777198033
13,eyes_open,12,1.7506807231455932
13,eyes_open,12.5,1.3844757671158836
13,eyes_open,13,1.2150725120387877
13,eyes_open,13.5,1.0955843334115396
13,eyes_open,14,1.0307972368965899
13,eyes_open,14.5,0.9306753075918978
13,eyes_open,15,0.9027475457455038
13,eyes_open,15.5,0.8869876685762321
13,eyes_open,16,0.8479555201480675
13,eyes_open,16.5,0.8224124287285205
13,eyes_open,17,0.8209557406678749
13,eyes_open,17.5,0.7787542142935021
13,eyes_open,18,0.7863832039351107
13,eyes_open,18.5,0.784542359356054
13,eyes_open,19,0.84517826279076
13,eyes_open,19.5,0.8843959031771895
13,eyes_open,20,0.8535067643925194
13,eyes_open,20.5,0.8036562392949091
13,eyes_open,21,0.801980392196407
13,eyes_open,21.5,0.7452286036493294
13,eyes_open,22,0.7622998093420092
13,eyes_open,22.5,0.7145858346822764
13,eyes_open,23,0.6131922201811709
13,eyes_open,23.5,0.5930732726033948
13,eyes_open,24,0.5896549766087329
13,eyes_open,24.5,0.5824992430880851
13,eyes_open,25,0.5644300177079818
13,eyes_open,25.5,0.5571752721531817
13,eyes_open,26,0.5265266219059054
13,eyes_open,26.5,0.4975146648878896
13,eyes_open,27,0.533170470593708
13,eyes_open,27.5,0.5404657783071765
13,eyes_open,28,0.46439473223079636
13,eyes_open,28.5,0.4229109927904601
13,eyes_open,29,0.4058178274893903
13,eyes_open,29.5,0.440482392658079
13,eyes_open,30,0.3815267082783971
13,eyes_open,30.5,0.34265754472109133
13,eyes_open,31,0.3597627121675446
13,eyes_open,31.5,0.34979208379016713
13,eyes_open,32,0.3226140295598955
13,eyes_open,32.5,0.30106507130550314
13,eyes_open,33,0.2844970775778489
13,eyes_open,33.5,0.2722663781766688
13,eyes_open,34,0.2640193547596725
13,eyes_open,34.5,0.23513666398622451
13,eyes_open,35,0.2489034155139906
13,eyes_open,35.5,0.23310291995050486
13,eyes_open,36,0.21154075436113956
13,eyes_open,36.5,0.20638255078529313
13,eyes_open,37,0.18649189675153566
13,eyes_open,37.5,0.17911904310145108
13,eyes_open,38,0.17103959580474415
13,eyes_open,38.5,0.15854069447594862
13,eyes_open,39,0.14428474425671506
13,eyes_open,39.5,0.13874539598800656
13,eyes_open,40,0.13167708948483958
13,eyes_open,40.5,0.12214585557451116
13,eyes_open,41,0.12021826457490747
13,eyes_open,41.5,0.11245053861416274
13,eyes_open,42,0.10697768198606321
13,eyes_open,42.5,0.08635261636279651
13,eyes_open,43,0.07555233898771258
13,eyes_open,43.5,0.0710500846986934
13,eyes_open,44,0.07648070370064294
13,eyes_open,44.5,0.07652972923533068
13,eyes_open,45,0.06611789298709153
14,eyes_closed,1,3.8838247057986757
14,eyes_closed,1.5,2.634626239252829
14,eyes_closed,2,1.2692264455878508
14,eyes_closed,2.5,1.09428347151821
14,eyes_closed,3,0.961220727811629
14,eyes_closed,3.5,0.7692292875795559
14,eyes_closed,4,0.6953591783278187
14,eyes_closed,4.5,0.679806259268305
14,eyes_closed,5,0.6919136738351226
14,eyes_closed,5.5,0.7304608798554248
14,eyes_closed,6,0.7508996796402183
14,eyes_closed,6.5,0.8530480878056551
14,eyes_closed,7,1.0446086180592888
14,eyes_closed,7.5,1.3684692888595462
14,eyes_closed,8,2.1705326588922005
14,eyes_closed,8.5,2.9302381440573746
14,eyes_closed,9,4.825960922325641
14,eyes_closed,9.5,10.331993061685711
14,eyes_closed,10,15.843650281180023
14,eyes_closed,10.5,14.558061592527686
14,eyes_closed,11,10.931181618492198
14,eyes_closed,11.5,7.140611002210826
14,eyes_closed,12,3.786838419802888
14,eyes_closed,12.5,1.9160747312806432
14,eyes_closed,13,0.9170431554366275
14,eyes_closed,13.5,0.609257312960941
14,eyes_closed,14,0.4757053498991008
14,eyes_closed,14.5,0.40634356764721763
14,eyes_closed,15,0.36082015268385614
14,eyes_closed,15.5,0.35627818950117474
14,eyes_closed,16,0.33495043006216013
14,eyes_closed,16.5,0.3368757575411002
14,eyes_closed,17,0.35585256000652854
14,eyes_closed,17.5,0.3822112217295187
14,eyes_closed,18,0.3836105615946195
14,eyes_closed,18.5,0.38498206306812627
14,eyes_closed,19,0.4253189716073991
14,eyes_closed,19.5,0.4776698723383946
14,eyes_closed,20,0.4698931627230173
14,eyes_closed,20.5,0.4315259063132489
14,eyes_closed,21,0.37820859048437444
14,eyes_closed,21.5,0.3242849519367145
14,eyes_closed,22,0.3045463934339966
14,eyes_closed,22.5,0.2968145501637604
14,eyes_closed,23,0.25784644766175696
14,eyes_closed,23.5,0.19923168399186644
14,eyes_closed,24,0.16250218667580546
14,eyes_closed,24.5,0.14206055519519128
14,eyes_closed,25,0.12182775802055358
14,eyes_closed,25.5,0.10958751899089057
14,eyes_closed,26,0.0946963353972986
14,eyes_closed,26.5,0.08587281318898593
14,eyes_closed,27,0.08202882157910524
14,eyes_closed,27.5,0.07563431336188933
14,eyes_closed,28,0.07263762572618619
14,eyes_closed,28.5,0.06976498200271972
14,eyes_closed,29,0.060992838773509105
14,eyes_closed,29.5,0.060584431694591406
14,eyes_closed,30,0.05857948445585854
14,eyes_closed,30.5,0.0507129390830867
14,eyes_closed,31,0.04401016729449918
14,eyes_closed,31.5,0.04233148887407433
14,eyes_closed,32,0.039959793637516616
14,eyes_closed,32.5,0.03667145504340727
14,eyes_closed,33,0.034647808476209234
14,eyes_closed,33.5,0.030805689900719486
14,eyes_closed,34,0.027271966180247662
14,eyes_closed,34.5,0.025747476272994688
14,eyes_closed,35,0.022136333602160684
14,eyes_closed,35.5,0.021828441064329705
14,eyes_closed,36,0.019404681309798933
14,eyes_closed,36.5,0.017399029857198742
14,eyes_closed,37,0.016425722478584863
14,eyes_closed,37.5,0.015901361564055663
14,eyes_closed,38,0.015421356060212152
14,eyes_closed,38.5,0.014536529139274052
14,eyes_closed,39,0.01436173640748896
14,eyes_closed,39.5,0.012062316320851868
14,eyes_closed,40,0.012587489843543456
14,eyes_closed,40.5,0.01231091754201264
14,eyes_closed,41,0.010507873238516504
14,eyes_closed,41.5,0.009853589566069531
14,eyes_closed,42,0.00829583937876092
14,eyes_closed,42.5,0.0076896135028170585
14,eyes_closed,43,0.007534327046370613
14,eyes_closed,43.5,0.0071936269755244935
14,eyes_closed,44,0.006502709396012881
14,eyes_closed,44.5,0.0063043849231776
14,eyes_closed,45,0.0061361154412619395
14,eyes_open,1,7.218847982584453
14,eyes_open,1.5,4.599314221211807
14,eyes_open,2,2.87027950753789
14,eyes_open,2.5,2.1296553764540813
14,eyes_open,3,1.977779328077743
14,eyes_open,3.5,1.5269372722239272
14,eyes_open,4,1.2515629404400552
14,eyes_open,4.5,0.9663066482169634
14,eyes_open,5,0.8673397332432665
14,eyes_open,5.5,0.8710973490950016
14,eyes_open,6,0.9069971145442809
14,eyes_open,6.5,0.9979073887409857
14,eyes_open,7,1.056312924353025
14,eyes_open,7.5,1.2021151802877645
14,eyes_open,8,1.5175902452311727
14,eyes_open,8.5,1.8169906679772463
14,eyes_open,9,2.4839821668309363
14,eyes_open,9.5,3.3286138921173687
14,eyes_open,10,4.214239766678173
14,eyes_open,10.5,5.176417747178202
14,eyes_open,11,5.113195139790476
14,eyes_open,11.5,3.63769578240322
14,eyes_open,12,2.3392820325914436
14,eyes_open,12.5,1.4585563633571297
14,eyes_open,13,1.0033700154531517
14,eyes_open,13.5,0.881780484841423
14,eyes_open,14,0.7409825740202546
14,eyes_open,14.5,0.6394337067213391
14,eyes_open,15,0.5890561197419231
14,eyes_open,15.5,0.5567763537744376
14,eyes_open,16,0.4963212401038781
14,eyes_open,16.5,0.46922902226812124
14,eyes_open,17,0.4812593085251682
14,eyes_open,17.5,0.448375058483849
14,eyes_open,18,0.42677653854083636
14,eyes_open,18.5,0.43631657906569365
14,eyes_open,19,0.42338896591063263
14,eyes_open,19.5,0.3830871313644201
14,eyes_open,20,0.3700482743086088
14,eyes_open,20.5,0.36018410098065834
14,eyes_open,21,0.35924302864245644
14,eyes_open,21.5,0.367729269085603
14,eyes_open,22,0.3199837620811265
14,eyes_open,22.5,0.2927417631284969
14,eyes_open,23,0.2535922078532788
14,eyes_open,23.5,0.25031639455104815
14,eyes_open,24,0.2262371521785208
14,eyes_open,24.5,0.2027256203024874
14,eyes_open,25,0.19738376695198812
14,eyes_open,25.5,0.1730630962824703
14,eyes_open,26,0.15662848630124168
14,eyes_open,26.5,0.15479192256417
14,eyes_open,27,0.15122277921792082
14,eyes_open,27.5,0.13270462651374867
14,eyes_open,28,0.13199095081361056
14,eyes_open,28.5,0.12333940885938705
14,eyes_open,29,0.10827466631138481
14,eyes_open,29.5,0.10388536902370912
14,eyes_open,30,0.09818457183567604
14,eyes_open,30.5,0.08736187000679084
14,eyes_open,31,0.08177410563102103
14,eyes_open,31.5,0.07453676503929668
14,eyes_open,32,0.06793758870690933
14,eyes_open,32.5,0.0665721817340536
14,eyes_open,33,0.06622033418312033
14,eyes_open,33.5,0.060207061568170676
14,eyes_open,34,0.05592984989290488
14,eyes_open,34.5,0.05080232518071362
14,eyes_open,35,0.04740194754593144
14,eyes_open,35.5,0.045299442444134023
14,eyes_open,36,0.045136475886629106
14,eyes_open,36.5,0.04343861693240039
14,eyes_open,37,0.03768679289593862
14,eyes_open,37.5,0.03526295176113297
14,eyes_open,38,0.03424170270680944
14,eyes_open,38.5,0.03364094141067135
14,eyes_open,39,0.03172657956973462
14,eyes_open,39.5,0.026898718483267147
14,eyes_open,40,0.025456586706876883
14,eyes_open,40.5,0.02597412153826984
14,eyes_open,41,0.024275974746601987
14,eyes_open,41.5,0.022137667818983752
14,eyes_open,42,0.020935220474265027
14,eyes_open,42.5,0.019762372114403435
14,eyes_open,43,0.018845346449171685
14,eyes_open,43.5,0.015483895937334886
14,eyes_open,44,0.01506504530225726
14,eyes_open,44.5,0.014611969440849052
14,eyes_open,45,0.013347874888012475
15,eyes_closed,1,9.293492376687762
15,eyes_closed,1.5,5.609706903508947
15,eyes_closed,2,3.599586312869665
15,eyes_closed,2.5,2.579474507992638
15,eyes_closed,3,2.2870832322829036
15,eyes_closed,3.5,2.1716699365271035
15,eyes_closed,4,2.0592249416145236
15,eyes_closed,4.5,2.1021384242001364
15,eyes_closed,5,2.3741186696047842
15,eyes_closed,5.5,2.2669711240421226
15,eyes_closed,6,2.2403664223205983
15,eyes_closed,6.5,2.185774227224051
15,eyes_closed,7,2.104502624633582
15,eyes_closed,7.5,2.1893466637302117
15,eyes_closed,8,2.455039457176669
15,eyes_closed,8.5,2.8001329370689176
15,eyes_closed,9,2.887736561090323
15,eyes_closed,9.5,2.604986563735415
15,eyes_closed,10,2.4577687834094264
15,eyes_closed,10.5,2.4126474049815223
15,eyes_closed,11,2.115597852665081
15,eyes_closed,11.5,1.8945128633022357
15,eyes_closed,12,1.7019961660505025
15,eyes_closed,12.5,1.4384615112100623
15,eyes_closed,13,1.2627605725646809
15,eyes_closed,13.5,1.1985138138182394
15,eyes_closed,14,1.0867372485391722
15,eyes_closed,14.5,1.06247221522463
15,eyes_closed,15,0.9615514044083748
15,eyes_closed,15.5,0.9218553907069895
15,eyes_closed,16,0.8939097699379385
15,eyes_closed,16.5,0.8039929132899837
15,eyes_closed,17,0.7771487855969708
15,eyes_closed,17.5,0.8162610902414509
15,eyes_closed,18,0.7857812981806416
15,eyes_closed,18.5,0.7790260945258061
15,eyes_closed,19,0.7151576215479322
15,eyes_closed,19.5,0.6959428430297607
15,eyes_closed,20,0.688123192089765
15,eyes_closed,20.5,0.6283442669953123
15,eyes_closed,21,0.5586759727989572
15,eyes_closed,21.5,0.5358176350057419
15,eyes_closed,22,0.45154771042597164
15,eyes_closed,22.5,0.42428342235771943
15,eyes_closed,23,0.3875346611345441
15,eyes_closed,23.5,0.332074926928647
15,eyes_closed,24,0.3102786959818855
15,eyes_closed,24.5,0.27625274699207614
15,eyes_closed,25,0.2622144471018836
15,eyes_closed,25.5,0.24312299416612315
15,eyes_closed,26,0.23630216949644117
15,eyes_closed,26.5,0.22270716008633615
15,eyes_closed,27,0.20057509980144872
15,eyes_closed,27.5,0.18492427345040652
15,eyes_closed,28,0.16744754824403763
15,eyes_closed,28.5,0.15252651450162535
15,eyes_closed,29,0.13848251481001833
15,eyes_closed,29.5,0.1372766385046389
15,eyes_closed,30,0.12889378942391702
15,eyes_closed,30.5,0.10315139461203743
15,eyes_closed,31,0.0966917272306219
15,eyes_closed,31.5,0.08718350959649854
15,eyes_closed,32,0.08264312883955292
15,eyes_closed,32.5,0.07524869233605559
15,eyes_closed,33,0.07017896508155196
15,eyes_closed,33.5,0.07494789554373543
15,eyes_closed,34,0.07189435862860905
15,eyes_closed,34.5,0.06154715335176891
15,eyes_closed,35,0.05528804486369716
15,eyes_closed,35.5,0.05182140534586089
15,eyes_closed,36,0.0479621345427463
15,eyes_closed,36.5,0.04671589431794139
15,eyes_closed,37,0.04313809958716307
15,eyes_closed,37.5,0.039365207483742226
15,eyes_closed,38,0.04119527875029255
15,eyes_closed,38.5,0.039600650423377716
15,eyes_closed,39,0.03441961851605082
15,eyes_closed,39.5,0.030905294791634293
15,eyes_closed,40,0.02886661071870595
15,eyes_closed,40.5,0.02996927951681583
15,eyes_closed,41,0.02758782084464094
15,eyes_closed,41.5,0.024905989380894646
15,eyes_closed,42,0.023273642653335567
15,eyes_closed,42.5,0.0219166925511036
15,eyes_closed,43,0.0206448154628765
15,eyes_closed,43.5,0.01842841469701715
15,eyes_closed,44,0.018160611810720977
15,eyes_closed,44.5,0.015507894005687525
15,eyes_closed,45,0.0130226418987307
15,eyes_open,1,8.516744320559802
15,eyes_open,1.5,5.43120807486849
15,eyes_open,2,3.690758801408849
15,eyes_open,2.5,2.5566455936228665
15,eyes_open,3,1.973665958270123
15,eyes_open,3.5,1.6851838561493664
15,eyes_open,4,1.5578157221897184
15,eyes_open,4.5,1.451819716674718
15,eyes_open,5,1.4289433869519168
15,eyes_open,5.5,1.4257011425766892
15,eyes_open,6,1.6364221934028487
15,eyes_open,6.5,1.664042993026495
15,eyes_open,7,1.5583915197267273
15,eyes_open,7.5,1.7279376119307863
15,eyes_open,8,1.8415307223129043
15,eyes_open,8.5,1.7132701172472522
15,eyes_open,9,1.4851086763417953
15,eyes_open,9.5,1.545474682328453
15,eyes_open,10,1.7101723811253748
15,eyes_open,10.5,1.7988556332743055
15,eyes_open,11,1.7693531174114088
15,eyes_open,11.5,1.4517534630147957
15,eyes_open,12,1.3360559500154108
15,eyes_open,12.5,1.3162393353288626
15,eyes_open,13,1.211362926240251
15,eyes_open,13.5,1.125642223363917
15,eyes_open,14,1.1469057976490284
15,eyes_open,14.5,1.1288313625016795
15,eyes_open,15,1.1163890082566148
15,eyes_open,15.5,1.0832479931794134
15,eyes_open,16,0.99257157745356
15,eyes_open,16.5,0.8741001539554074
15,eyes_open,17,0.8322104643599452
15,eyes_open,17.5,0.8653364975177001
15,eyes_open,18,0.8431534403129323
15,eyes_open,18.5,0.7273030310765418
15,eyes_open,19,0.6875699139048563
15,eyes_open,19.5,0.6691424527710782
15,eyes_open,20,0.6006304946347849
15,eyes_open,20.5,0.5755483293750986
15,eyes_open,21,0.45716995845887043
15,eyes_open,21.5,0.41830837131545373
15,eyes_open,22,0.40441025150815074
15,eyes_open,22.5,0.3943075550065517
15,eyes_open,23,0.35916776640580955
15,eyes_open,23.5,0.3268991534817784
15,eyes_open,24,0.3030195808519903
15,eyes_open,24.5,0.27944692495075474
15,eyes_open,25,0.28368747630306684
15,eyes_open,25.5,0.26026544767333093
15,eyes_open,26,0.24069379040333816
15,eyes_open,26.5,0.21235306993363515
15,eyes_open,27,0.17571408773037306
15,eyes_open,27.5,0.16950478657622414
15,eyes_open,28,0.16899968378568442
15,eyes_open,28.5,0.15529094898574153
15,eyes_open,29,0.1349200293386294
15,eyes_open,29.5,0.11747725712713271
15,eyes_open,30,0.11791222886901563
15,eyes_open,30.5,0.12303121685626159
15,eyes_open,31,0.10524269111931268
15,eyes_open,31.5,0.10272567702792874
15,eyes_open,32,0.09867173132765468
15,eyes_open,32.5,0.08511308073152035
15,eyes_open,33,0.08431127602007718
15,eyes_open,33.5,0.08007522394856392
15,eyes_open,34,0.07481348003968864
15,eyes_open,34.5,0.06746367806965935
15,eyes_open,35,0.07247067788787974
15,eyes_open,35.5,0.06855643551936105
15,eyes_open,36,0.06046672196555967
15,eyes_open,36.5,0.055994270031433674
15,eyes_open,37,0.053420319768431763
15,eyes_open,37.5,0.05406317083452784
15,eyes_open,38,0.0512110258840766
15,eyes_open,38.5,0.047994070295793584
15,eyes_open,39,0.043202439290611
15,eyes_open,39.5,0.03776705451343294
15,eyes_open,40,0.036555746217424204
15,eyes_open,40.5,0.033454405271596245
15,eyes_open,41,0.033347497475632905
15,eyes_open,41.5,0.0283171767471948
15,eyes_open,42,0.027220001783123816
15,eyes_open,42.5,0.026879771357532337
15,eyes_open,43,0.025263375975456127
15,eyes_open,43.5,0.023480912622536907
15,eyes_open,44,0.02075487528251204
15,eyes_open,44.5,0.019853723221683602
15,eyes_open,45,0.019291873466890132
16,eyes_closed,1,4.475706064363796
16,eyes_closed,1.5,2.739597931163742
16,eyes_closed,2,1.9941926886963703
16,eyes_closed,2.5,1.4631612930235018
16,eyes_closed,3,1.2298325068197977
16,eyes_closed,3.5,1.044789153459602
16,eyes_closed,4,0.9322966509710872
16,eyes_closed,4.5,0.9235065316304327
16,eyes_closed,5,0.813248173336035
16,eyes_closed,5.5,0.7909515329539409
16,eyes_closed,6,0.6556493151968544
16,eyes_closed,6.5,0.5733363091472903
16,eyes_closed,7,0.5494825996944689
16,eyes_closed,7.5,0.5712424986165671
16,eyes_closed,8,0.6395891376554392
16,eyes_closed,8.5,0.6906763460338783
16,eyes_closed,9,0.8767143175448743
16,eyes_closed,9.5,1.5175344461326645
16,eyes_closed,10,2.5515194567787853
16,eyes_closed,10.5,2.8733858810612216
16,eyes_closed,11,2.3644094731240872
16,eyes_closed,11.5,1.7121839212466752
16,eyes_closed,12,1.1928797244918747
16,eyes_closed,12.5,0.95263654929083
16,eyes_closed,13,0.6650963240726641
16,eyes_closed,13.5,0.496172091223711
16,eyes_closed,14,0.39558094051257864
16,eyes_closed,14.5,0.35766024292129567
16,eyes_closed,15,0.3296055187351911
16,eyes_closed,15.5,0.2967846708790469
16,eyes_closed,16,0.3032616823206402
16,eyes_closed,16.5,0.3250507977660911
16,eyes_closed,17,0.3462830401413061
16,eyes_closed,17.5,0.3685674644324536
16,eyes_closed,18,0.3695545272991824
16,eyes_closed,18.5,0.3680857322798441
16,eyes_closed,19,0.41379810965235814
16,eyes_closed,19.5,0.4452490712980485
16,eyes_closed,20,0.42187887159743076
16,eyes_closed,20.5,0.46006590730631675
16,eyes_closed,21,0.45329200572092637
16,eyes_closed,21.5,0.4033651584837078
16,eyes_closed,22,0.354666232025554
16,eyes_closed,22.5,0.32981546842889087
16,eyes_closed,23,0.2836539841066366
16,eyes_closed,23.5,0.2349185351973174
16,eyes_closed,24,0.18788286604637972
16,eyes_closed,24.5,0.15447745593864148
16,eyes_closed,25,0.14649757073096498
16,eyes_closed,25.5,0.13716930679601128
16,eyes_closed,26,0.12305295717779972
16,eyes_closed,26.5,0.11377548372884011
16,eyes_closed,27,0.10456212913036156
16,eyes_closed,27.5,0.09739732997233005
16,eyes_closed,28,0.09623104358203124
16,eyes_closed,28.5,0.0930811933304696
16,eyes_closed,29,0.08734853243112617
16,eyes_closed,29.5,0.07477580038898272
16,eyes_closed,30,0.06476178220365618
16,eyes_closed,30.5,0.057580750869239784
16,eyes_closed,31,0.05075746432454621
16,eyes_closed,31.5,0.046182385948604125
16,eyes_closed,32,0.04496626545098934
16,eyes_closed,32.5,0.04028380851382152
16,eyes_closed,33,0.03753315525103103
16,eyes_closed,33.5,0.03523731093023541
16,eyes_closed,34,0.030811302818175398
16,eyes_closed,34.5,0.027565814091157288
16,eyes_closed,35,0.022554138808721785
16,eyes_closed,35.5,0.018927156736593374
16,eyes_closed,36,0.01734254946852639
16,eyes_closed,36.5,0.015414149296719713
16,eyes_closed,37,0.013021687784932552
16,eyes_closed,37.5,0.011613607626319905
16,eyes_closed,38,0.011268870854428705
16,eyes_closed,38.5,0.011046444276506596
16,eyes_closed,39,0.010298600509751446
16,eyes_closed,39.5,0.00921908263263456
16,eyes_closed,40,0.00787208976977207
16,eyes_closed,40.5,0.007401342750029706
16,eyes_closed,41,0.006634439357774886
16,eyes_closed,41.5,0.006402429757762174
16,eyes_closed,42,0.006019810738526916
16,eyes_closed,42.5,0.006385314176423747
16,eyes_closed,43,0.0053034710258844184
16,eyes_closed,43.5,0.004679438078053683
16,eyes_closed,44,0.004940966960217547
16,eyes_closed,44.5,0.00433539826255995
16,eyes_closed,45,0.003800377452830561
16,eyes_open,1,4.776231315160028
16,eyes_open,1.5,3.2241251991513016
16,eyes_open,2,2.3735902654809196
16,eyes_open,2.5,1.8042497197719627
16,eyes_open,3,1.3482730761266977
16,eyes_open,3.5,1.1011640183618714
16,eyes_open,4,0.9859537852293522
16,eyes_open,4.5,0.9561652932252853
16,eyes_open,5,0.8343787342702981
16,eyes_open,5.5,0.762444723430575
16,eyes_open,6,0.7082920730284492
16,eyes_open,6.5,0.6110792677094262
16,eyes_open,7,0.5447486223303812
16,eyes_open,7.5,0.5092153860962347
16,eyes_open,8,0.4828513722476022
16,eyes_open,8.5,0.495707003452493
16,eyes_open,9,0.6972943940993995
16,eyes_open,9.5,1.1841268464603099
16,eyes_open,10,1.5798709533456579
16,eyes_open,10.5,2.3041144265411946
16,eyes_open,11,2.4687659834733573
16,eyes_open,11.5,1.3101558659165884
16,eyes_open,12,0.7678331090583257
16,eyes_open,12.5,0.67425160499416
16,eyes_open,13,0.6335707174650225
16,eyes_open,13.5,0.5704977745684985
16,eyes_open,14,0.5239596617225085
16,eyes_open,14.5,0.5229005776151607
16,eyes_open,15,0.47670067520041043
16,eyes_open,15.5,0.4861331655307568
16,eyes_open,16,0.4537312032392673
16,eyes_open,16.5,0.44357481769530865
16,eyes_open,17,0.47017136581387264
16,eyes_open,17.5,0.4552717081477719
16,eyes_open,18,0.48365076360031656
16,eyes_open,18.5,0.497440866959158
16,eyes_open,19,0.48354026163933267
16,eyes_open,19.5,0.5208223677409316
16,eyes_open,20,0.5095410742594375
16,eyes_open,20.5,0.5634590043170459
16,eyes_open,21,0.7088583973337849
16,eyes_open,21.5,0.6906163963746367
16,eyes_open,22,0.6243888863819719
16,eyes_open,22.5,0.49875741133950835
16,eyes_open,23,0.44043255842788065
16,eyes_open,23.5,0.3893560497026696
16,eyes_open,24,0.3722874155964001
16,eyes_open,24.5,0.3332740405875606
16,eyes_open,25,0.3082627412621884
16,eyes_open,25.5,0.3061386603919849
16,eyes_open,26,0.3150551911126426
16,eyes_open,26.5,0.2896933559461657
16,eyes_open,27,0.2626971466290678
16,eyes_open,27.5,0.23726011842358594
16,eyes_open,28,0.24423937433624848
16,eyes_open,28.5,0.24197693618914404
16,eyes_open,29,0.22799723742851893
16,eyes_open,29.5,0.20419556455176818
16,eyes_open,30,0.17782839526741542
16,eyes_open,30.5,0.16585227451896775
16,eyes_open,31,0.16100999838717808
16,eyes_open,31.5,0.15173212271010214
16,eyes_open,32,0.1437243148513213
16,eyes_open,32.5,0.1369725576863065
16,eyes_open,33,0.12051016051377142
16,eyes_open,33.5,0.11972966409278239
16,eyes_open,34,0.11121462628403579
16,eyes_open,34.5,0.09908260602314714
16,eyes_open,35,0.089235376253731
16,eyes_open,35.5,0.091987654556065
16,eyes_open,36,0.08635351678072672
16,eyes_open,36.5,0.0777199320366879
16,eyes_open,37,0.07089932356752515
16,eyes_open,37.5,0.0691923371962008
16,eyes_open,38,0.06954094934969167
16,eyes_open,38.5,0.058063117819438875
16,eyes_open,39,0.052245257883780684
16,eyes_open,39.5,0.050184430458149965
16,eyes_open,40,0.050701067680457575
16,eyes_open,40.5,0.04673069323272002
16,eyes_open,41,0.042211448347311144
16,eyes_open,41.5,0.044726863393675445
16,eyes_open,42,0.04288620882521255
16,eyes_open,42.5,0.036625050276262956
16,eyes_open,43,0.0360461794562316
16,eyes_open,43.5,0.033233089780830186
16,eyes_open,44,0.03014332780862661
16,eyes_open,44.5,0.030776410792616497
16,eyes_open,45,0.02864535414794503
17,eyes_closed,1,16.48908087712889
17,eyes_closed,1.5,7.821351631323053
17,eyes_closed,2,5.2071321679751215
17,eyes_closed,2.5,3.6744822013187983
17,eyes_closed,3,3.520924051008586
17,eyes_closed,3.5,3.788079141898692
17,eyes_closed,4,4.002016583351317
17,eyes_closed,4.5,4.018899681416327
17,eyes_closed,5,3.6707944132530113
17,eyes_closed,5.5,4.007186971123681
17,eyes_closed,6,5.246237399575005
17,eyes_closed,6.5,5.302637598381468
17,eyes_closed,7,6.084519541945005
17,eyes_closed,7.5,7.646114748135755
17,eyes_closed,8,7.843756558759742
17,eyes_closed,8.5,7.158053401565465
17,eyes_closed,9,7.196437682950316
17,eyes_closed,9.5,9.433949318614477
17,eyes_closed,10,9.878596890406133
17,eyes_closed,10.5,5.595728317114965
17,eyes_closed,11,3.209327019136643
17,eyes_closed,11.5,2.1215118926494543
17,eyes_closed,12,1.6603514134346122
17,eyes_closed,12.5,1.4355808428451744
17,eyes_closed,13,1.355597274586386
17,eyes_closed,13.5,1.284733697708408
17,eyes_closed,14,1.2684455452226313
17,eyes_closed,14.5,1.1053280748045349
17,eyes_closed,15,0.9735714480974376
17,eyes_closed,15.5,0.9309352974583172
17,eyes_closed,16,0.8512528835656838
17,eyes_closed,16.5,0.7591208431261068
17,eyes_closed,17,0.7140962737916077
17,eyes_closed,17.5,0.7292621509430666
17,eyes_closed,18,0.6890601633472432
17,eyes_closed,18.5,0.6732809065080192
17,eyes_closed,19,0.6753927617267024
17,eyes_closed,19.5,0.702376363844839
17,eyes_closed,20,0.6559283417356563
17,eyes_closed,20.5,0.6153266248238877
17,eyes_closed,21,0.6699959651421115
17,eyes_closed,21.5,0.6932319568086447
17,eyes_closed,22,0.6482220779512128
17,eyes_closed,22.5,0.6542173718357307
17,eyes_closed,23,0.7204367914229837
17,eyes_closed,23.5,0.7424673251421888
17,eyes_closed,24,0.759442940108227
17,eyes_closed,24.5,0.7721045957546259
17,eyes_closed,25,0.7515237015189741
17,eyes_closed,25.5,0.7044057030630768
17,eyes_closed,26,0.6746908658391149
17,eyes_closed,26.5,0.6599357835925972
17,eyes_closed,27,0.6394194020976726
17,eyes_closed,27.5,0.5642414000905406
17,eyes_closed,28,0.5200785973455283
17,eyes_closed,28.5,0.5325497923477135
17,eyes_closed,29,0.4767838403007037
17,eyes_closed,29.5,0.4408765712942257
17,eyes_closed,30,0.44450989028875276
17,eyes_closed,30.5,0.43940400059243173
17,eyes_closed,31,0.3725446333668385
17,eyes_closed,31.5,0.3323222724394118
17,eyes_closed,32,0.3403875466951993
17,eyes_closed,32.5,0.3415708134657722
17,eyes_closed,33,0.32753910918802226
17,eyes_closed,33.5,0.3063272721644881
17,eyes_closed,34,0.29088950852132134
17,eyes_closed,34.5,0.2625514672196963
17,eyes_closed,35,0.22891678969919355
17,eyes_closed,35.5,0.2332254226285167
17,eyes_closed,36,0.21616974190545704
17,eyes_closed,36.5,0.21077408083562535
17,eyes_closed,37,0.19475126600798437
17,eyes_closed,37.5,0.1829234271719579
17,eyes_closed,38,0.1793725726719518
17,eyes_closed,38.5,0.17448759841982553
17,eyes_closed,39,0.15744454585658982
17,eyes_closed,39.5,0.15416036654885357
17,eyes_closed,40,0.14481343966335822
17,eyes_closed,40.5,0.1292478929836258
17,eyes_closed,41,0.12110517964320337
17,eyes_closed,41.5,0.12115697884077918
17,eyes_closed,42,0.11777618254459475
17,eyes_closed,42.5,0.10303202617536861
17,eyes_closed,43,0.0924200521958238
17,eyes_closed,43.5,0.08760984368603913
17,eyes_closed,44,0.08023862142229365
17,eyes_closed,44.5,0.07887881216852917
17,eyes_closed,45,0.06887832392018978
17,eyes_open,1,18.335240701240053
17,eyes_open,1.5,7.74418915544002
17,eyes_open,2,4.5017187400880445
17,eyes_open,2.5,3.3936146857669676
17,eyes_open,3,3.043397039676854
17,eyes_open,3.5,2.8025075576008307
17,eyes_open,4,2.7520828129809067
17,eyes_open,4.5,3.003082597890993
17,eyes_open,5,3.2755899971924083
17,eyes_open,5.5,3.9867303432545937
17,eyes_open,6,5.81951883589249
17,eyes_open,6.5,8.124883388167962
17,eyes_open,7,10.846658637420244
17,eyes_open,7.5,12.24552039690196
17,eyes_open,8,10.189397189284223
17,eyes_open,8.5,8.382369220595603
17,eyes_open,9,11.023176403274315
17,eyes_open,9.5,22.353322262720532
17,eyes_open,10,14.330283622229162
17,eyes_open,10.5,4.785456056973528
17,eyes_open,11,2.8176979202099393
17,eyes_open,11.5,2.298623595550725
17,eyes_open,12,1.9956553103609445
17,eyes_open,12.5,1.7262883117658
17,eyes_open,13,1.5670710951516589
17,eyes_open,13.5,1.4107105698496973
17,eyes_open,14,1.305100834623118
17,eyes_open,14.5,1.1575079065875173
17,eyes_open,15,1.0659408081142014
17,eyes_open,15.5,0.9259779884114073
17,eyes_open,16,0.8057743940043974
17,eyes_open,16.5,0.7520239324064654
17,eyes_open,17,0.7266279397497364
17,eyes_open,17.5,0.6954701594475692
17,eyes_open,18,0.7034383063868503
17,eyes_open,18.5,0.7974124803233149
17,eyes_open,19,0.8502313743170247
17,eyes_open,19.5,0.7491241268791005
17,eyes_open,20,0.6322180012482582
17,eyes_open,20.5,0.5967025625239202
17,eyes_open,21,0.559819769625457
17,eyes_open,21.5,0.5561115167492038
17,eyes_open,22,0.5293050558441043
17,eyes_open,22.5,0.5401028287969207
17,eyes_open,23,0.5382735701444893
17,eyes_open,23.5,0.523882757728676
17,eyes_open,24,0.5160902763842546
17,eyes_open,24.5,0.5150365710830548
17,eyes_open,25,0.5128686420805354
17,eyes_open,25.5,0.47414206899350364
17,eyes_open,26,0.46791208248381
17,eyes_open,26.5,0.47631894899733473
17,eyes_open,27,0.4456103699175001
17,eyes_open,27.5,0.3706668512641093
17,eyes_open,28,0.36742660298126106
17,eyes_open,28.5,0.34199394203085054
17,eyes_open,29,0.32227674639425696
17,eyes_open,29.5,0.30556751209799515
17,eyes_open,30,0.2970189869294854
17,eyes_open,30.5,0.30549372133557384
17,eyes_open,31,0.27122458847500214
17,eyes_open,31.5,0.2402480548230845
17,eyes_open,32,0.24265556061011562
17,eyes_open,32.5,0.24602483673216716
17,eyes_open,33,0.22880378862876333
17,eyes_open,33.5,0.21479082614092035
17,eyes_open,34,0.21378830789864034
17,eyes_open,34.5,0.20165562940849627
17,eyes_open,35,0.18942179890161856
17,eyes_open,35.5,0.17339682156422112
17,eyes_open,36,0.17361649635300505
17,eyes_open,36.5,0.1681606038386652
17,eyes_open,37,0.14889328944934557
17,eyes_open,37.5,0.1357145553504856
17,eyes_open,38,0.1394014253569153
17,eyes_open,38.5,0.13440745939491508
17,eyes_open,39,0.11613855857910017
17,eyes_open,39.5,0.10528455264198214
17,eyes_open,40,0.10380492452847839
17,eyes_open,40.5,0.09339832972027258
17,eyes_open,41,0.08343178950320275
17,eyes_open,41.5,0.08260171384649939
17,eyes_open,42,0.07845441430920676
17,eyes_open,42.5,0.07415997393245281
17,eyes_open,43,0.07059932363337197
17,eyes_open,43.5,0.0646682367895379
17,eyes_open,44,0.05641196522538479
17,eyes_open,44.5,0.052632426538650155
17,eyes_open,45,0.051443920436212404
18,eyes_closed,1,4.191818570021301
18,eyes_closed,1.5,2.4793733825663984
18,eyes_closed,2,1.6539882907863712
18,eyes_closed,2.5,1.3518497213335323
18,eyes_closed,3,1.2279263689496989
18,eyes_closed,3.5,1.1767356188946356
18,eyes_closed,4,1.2743451128377368
18,eyes_closed,4.5,1.2648903622931145
18,eyes_closed,5,1.337015231611381
18,eyes_closed,5.5,1.4797219023181278
18,eyes_closed,6,1.5243643904487363
18,eyes_closed,6.5,1.5116313704998572
18,eyes_closed,7,1.565132810631899
18,eyes_closed,7.5,1.4799654051524496
18,eyes_closed,8,1.4565893126606047
18,eyes_closed,8.5,1.9723459738754345
18,eyes_closed,9,4.184191730289588
18,eyes_closed,9.5,11.187512412820759
18,eyes_closed,10,16.1882324494033
18,eyes_closed,10.5,12.041706544971307
18,eyes_closed,11,7.66504069642948
18,eyes_closed,11.5,5.737733642150249
18,eyes_closed,12,5.282899851698731
18,eyes_closed,12.5,4.27576932868115
18,eyes_closed,13,3.164725954284838
18,eyes_closed,13.5,2.3351095462844564
18,eyes_closed,14,1.8670575776633724
18,eyes_closed,14.5,1.2336390219875564
18,eyes_closed,15,0.8859153554280089
18,eyes_closed,15.5,0.8465317497184287
18,eyes_closed,16,0.8244664034127733
18,eyes_closed,16.5,0.8092628359784233
18,eyes_closed,17,0.8639508421372948
18,eyes_closed,17.5,0.8829488968402696
18,eyes_closed,18,0.9545739053722397
18,eyes_closed,18.5,1.026641306296083
18,eyes_closed,19,1.1110693033991232
18,eyes_closed,19.5,1.0995044523837825
18,eyes_closed,20,1.0678567158378391
18,eyes_closed,20.5,0.9019079157208615
18,eyes_closed,21,0.7094419295927633
18,eyes_closed,21.5,0.5891897622042824
18,eyes_closed,22,0.5091144711043579
18,eyes_closed,22.5,0.4188551933243079
18,eyes_closed,23,0.35795895601816163
18,eyes_closed,23.5,0.3156344485532339
18,eyes_closed,24,0.279088106404274
18,eyes_closed,24.5,0.2519502382277998
18,eyes_closed,25,0.2288403151822646
18,eyes_closed,25.5,0.19133873289950273
18,eyes_closed,26,0.17313790914756275
18,eyes_closed,26.5,0.15689811887966237
18,eyes_closed,27,0.14647219409703957
18,eyes_closed,27.5,0.1265924694328474
18,eyes_closed,28,0.1071956542053007
18,eyes_closed,28.5,0.10050504571403174
18,eyes_closed,29,0.09128356384371833
18,eyes_closed,29.5,0.08355584604272338
18,eyes_closed,30,0.07490557289907829
18,eyes_closed,30.5,0.06451475407405662
18,eyes_closed,31,0.05545942144380584
18,eyes_closed,31.5,0.04462676393494023
18,eyes_closed,32,0.03788227956949003
18,eyes_closed,32.5,0.034409788523522625
18,eyes_closed,33,0.029684687612237935
18,eyes_closed,33.5,0.028101346995789072
18,eyes_closed,34,0.026799864698263592
18,eyes_closed,34.5,0.02278557260558748
18,eyes_closed,35,0.020082216876861937
18,eyes_closed,35.5,0.018217417847451477
18,eyes_closed,36,0.016483661827930648
18,eyes_closed,36.5,0.01758938044325294
18,eyes_closed,37,0.015703332674347842
18,eyes_closed,37.5,0.012793856772999863
18,eyes_closed,38,0.011797095610940177
18,eyes_closed,38.5,0.011519551147046336
18,eyes_closed,39,0.009905418869972881
18,eyes_closed,39.5,0.009735206010942488
18,eyes_closed,40,0.008557481655492909
18,eyes_closed,40.5,0.007511953813636475
18,eyes_closed,41,0.007217728723909494
18,eyes_closed,41.5,0.007038987147195478
18,eyes_closed,42,0.00597829916880531
18,eyes_closed,42.5,0.004962654947274528
18,eyes_closed,43,0.0049008928796356365
18,eyes_closed,43.5,0.004540042282896469
18,eyes_closed,44,0.004029835830380333
18,eyes_closed,44.5,0.0038542846204418124
18,eyes_closed,45,0.0036053557439872136
18,eyes_open,1,4.966694154904663
18,eyes_open,1.5,2.9880833999256575
18,eyes_open,2,1.8415720378539253
18,eyes_open,2.5,1.4374727907399956
18,eyes_open,3,1.1708396580625353
18,eyes_open,3.5,1.036402798888925
18,eyes_open,4,1.0540748429604287
18,eyes_open,4.5,1.036915560612413
18,eyes_open,5,1.052963808407969
18,eyes_open,5.5,1.0473632025101391
18,eyes_open,6,1.041829799126844
18,eyes_open,6.5,1.1300370050842479
18,eyes_open,7,1.1500971772821318
18,eyes_open,7.5,1.1705806272887238
18,eyes_open,8,1.1862188216884175
18,eyes_open,8.5,1.2082091875332521
18,eyes_open,9,1.3603680523369386
18,eyes_open,9.5,1.8354210053154698
18,eyes_open,10,2.4185278699479213
18,eyes_open,10.5,2.931252598336079
18,eyes_open,11,2.7552559244712462
18,eyes_open,11.5,2.3618678439432936
18,eyes_open,12,2.1234415948362395
18,eyes_open,12.5,1.9228992083776175
18,eyes_open,13,1.5290999716235605
18,eyes_open,13.5,1.2350887588118948
18,eyes_open,14,1.0867983784088557
18,eyes_open,14.5,0.8711219056236863
18,eyes_open,15,0.7626727293080288
18,eyes_open,15.5,0.7232105459062229
18,eyes_open,16,0.6724127780939795
18,eyes_open,16.5,0.6087703116618093
18,eyes_open,17,0.545706512628567
18,eyes_open,17.5,0.5063343476052855
18,eyes_open,18,0.5230635880983142
18,eyes_open,18.5,0.48789964333013486
18,eyes_open,19,0.47845430411651335
18,eyes_open,19.5,0.4402293832487135
18,eyes_open,20,0.4177900988847513
18,eyes_open,20.5,0.4032337211063687
18,eyes_open,21,0.3765028658964419
18,eyes_open,21.5,0.3505214797446387
18,eyes_open,22,0.3211034321595744
18,eyes_open,22.5,0.32407076187059336
18,eyes_open,23,0.29964608532673825
18,eyes_open,23.5,0.26922284950897335
18,eyes_open,24,0.2585887795076189
18,eyes_open,24.5,0.2568684755692872
18,eyes_open,25,0.23369441268532828
18,eyes_open,25.5,0.20709523931137586
18,eyes_open,26,0.18723745444679368
18,eyes_open,26.5,0.1539141446677006
18,eyes_open,27,0.1299871872914159
18,eyes_open,27.5,0.10944024824439211
18,eyes_open,28,0.09614999252059316
18,eyes_open,28.5,0.08265110232076978
18,eyes_open,29,0.07003691033999662
18,eyes_open,29.5,0.06238190186334083
18,eyes_open,30,0.059902456888753564
18,eyes_open,30.5,0.057036906160942154
18,eyes_open,31,0.0508654754541024
18,eyes_open,31.5,0.04349642384046745
18,eyes_open,32,0.03705452178299179
18,eyes_open,32.5,0.03495020950421664
18,eyes_open,33,0.03220254248347251
18,eyes_open,33.5,0.030576624729416385
18,eyes_open,34,0.02878405478373327
18,eyes_open,34.5,0.026427693104347342
18,eyes_open,35,0.025586877677764814
18,eyes_open,35.5,0.02241372008042331
18,eyes_open,36,0.020203353039179275
18,eyes_open,36.5,0.018487038120046647
18,eyes_open,37,0.01650576423638978
18,eyes_open,37.5,0.01597977059489866
18,eyes_open,38,0.014423680345879418
18,eyes_open,38.5,0.013863816578841934
18,eyes_open,39,0.012297400775403292
18,eyes_open,39.5,0.011455860054210584
18,eyes_open,40,0.010715918716198702
18,eyes_open,40.5,0.010014558621574356
18,eyes_open,41,0.009550035062813251
18,eyes_open,41.5,0.00863731597068009
18,eyes_open,42,0.007810241404428141
18,eyes_open,42.5,0.006965109117639519
18,eyes_open,43,0.006645140630142995
18,eyes_open,43.5,0.006790167330210481
18,eyes_open,44,0.005888571136173708
18,eyes_open,44.5,0.005211056799374206
18,eyes_open,45,0.00489803975262856
19,eyes_closed,1,5.1842929497837185
19,eyes_closed,1.5,2.541332689689557
19,eyes_closed,2,2.0309370422384667
19,eyes_closed,2.5,1.7247864215766995
19,eyes_closed,3,1.427475082635559
19,eyes_closed,3.5,1.280633781354769
19,eyes_closed,4,1.182553780058931
19,eyes_closed,4.5,1.1780501828718937
19,eyes_closed,5,1.1557057991921424
19,eyes_closed,5.5,1.1936683279924856
19,eyes_closed,6,1.4489333551331056
19,eyes_closed,6.5,1.6746043383743918
19,eyes_closed,7,2.547689412649883
19,eyes_closed,7.5,5.424589407526101
19,eyes_closed,8,6.075437127074929
19,eyes_closed,8.5,4.478751940128512
19,eyes_closed,9,4.452910304259217
19,eyes_closed,9.5,7.531900325553716
19,eyes_closed,10,6.4789102460912895
19,eyes_closed,10.5,2.5535128903547464
19,eyes_closed,11,1.2698529110405237
19,eyes_closed,11.5,1.046379144933097
19,eyes_closed,12,0.9377659398784419
19,eyes_closed,12.5,0.8384279276169908
19,eyes_closed,13,0.7457406145988297
19,eyes_closed,13.5,0.6291659178291416
19,eyes_closed,14,0.5441212423953343
19,eyes_closed,14.5,0.5686973774271326
19,eyes_closed,15,0.5604527870375379
19,eyes_closed,15.5,0.5323659705925737
19,eyes_closed,16,0.49372178367739306
19,eyes_closed,16.5,0.4807543722194551
19,eyes_closed,17,0.49437759818106597
19,eyes_closed,17.5,0.42830430561955307
19,eyes_closed,18,0.4172909590749624
19,eyes_closed,18.5,0.4149495626069143
19,eyes_closed,19,0.41103347187102723
19,eyes_closed,19.5,0.3977938842644085
19,eyes_closed,20,0.33675338927479737
19,eyes_closed,20.5,0.3380967973522672
19,eyes_closed,21,0.34432408694251404
19,eyes_closed,21.5,0.3319514754454818
19,eyes_closed,22,0.3221566242092887
19,eyes_closed,22.5,0.30287638206233325
19,eyes_closed,23,0.27622496082522696
19,eyes_closed,23.5,0.26665029999065154
19,eyes_closed,24,0.26564561531957487
19,eyes_closed,24.5,0.2403732209045352
19,eyes_closed,25,0.23149064490663865
19,eyes_closed,25.5,0.21143193115983377
19,eyes_closed,26,0.21104653439576945
19,eyes_closed,26.5,0.21843150244232962
19,eyes_closed,27,0.21452907333090032
19,eyes_closed,27.5,0.20437470924920428
19,eyes_closed,28,0.18295929362107893
19,eyes_closed,28.5,0.17434483767132722
19,eyes_closed,29,0.16102820239084767
19,eyes_closed,29.5,0.1581634890416345
19,eyes_closed,30,0.1651950316203233
19,eyes_closed,30.5,0.1546494353925048
19,eyes_closed,31,0.15520046281002176
19,eyes_closed,31.5,0.14803491536263488
19,eyes_closed,32,0.12833494652818023
19,eyes_closed,32.5,0.11680484585276843
19,eyes_closed,33,0.12147465738533561
19,eyes_closed,33.5,0.12004488532006592
19,eyes_closed,34,0.10368263523291855
19,eyes_closed,34.5,0.0930226580319657
19,eyes_closed,35,0.09027021143689416
19,eyes_closed,35.5,0.08976143354580013
19,eyes_closed,36,0.087797205292922
19,eyes_closed,36.5,0.08266850484861292
19,eyes_closed,37,0.0704941437611392
19,eyes_closed,37.5,0.07060046196706977
19,eyes_closed,38,0.06755835021690865
19,eyes_closed,38.5,0.05919280763133916
19,eyes_closed,39,0.053510439443827273
19,eyes_closed,39.5,0.05174582813523632
19,eyes_closed,40,0.04935497709477466
19,eyes_closed,40.5,0.047653673952219505
19,eyes_closed,41,0.042682742646456544
19,eyes_closed,41.5,0.0376981794491105
19,eyes_closed,42,0.03602756655908188
19,eyes_closed,42.5,0.03557267391399586
19,eyes_closed,43,0.03204232776598634
19,eyes_closed,43.5,0.0312986854917377
19,eyes_closed,44,0.02970459502107364
19,eyes_closed,44.5,0.024433213491141758
19,eyes_closed,45,0.02318144499110337
19,eyes_open,1,5.2204596412356645
19,eyes_open,1.5,2.2946741138159163
19,eyes_open,2,1.378630015036515
19,eyes_open,2.5,0.9934582996602759
19,eyes_open,3,0.8037714102534045
19,eyes_open,3.5,0.6756298968374339
19,eyes_open,4,0.5706261281825737
19,eyes_open,4.5,0.4876561417393972
19,eyes_open,5,0.4576157217758118
19,eyes_open,5.5,0.4703069022134743
19,eyes_open,6,0.5716276308428425
19,eyes_open,6.5,0.6836127228589568
19,eyes_open,7,0.731564985108613
19,eyes_open,7.5,0.7493675227455601
19,eyes_open,8,0.8319293851039629
19,eyes_open,8.5,0.9817946668033061
19,eyes_open,9,1.0910504303379125
19,eyes_open,9.5,1.608853837635606
19,eyes_open,10,1.6629718287342625
19,eyes_open,10.5,1.0809353104908703
19,eyes_open,11,0.7772829016078128
19,eyes_open,11.5,0.6505056881444999
19,eyes_open,12,0.5491051515763862
19,eyes_open,12.5,0.499735096465347
19,eyes_open,13,0.4328002374929331
19,eyes_open,13.5,0.3647643866423487
19,eyes_open,14,0.33811845758649667
19,eyes_open,14.5,0.3213441764805226
19,eyes_open,15,0.30687909965587895
19,eyes_open,15.5,0.2824691427241082
19,eyes_open,16,0.27130263209539673
19,eyes_open,16.5,0.26549549260566424
19,eyes_open,17,0.2576957947962814
19,eyes_open,17.5,0.24541598071400655
19,eyes_open,18,0.24384464062550013
19,eyes_open,18.5,0.24686287169113713
19,eyes_open,19,0.24830357564693345
19,eyes_open,19.5,0.23271335304958282
19,eyes_open,20,0.23536605400215693
19,eyes_open,20.5,0.236411491180228
19,eyes_open,21,0.23978806678032102
19,eyes_open,21.5,0.2351633580930551
19,eyes_open,22,0.22696833148997378
19,eyes_open,22.5,0.2114509049567347
19,eyes_open,23,0.21115904080099918
19,eyes_open,23.5,0.2043643922561342
19,eyes_open,24,0.1832031888816702
19,eyes_open,24.5,0.16834835725612735
19,eyes_open,25,0.16123175129716638
19,eyes_open,25.5,0.15255502906341362
19,eyes_open,26,0.14585932309164762
19,eyes_open,26.5,0.1479024008885979
19,eyes_open,27,0.13434307692757078
19,eyes_open,27.5,0.1262459929613735
19,eyes_open,28,0.12073727261216659
19,eyes_open,28.5,0.12076377495963421
19,eyes_open,29,0.11984391216024695
19,eyes_open,29.5,0.11665648480663002
19,eyes_open,30,0.10792117745846702
19,eyes_open,30.5,0.10066555692158481
19,eyes_open,31,0.08686681360307891
19,eyes_open,31.5,0.08730229675143629
19,eyes_open,32,0.08829076159878137
19,eyes_open,32.5,0.08561189551574855
19,eyes_open,33,0.08061934041671434
19,eyes_open,33.5,0.07448455386186266
19,eyes_open,34,0.07225343318663868
19,eyes_open,34.5,0.06817144745670309
19,eyes_open,35,0.06504746161510702
19,eyes_open,35.5,0.05904205340477558
19,eyes_open,36,0.05676369207781902
19,eyes_open,36.5,0.058183084350527464
19,eyes_open,37,0.052687405523231555
19,eyes_open,37.5,0.05007896337380679
19,eyes_open,38,0.04431902869016313
19,eyes_open,38.5,0.03751677897601106
19,eyes_open,39,0.03571378267331645
19,eyes_open,39.5,0.032732901991022766
19,eyes_open,40,0.03212031861712472
19,eyes_open,40.5,0.03107625880168725
19,eyes_open,41,0.028355110865246128
19,eyes_open,41.5,0.027120987808428063
19,eyes_open,42,0.025192893828364153
19,eyes_open,42.5,0.02352906244335844
19,eyes_open,43,0.023110815716113817
19,eyes_open,43.5,0.022339307643308493
19,eyes_open,44,0.0199635952868159
19,eyes_open,44.5,0.018255946746416264
19,eyes_open,45,0.017559560252003056
20,eyes_closed,1,7.998651452349008
20,eyes_closed,1.5,4.927540169773684
20,eyes_closed,2,3.4070388751040688
20,eyes_closed,2.5,2.6906997915808337
20,eyes_closed,3,2.172148510943879
20,eyes_closed,3.5,1.732391556588411
20,eyes_closed,4,1.6410791062500272
20,eyes_closed,4.5,1.4203302591314448
20,eyes_closed,5,1.2132114238588205
20,eyes_closed,5.5,1.2137662794356314
20,eyes_closed,6,1.1107165308641327
20,eyes_closed,6.5,1.0760823817447982
20,eyes_closed,7,1.125799491241726
20,eyes_closed,7.5,1.2143740836264174
20,eyes_closed,8,1.5083694987782295
20,eyes_closed,8.5,2.0449163523890324
20,eyes_closed,9,2.948355995489984
20,eyes_closed,9.5,3.791996050617787
20,eyes_closed,10,4.409315284912917
20,eyes_closed,10.5,4.737636411966604
20,eyes_closed,11,4.936211908159674
20,eyes_closed,11.5,4.781164651430631
20,eyes_closed,12,4.74949264435015
20,eyes_closed,12.5,4.4751082162451965
20,eyes_closed,13,4.242353682157055
20,eyes_closed,13.5,4.086605604909835
20,eyes_closed,14,3.7232848925045796
20,eyes_closed,14.5,2.9330553130368737
20,eyes_closed,15,2.1330734426789832
20,eyes_closed,15.5,1.6708069377162418
20,eyes_closed,16,1.40265485847391
20,eyes_closed,16.5,1.2194620651538854
20,eyes_closed,17,1.158095728827053
20,eyes_closed,17.5,1.0049061944489797
20,eyes_closed,18,0.9054944810267296
20,eyes_closed,18.5,0.842163266484932
20,eyes_closed,19,0.7507756976952524
20,eyes_closed,19.5,0.7185450569170355
20,eyes_closed,20,0.662395741315177
20,eyes_closed,20.5,0.6612322785141368
20,eyes_closed,21,0.6182169103607142
20,eyes_closed,21.5,0.533309374438376
20,eyes_closed,22,0.5096553135035848
20,eyes_closed,22.5,0.46274385355069825
20,eyes_closed,23,0.43537190351005284
20,eyes_closed,23.5,0.39250900386461324
20,eyes_closed,24,0.35412120493934446
20,eyes_closed,24.5,0.32467858897217744
20,eyes_closed,25,0.29951616295050626
20,eyes_closed,25.5,0.27974917221722406
20,eyes_closed,26,0.28033310084118906
20,eyes_closed,26.5,0.272873945051184
20,eyes_closed,27,0.26023821797648805
20,eyes_closed,27.5,0.23172629219296678
20,eyes_closed,28,0.21533990660084062
20,eyes_closed,28.5,0.20730077010793993
20,eyes_closed,29,0.2106178669953443
20,eyes_closed,29.5,0.2081610369710518
20,eyes_closed,30,0.20473903964262524
20,eyes_closed,30.5,0.18477597745756535
20,eyes_closed,31,0.18224788823279803
20,eyes_closed,31.5,0.1739597279383599
20,eyes_closed,32,0.16227098235687643
20,eyes_closed,32.5,0.14637529084310488
20,eyes_closed,33,0.13796722366951966
20,eyes_closed,33.5,0.1351353645922138
20,eyes_closed,34,0.1378891764717082
20,eyes_closed,34.5,0.12539526203439874
20,eyes_closed,35,0.10768634134265963
20,eyes_closed,35.5,0.10202902084590795
20,eyes_closed,36,0.10622080542684671
20,eyes_closed,36.5,0.09763041440460266
20,eyes_closed,37,0.09253336215379696
20,eyes_closed,37.5,0.09329332198456876
20,eyes_closed,38,0.09481700013746569
20,eyes_closed,38.5,0.08609998453938658
20,eyes_closed,39,0.07132911836920228
20,eyes_closed,39.5,0.06781919366313481
20,eyes_closed,40,0.06336219723987871
20,eyes_closed,40.5,0.059474885268382474
20,eyes_closed,41,0.05726068834857597
20,eyes_closed,41.5,0.05473860820988447
20,eyes_closed,42,0.05088366636363932
20,eyes_closed,42.5,0.04674143373894445
20,eyes_closed,43,0.04368175834426449
20,eyes_closed,43.5,0.03802598864996385
20,eyes_closed,44,0.035435273263779044
20,eyes_closed,44.5,0.03843182518021027
20,eyes_closed,45,0.0331536609756492
20,eyes_open,1,10.573285243487113
20,eyes_open,1.5,8.132506388878102
20,eyes_open,2,6.215196186646443
20,eyes_open,2.5,4.843578934080464
20,eyes_open,3,3.6801961190661596
20,eyes_open,3.5,2.9065791879049323
20,eyes_open,4,2.314390734627605
20,eyes_open,4.5,1.8436965081739252
20,eyes_open,5,1.6307500534559425
20,eyes_open,5.5,1.4857619929193755
20,eyes_open,6,1.2986685353651592
20,eyes_open,6.5,1.1266058805913746
20,eyes_open,7,1.067660719344557
20,eyes_open,7.5,0.9369388395507262
20,eyes_open,8,0.9577934562093543
20,eyes_open,8.5,1.0483475167019198
20,eyes_open,9,1.2500000656027095
20,eyes_open,9.5,1.5421056962693394
20,eyes_open,10,1.92553983320201
20,eyes_open,10.5,2.214033174029413
20,eyes_open,11,2.4971836671817926
20,eyes_open,11.5,2.815716441222969
20,eyes_open,12,3.3770650854955204
20,eyes_open,12.5,4.273904980203752
20,eyes_open,13,4.702235376209602
20,eyes_open,13.5,4.918037721934987
20,eyes_open,14,4.293453706348437
20,eyes_open,14.5,3.086042037718163
20,eyes_open,15,2.012481552206042
20,eyes_open,15.5,1.5741993816340762
20,eyes_open,16,1.3888290843688442
20,eyes_open,16.5,1.1567568437386326
20,eyes_open,17,0.9441089172953668
20,eyes_open,17.5,0.8659314421303426
20,eyes_open,18,0.8251434599371428
20,eyes_open,18.5,0.735014701502
20,eyes_open,19,0.6613238079576634
20,eyes_open,19.5,0.6394200047775991
20,eyes_open,20,0.5633306296396723
20,eyes_open,20.5,0.5221998363170658
20,eyes_open,21,0.532357788523213
20,eyes_open,21.5,0.5331685358634372
20,eyes_open,22,0.47658294008027297
20,eyes_open,22.5,0.437632035258079
20,eyes_open,23,0.40542152928350317
20,eyes_open,23.5,0.3663036155720588
20,eyes_open,24,0.33561152317994075
20,eyes_open,24.5,0.3149231761773292
20,eyes_open,25,0.3047536218353352
20,eyes_open,25.5,0.26505625747265443
20,eyes_open,26,0.254346663675958
20,eyes_open,26.5,0.23769301949042074
20,eyes_open,27,0.2511995446519458
20,eyes_open,27.5,0.23369154595991615
20,eyes_open,28,0.20924056036184793
20,eyes_open,28.5,0.19521736358975497
20,eyes_open,29,0.17524602430202454
20,eyes_open,29.5,0.16322706790250185
20,eyes_open,30,0.1479400219982771
20,eyes_open,30.5,0.14675079817880066
20,eyes_open,31,0.13456782539400153
20,eyes_open,31.5,0.12856975535300721
20,eyes_open,32,0.1278798263786063
20,eyes_open,32.5,0.11897096241830094
20,eyes_open,33,0.1161160871154667
20,eyes_open,33.5,0.10832579303533096
20,eyes_open,34,0.10053230046812563
20,eyes_open,34.5,0.1040589209091788
20,eyes_open,35,0.10338135087170912
20,eyes_open,35.5,0.09638553297049675
20,eyes_open,36,0.0913384797005912
20,eyes_open,36.5,0.08883402562490025
20,eyes_open,37,0.08201674996591439
20,eyes_open,37.5,0.07960064544399756
20,eyes_open,38,0.07539741913580641
20,eyes_open,38.5,0.06753333156456413
20,eyes_open,39,0.06136438086628273
20,eyes_open,39.5,0.06154678014791409
20,eyes_open,40,0.055416382807978795
20,eyes_open,40.5,0.04729828068533099
20,eyes_open,41,0.043878542946988335
20,eyes_open,41.5,0.042426773294129735
20,eyes_open,42,0.04245659715370772
20,eyes_open,42.5,0.03982152591293048
20,eyes_open,43,0.03502736556375501
20,eyes_open,43.5,0.03136799169836714
20,eyes_open,44,0.027596443254033296
20,eyes_open,44.5,0.028356977867958197
20,eyes_open,45,0.026475693452859897
21,eyes_closed,1,4.068246917157108
21,eyes_closed,1.5,2.3716328640563
21,eyes_closed,2,1.4910315043168991
21,eyes_closed,2.5,1.0433214691383155
21,eyes_closed,3,0.832928523808966
21,eyes_closed,3.5,0.7097115832694698
21,eyes_closed,4,0.6873793691377018
21,eyes_closed,4.5,0.6233539455243472
21,eyes_closed,5,0.5630816299803147
21,eyes_closed,5.5,0.5343087573612951
21,eyes_closed,6,0.5432875886872808
21,eyes_closed,6.5,0.6188484662899837
21,eyes_closed,7,0.7268086466987979
21,eyes_closed,7.5,0.8972595015620572
21,eyes_closed,8,1.3024445232187838
21,eyes_closed,8.5,2.100893607520747
21,eyes_closed,9,4.184740090087827
21,eyes_closed,9.5,7.5590332376400315
21,eyes_closed,10,13.460702673168937
21,eyes_closed,10.5,15.968887681831632
21,eyes_closed,11,10.254785977220516
21,eyes_closed,11.5,4.872222144238091
21,eyes_closed,12,2.6793046041700346
21,eyes_closed,12.5,1.34945075024251
21,eyes_closed,13,0.8042067781756684
21,eyes_closed,13.5,0.5799353755191553
21,eyes_closed,14,0.4439448672714933
21,eyes_closed,14.5,0.4465672827644205
21,eyes_closed,15,0.43679999774217604
21,eyes_closed,15.5,0.39943576297386196
21,eyes_closed,16,0.4151844411901322
21,eyes_closed,16.5,0.42766251449971737
21,eyes_closed,17,0.4084363149844115
21,eyes_closed,17.5,0.3989650372429953
21,eyes_closed,18,0.36726478981345756
21,eyes_closed,18.5,0.40334266550255077
21,eyes_closed,19,0.41808280775951984
21,eyes_closed,19.5,0.45573593527274714
21,eyes_closed,20,0.44511676290345004
21,eyes_closed,20.5,0.38530840508884984
21,eyes_closed,21,0.3810404396982302
21,eyes_closed,21.5,0.3091229725047598
21,eyes_closed,22,0.23774318484531917
21,eyes_closed,22.5,0.20385667843815958
21,eyes_closed,23,0.19224961429213355
21,eyes_closed,23.5,0.17970227089639337
21,eyes_closed,24,0.15329905914169928
21,eyes_closed,24.5,0.14860978212173553
21,eyes_closed,25,0.15657113382593396
21,eyes_closed,25.5,0.14485123134692438
21,eyes_closed,26,0.1495324224133661
21,eyes_closed,26.5,0.1405255020859283
21,eyes_closed,27,0.12847026401011724
21,eyes_closed,27.5,0.11985573515376258
21,eyes_closed,28,0.10929654376619803
21,eyes_closed,28.5,0.1011037677921715
21,eyes_closed,29,0.10179306724535161
21,eyes_closed,29.5,0.09933784063315682
21,eyes_closed,30,0.09123080725087754
21,eyes_closed,30.5,0.08797505958065091
21,eyes_closed,31,0.08199075303104697
21,eyes_closed,31.5,0.08127152264447242
21,eyes_closed,32,0.07838640269407189
21,eyes_closed,32.5,0.06593160531001982
21,eyes_closed,33,0.06545307195560712
21,eyes_closed,33.5,0.0655975747260608
21,eyes_closed,34,0.06136202281216765
21,eyes_closed,34.5,0.05500223815867589
21,eyes_closed,35,0.04999482822066527
21,eyes_closed,35.5,0.04868083490927204
21,eyes_closed,36,0.04156224852258002
21,eyes_closed,36.5,0.042023679849564906
21,eyes_closed,37,0.040134683612931835
21,eyes_closed,37.5,0.03697779013701989
21,eyes_closed,38,0.034733596154442894
21,eyes_closed,38.5,0.032383453809509855
21,eyes_closed,39,0.03088253568312571
21,eyes_closed,39.5,0.028193884146441743
21,eyes_closed,40,0.025167627497670382
21,eyes_closed,40.5,0.023807882763275817
21,eyes_closed,41,0.022214981942709072
21,eyes_closed,41.5,0.022015352209465787
21,eyes_closed,42,0.020698196783005062
21,eyes_closed,42.5,0.019367437245823533
21,eyes_closed,43,0.017369785222437848
21,eyes_closed,43.5,0.015357080601410559
21,eyes_closed,44,0.015119388556541574
21,eyes_closed,44.5,0.014661257396951332
21,eyes_closed,45,0.013871928631587913
21,eyes_open,1,3.8669950793783103
21,eyes_open,1.5,2.427320039128464
21,eyes_open,2,1.595973070017918
21,eyes_open,2.5,1.068763148932395
21,eyes_open,3,0.9694060099564517
21,eyes_open,3.5,0.9219887064344272
21,eyes_open,4,0.8039311887316699
21,eyes_open,4.5,0.712574751561259
21,eyes_open,5,0.5754685970111907
21,eyes_open,5.5,0.507845957284076
21,eyes_open,6,0.5331603138727012
21,eyes_open,6.5,0.5767269075113974
21,eyes_open,7,0.5724544247024657
21,eyes_open,7.5,0.5252462019269042
21,eyes_open,8,0.47851163689934895
21,eyes_open,8.5,0.4574493700501181
21,eyes_open,9,0.5196163378250819
21,eyes_open,9.5,0.675927367875187
21,eyes_open,10,0.7635725265887785
21,eyes_open,10.5,0.6841535223582412
21,eyes_open,11,0.5702829505255635
21,eyes_open,11.5,0.5316982398952992
21,eyes_open,12,0.4491721823014189
21,eyes_open,12.5,0.3969264572687088
21,eyes_open,13,0.36537000194941444
21,eyes_open,13.5,0.3544997141008888
21,eyes_open,14,0.35591323098848227
21,eyes_open,14.5,0.3271835124761884
21,eyes_open,15,0.2953956069196675
21,eyes_open,15.5,0.274085856880088
21,eyes_open,16,0.26541435161744187
21,eyes_open,16.5,0.2967773148904817
21,eyes_open,17,0.2956426107931059
21,eyes_open,17.5,0.27973421777165325
21,eyes_open,18,0.2692558027229933
21,eyes_open,18.5,0.26972469461917803
21,eyes_open,19,0.2757776824800594
21,eyes_open,19.5,0.23992436304127396
21,eyes_open,20,0.2275659689863854
21,eyes_open,20.5,0.21156440042854416
21,eyes_open,21,0.18919225408573326
21,eyes_open,21.5,0.19037446385698292
21,eyes_open,22,0.1819081704975493
21,eyes_open,22.5,0.17100003786571716
21,eyes_open,23,0.15929466181292104
21,eyes_open,23.5,0.16283573136914853
21,eyes_open,24,0.16387887229828918
21,eyes_open,24.5,0.1413627204535689
21,eyes_open,25,0.14784939493602037
21,eyes_open,25.5,0.1420198932547951
21,eyes_open,26,0.13144363475098658
21,eyes_open,26.5,0.1324786889121134
21,eyes_open,27,0.12692409844810487
21,eyes_open,27.5,0.12876220407430575
21,eyes_open,28,0.12167605402240277
21,eyes_open,28.5,0.10638757141599023
21,eyes_open,29,0.10148594991055203
21,eyes_open,29.5,0.09716256792107399
21,eyes_open,30,0.10050191138269633
21,eyes_open,30.5,0.09309021804069749
21,eyes_open,31,0.08532374267128631
21,eyes_open,31.5,0.08266514103229078
21,eyes_open,32,0.08445358127346077
21,eyes_open,32.5,0.07757520391057508
21,eyes_open,33,0.07148714200702545
21,eyes_open,33.5,0.06735045145918563
21,eyes_open,34,0.06337524615582744
21,eyes_open,34.5,0.05910803536460156
21,eyes_open,35,0.05531484568100163
21,eyes_open,35.5,0.05221466350524315
21,eyes_open,36,0.0468206552718465
21,eyes_open,36.5,0.04391528986122273
21,eyes_open,37,0.041507319023076306
21,eyes_open,37.5,0.036067500737221286
21,eyes_open,38,0.03719040767303975
21,eyes_open,38.5,0.03598407801210747
21,eyes_open,39,0.030847297653983755
21,eyes_open,39.5,0.03043218932025305
21,eyes_open,40,0.028470032307111526
21,eyes_open,40.5,0.024177585526534488
21,eyes_open,41,0.023208963167268774
21,eyes_open,41.5,0.022337966202704618
21,eyes_open,42,0.02102756976011362
21,eyes_open,42.5,0.01909817519423082
21,eyes_open,43,0.018144432024428902
21,eyes_open,43.5,0.016180010777304448
21,eyes_open,44,0.014294633648732076
21,eyes_open,44.5,0.014327137848692524
21,eyes_open,45,0.013553061706201854
22,eyes_closed,1,3.0698879208980507
22,eyes_closed,1.5,1.750341541612177
22,eyes_closed,2,1.1307638183412516
22,eyes_closed,2.5,0.9937417529638284
22,eyes_closed,3,0.8160488733954357
22,eyes_closed,3.5,0.6905726751516295
22,eyes_closed,4,0.6775604470618632
22,eyes_closed,4.5,0.6638206240540125
22,eyes_closed,5,0.6826754528971067
22,eyes_closed,5.5,0.707491100419207
22,eyes_closed,6,0.7185681678634195
22,eyes_closed,6.5,0.779413074399463
22,eyes_closed,7,1.0159861440783153
22,eyes_closed,7.5,1.3817988064613325
22,eyes_closed,8,2.319205017603012
22,eyes_closed,8.5,6.563340559775816
22,eyes_closed,9,18.742943442172855
22,eyes_closed,9.5,19.994073325288362
22,eyes_closed,10,11.563774744663846
22,eyes_closed,10.5,9.297832714550761
22,eyes_closed,11,11.057649660317052
22,eyes_closed,11.5,8.604354463410864
22,eyes_closed,12,3.889774706238622
22,eyes_closed,12.5,1.6576026941610127
22,eyes_closed,13,0.7949599660906636
22,eyes_closed,13.5,0.5046127085093007
22,eyes_closed,14,0.3747463767396613
22,eyes_closed,14.5,0.3311082878527269
22,eyes_closed,15,0.36605343167578386
22,eyes_closed,15.5,0.41049622573061273
22,eyes_closed,16,0.41589904800254357
22,eyes_closed,16.5,0.45474491655590876
22,eyes_closed,17,0.5285985059060158
22,eyes_closed,17.5,0.548756786305142
22,eyes_closed,18,0.5509793306937785
22,eyes_closed,18.5,0.5252486071853641
22,eyes_closed,19,0.4732060662542761
22,eyes_closed,19.5,0.3926194523648734
22,eyes_closed,20,0.3344118420610073
22,eyes_closed,20.5,0.29919247773045554
22,eyes_closed,21,0.28101704673697325
22,eyes_closed,21.5,0.2875550238161035
22,eyes_closed,22,0.27161107224787007
22,eyes_closed,22.5,0.2335574098114273
22,eyes_closed,23,0.20027524085519915
22,eyes_closed,23.5,0.17234547893655439
22,eyes_closed,24,0.14715584162882964
22,eyes_closed,24.5,0.11891732813668485
22,eyes_closed,25,0.1023394664214476
22,eyes_closed,25.5,0.08854015058636358
22,eyes_closed,26,0.08964006008648533
22,eyes_closed,26.5,0.08747919582934587
22,eyes_closed,27,0.07313178362041378
22,eyes_closed,27.5,0.06561530280640511
22,eyes_closed,28,0.06417828232222335
22,eyes_closed,28.5,0.05676349755969023
22,eyes_closed,29,0.049827599333462896
22,eyes_closed,29.5,0.05149895801129164
22,eyes_closed,30,0.04664644621352591
22,eyes_closed,30.5,0.044823928337358945
22,eyes_closed,31,0.041417884546680786
22,eyes_closed,31.5,0.03539823699330928
22,eyes_closed,32,0.034023346936895724
22,eyes_closed,32.5,0.03183604843293312
22,eyes_closed,33,0.027034939024395754
22,eyes_closed,33.5,0.026942352394332934
22,eyes_closed,34,0.025889200863229843
22,eyes_closed,34.5,0.02392474621881663
22,eyes_closed,35,0.02165489135728184
22,eyes_closed,35.5,0.019097965168696846
22,eyes_closed,36,0.017038592601512362
22,eyes_closed,36.5,0.015096147531416736
22,eyes_closed,37,0.015453425600837411
22,eyes_closed,37.5,0.014781826544112947
22,eyes_closed,38,0.01343044858094897
22,eyes_closed,38.5,0.01274861901415024
22,eyes_closed,39,0.012816109617441762
22,eyes_closed,39.5,0.012559827383883495
22,eyes_closed,40,0.010612822236908098
22,eyes_closed,40.5,0.01008207255598308
22,eyes_closed,41,0.010118626704046663
22,eyes_closed,41.5,0.009260782336509543
22,eyes_closed,42,0.008626399640150145
22,eyes_closed,42.5,0.008519136887674831
22,eyes_closed,43,0.008052997284189324
22,eyes_closed,43.5,0.0075054334607414334
22,eyes_closed,44,0.006578915926791444
22,eyes_closed,44.5,0.006487833284995682
22,eyes_closed,45,0.0056416380485206545
22,eyes_open,1,3.3934902842776324
22,eyes_open,1.5,1.9186397494811924
22,eyes_open,2,1.0676593719361074
22,eyes_open,2.5,0.8961264930249632
22,eyes_open,3,0.7369225725882695
22,eyes_open,3.5,0.6231094247845226
22,eyes_open,4,0.5725186041381365
22,eyes_open,4.5,0.558221903566417
22,eyes_open,5,0.5137577323580703
22,eyes_open,5.5,0.47737556318782837
22,eyes_open,6,0.5234707635169314
22,eyes_open,6.5,0.618020236248155
22,eyes_open,7,0.6946271960521173
22,eyes_open,7.5,0.695495327688935
22,eyes_open,8,0.772110753485479
22,eyes_open,8.5,1.4577746020605318
22,eyes_open,9,2.3572559590350224
22,eyes_open,9.5,2.56078442841605
22,eyes_open,10,2.6490257101099024
22,eyes_open,10.5,2.7763081902503184
22,eyes_open,11,2.1030501436831006
22,eyes_open,11.5,1.1658673450930825
22,eyes_open,12,0.6546858530494224
22,eyes_open,12.5,0.4992210975290171
22,eyes_open,13,0.4398971890099918
22,eyes_open,13.5,0.36929443538757417
22,eyes_open,14,0.3244921345133248
22,eyes_open,14.5,0.27856245526605566
22,eyes_open,15,0.25058686946079645
22,eyes_open,15.5,0.24554734276388376
22,eyes_open,16,0.2557262542749726
22,eyes_open,16.5,0.2770410485731971
22,eyes_open,17,0.27922348325139545
22,eyes_open,17.5,0.2856013295202289
22,eyes_open,18,0.25479087059411853
22,eyes_open,18.5,0.24105322426519668
22,eyes_open,19,0.21851269766142012
22,eyes_open,19.5,0.2029481035890142
22,eyes_open,20,0.18844060287711167
22,eyes_open,20.5,0.17423454376923897
22,eyes_open,21,0.15616006313899528
22,eyes_open,21.5,0.14362972509680916
22,eyes_open,22,0.11965529868338462
22,eyes_open,22.5,0.11621997097457525
22,eyes_open,23,0.10241008713126792
22,eyes_open,23.5,0.09962060269448278
22,eyes_open,24,0.10221140327261537
22,eyes_open,24.5,0.09782900445162183
22,eyes_open,25,0.09096145752037427
22,eyes_open,25.5,0.08133241768141895
22,eyes_open,26,0.07848390867262496
22,eyes_open,26.5,0.07948643310824208
22,eyes_open,27,0.07562102010682151
22,eyes_open,27.5,0.06856284179563216
22,eyes_open,28,0.06443173653816875
22,eyes_open,28.5,0.057995780411265276
22,eyes_open,29,0.05724416967289043
22,eyes_open,29.5,0.05401437443277657
22,eyes_open,30,0.04657497489335725
22,eyes_open,30.5,0.04332465477200346
22,eyes_open,31,0.03989498529250059
22,eyes_open,31.5,0.0366907162906333
22,eyes_open,32,0.03549646816842566
22,eyes_open,32.5,0.03246729012869622
22,eyes_open,33,0.028123189837726464
22,eyes_open,33.5,0.02859743027596745
22,eyes_open,34,0.02798942868449327
22,eyes_open,34.5,0.025082900747622906
22,eyes_open,35,0.024124786681664807
22,eyes_open,35.5,0.02179959099745942
22,eyes_open,36,0.02117822980407669
22,eyes_open,36.5,0.020700637418901328
22,eyes_open,37,0.02113584455435369
22,eyes_open,37.5,0.019930399017593633
22,eyes_open,38,0.01672989058346488
22,eyes_open,38.5,0.015523952802775416
22,eyes_open,39,0.015393953245283955
22,eyes_open,39.5,0.0154514017432994
22,eyes_open,40,0.014901098063940778
22,eyes_open,40.5,0.013230456085557655
22,eyes_open,41,0.011379104947000014
22,eyes_open,41.5,0.010450107934329564
22,eyes_open,42,0.009314862205857406
22,eyes_open,42.5,0.009141016049526454
22,eyes_open,43,0.009181802445054706
22,eyes_open,43.5,0.008504774185818539
22,eyes_open,44,0.007821719457790666
22,eyes_open,44.5,0.0070012888368483316
22,eyes_open,45,0.0071431393474609564
23,eyes_closed,1,3.1596224981151035
23,eyes_closed,1.5,1.8359630961042794
23,eyes_closed,2,1.2982956646647594
23,eyes_closed,2.5,1.0693383382311075
23,eyes_closed,3,0.9113648303780363
23,eyes_closed,3.5,0.860056793119286
23,eyes_closed,4,0.8442070400801528
23,eyes_closed,4.5,0.8264514527211252
23,eyes_closed,5,0.7855458532066857
23,eyes_closed,5.5,0.7669331820280229
23,eyes_closed,6,1.003790993793653
23,eyes_closed,6.5,1.5642437259383462
23,eyes_closed,7,2.8720814604469758
23,eyes_closed,7.5,2.228920397701154
23,eyes_closed,8,0.9754219393503518
23,eyes_closed,8.5,0.61252867125762
23,eyes_closed,9,0.46979356917898835
23,eyes_closed,9.5,0.4281535981070594
23,eyes_closed,10,0.4972572363368616
23,eyes_closed,10.5,0.6825409849665312
23,eyes_closed,11,0.9198798683631717
23,eyes_closed,11.5,1.1750916210429831
23,eyes_closed,12,1.0580493580140955
23,eyes_closed,12.5,0.874215863973755
23,eyes_closed,13,0.7439103325866995
23,eyes_closed,13.5,0.6571936425578314
23,eyes_closed,14,0.6597199124847027
23,eyes_closed,14.5,0.5109427417098608
23,eyes_closed,15,0.3566271130420263
23,eyes_closed,15.5,0.28050795391688366
23,eyes_closed,16,0.26003690247391864
23,eyes_closed,16.5,0.2537799969163758
23,eyes_closed,17,0.2420441266588208
23,eyes_closed,17.5,0.2311639138042035
23,eyes_closed,18,0.24524789198595998
23,eyes_closed,18.5,0.22918160517828762
23,eyes_closed,19,0.22992118532208444
23,eyes_closed,19.5,0.23034313454835892
23,eyes_closed,20,0.2226182424451812
23,eyes_closed,20.5,0.2057041119829856
23,eyes_closed,21,0.2032177263028299
23,eyes_closed,21.5,0.20076117923675504
23,eyes_closed,22,0.17603084355635934
23,eyes_closed,22.5,0.1681863018104235
23,eyes_closed,23,0.15314661745156014
23,eyes_closed,23.5,0.13740541911409315
23,eyes_closed,24,0.13939059068923634
23,eyes_closed,24.5,0.13033955130436406
23,eyes_closed,25,0.11539193798166719
23,eyes_closed,25.5,0.10732585645000225
23,eyes_closed,26,0.10280351388940508
23,eyes_closed,26.5,0.10047738357729963
23,eyes_closed,27,0.1060577955907509
23,eyes_closed,27.5,0.09646638701948136
23,eyes_closed,28,0.09168171264402987
23,eyes_closed,28.5,0.09137217047439293
23,eyes_closed,29,0.08525677758721686
23,eyes_closed,29.5,0.08061767901234154
23,eyes_closed,30,0.07447552687089723
23,eyes_closed,30.5,0.06555764913223598
23,eyes_closed,31,0.056549914666946116
23,eyes_closed,31.5,0.05132110790637408
23,eyes_closed,32,0.05094276339691149
23,eyes_closed,32.5,0.04952507257349152
23,eyes_closed,33,0.04500830102063241
23,eyes_closed,33.5,0.04092982466023572
23,eyes_closed,34,0.038365384145944204
23,eyes_closed,34.5,0.03543375756574198
23,eyes_closed,35,0.03458898294724245
23,eyes_closed,35.5,0.034373875543677254
23,eyes_closed,36,0.033660202174769255
23,eyes_closed,36.5,0.030749131310045176
23,eyes_closed,37,0.026138333145532034
23,eyes_closed,37.5,0.025220352396780804
23,eyes_closed,38,0.02550746278954164
23,eyes_closed,38.5,0.02444191359597338
23,eyes_closed,39,0.022200924457668574
23,eyes_closed,39.5,0.020381281370532967
23,eyes_closed,40,0.01955157210956139
23,eyes_closed,40.5,0.01889377411363111
23,eyes_closed,41,0.016713768474619098
23,eyes_closed,41.5,0.015959351352837336
23,eyes_closed,42,0.015284183028783933
23,eyes_closed,42.5,0.013712274544895887
23,eyes_closed,43,0.012628250012769909
23,eyes_closed,43.5,0.012042731740425621
23,eyes_closed,44,0.012175368342762706
23,eyes_closed,44.5,0.011760323372948318
23,eyes_closed,45,0.010666403285069096
23,eyes_open,1,4.415748464515679
23,eyes_open,1.5,2.6807672365159205
23,eyes_open,2,1.8171048335718127
23,eyes_open,2.5,1.3279607686510788
23,eyes_open,3,1.0816128007962893
23,eyes_open,3.5,0.9289741941354835
23,eyes_open,4,0.88619859992613
23,eyes_open,4.5,0.9097477897180786
23,eyes_open,5,0.8737335757215776
23,eyes_open,5.5,0.8474469739684749
23,eyes_open,6,0.8878912295448143
23,eyes_open,6.5,1.1048359278790103
23,eyes_open,7,1.191919379202702
23,eyes_open,7.5,1.025533037556406
23,eyes_open,8,0.8019590442432992
23,eyes_open,8.5,0.5977132158005037
23,eyes_open,9,0.5151427374553734
23,eyes_open,9.5,0.4494004058520919
23,eyes_open,10,0.44552191482648024
23,eyes_open,10.5,0.4388015814257509
23,eyes_open,11,0.44446317470372076
23,eyes_open,11.5,0.502826145118562
23,eyes_open,12,0.5523274351653679
23,eyes_open,12.5,0.5360304313234056
23,eyes_open,13,0.46279631351145406
23,eyes_open,13.5,0.3950420581494904
23,eyes_open,14,0.3479542544883688
23,eyes_open,14.5,0.3152070766741196
23,eyes_open,15,0.2739226125185154
23,eyes_open,15.5,0.24968837688483225
23,eyes_open,16,0.24221995907169327
23,eyes_open,16.5,0.24970909305429645
23,eyes_open,17,0.24239474361043123
23,eyes_open,17.5,0.24549499030964558
23,eyes_open,18,0.24559807040349602
23,eyes_open,18.5,0.2654333614644649
23,eyes_open,19,0.26526362009128024
23,eyes_open,19.5,0.2546172105769016
23,eyes_open,20,0.26570507032207297
23,eyes_open,20.5,0.24706941250756212
23,eyes_open,21,0.2616643381272102
23,eyes_open,21.5,0.24012066818633404
23,eyes_open,22,0.21434950991040722
23,eyes_open,22.5,0.21093690980372531
23,eyes_open,23,0.19723821070399533
23,eyes_open,23.5,0.19302690826982571
23,eyes_open,24,0.1976397159584358
23,eyes_open,24.5,0.18669738328844426
23,eyes_open,25,0.15257280225772238
23,eyes_open,25.5,0.13059359846271512
23,eyes_open,26,0.11788578065804235
23,eyes_open,26.5,0.11009663669129452
23,eyes_open,27,0.110393630010946
23,eyes_open,27.5,0.11102539206587933
23,eyes_open,28,0.09827758540544472
23,eyes_open,28.5,0.09086754186239956
23,eyes_open,29,0.09529342413136406
23,eyes_open,29.5,0.0909283055344174
23,eyes_open,30,0.07853729490121913
23,eyes_open,30.5,0.06871589801987067
23,eyes_open,31,0.06460972248898776
23,eyes_open,31.5,0.058264196659188985
23,eyes_open,32,0.05728857080096371
23,eyes_open,32.5,0.0515188862044918
23,eyes_open,33,0.04526618103553498
23,eyes_open,33.5,0.0409790332485952
23,eyes_open,34,0.04055802599111986
23,eyes_open,34.5,0.03966714337163162
23,eyes_open,35,0.03727834928507218
23,eyes_open,35.5,0.03624065573634141
23,eyes_open,36,0.0336400742028311
23,eyes_open,36.5,0.03342702334023769
23,eyes_open,37,0.03057998565879594
23,eyes_open,37.5,0.030488470930975668
23,eyes_open,38,0.027946178764907837
23,eyes_open,38.5,0.025351737095558952
23,eyes_open,39,0.024300357775553148
23,eyes_open,39.5,0.022511415317010574
23,eyes_open,40,0.021144503173548886
23,eyes_open,40.5,0.020581976914482686
23,eyes_open,41,0.01867505502190625
23,eyes_open,41.5,0.018229083852355676
23,eyes_open,42,0.016190563932609068
23,eyes_open,42.5,0.015360875153113709
23,eyes_open,43,0.01521551782815422
23,eyes_open,43.5,0.01345704095734013
23,eyes_open,44,0.0125000755743634
23,eyes_open,44.5,0.012205178084179114
23,eyes_open,45,0.011124784866549478
24,eyes_closed,1,5.941178074568465
24,eyes_closed,1.5,3.169525412562099
24,eyes_closed,2,2.0425163365676875
24,eyes_closed,2.5,1.7578837108647645
24,eyes_closed,3,1.6778734813925198
24,eyes_closed,3.5,1.4227585116907557
24,eyes_closed,4,1.2984459064454357
24,eyes_closed,4.5,1.0979533200532092
24,eyes_closed,5,1.0386538920709152
24,eyes_closed,5.5,0.9802531643554845
24,eyes_closed,6,0.954832863221198
24,eyes_closed,6.5,0.9925689859201502
24,eyes_closed,7,1.0773981081339405
24,eyes_closed,7.5,1.2403296326319342
24,eyes_closed,8,1.66895800738237
24,eyes_closed,8.5,2.501370804286294
24,eyes_closed,9,5.086098809421121
24,eyes_closed,9.5,11.534193425293246
24,eyes_closed,10,26.986006602821444
24,eyes_closed,10.5,53.30018458859977
24,eyes_closed,11,52.101494628319884
24,eyes_closed,11.5,20.977271424567256
24,eyes_closed,12,9.119742174087296
24,eyes_closed,12.5,5.368918011378871
24,eyes_closed,13,2.9979043877311087
24,eyes_closed,13.5,1.899630059916089
24,eyes_closed,14,1.4727539297547105
24,eyes_closed,14.5,1.399273905953691
24,eyes_closed,15,1.3837282930330521
24,eyes_closed,15.5,1.3575278135483708
24,eyes_closed,16,1.369588358447034
24,eyes_closed,16.5,1.3668555198099483
24,eyes_closed,17,1.439289960315957
24,eyes_closed,17.5,1.5893860171380876
24,eyes_closed,18,1.7188893470868603
24,eyes_closed,18.5,1.6650520657564827
24,eyes_closed,19,1.6280451012240784
24,eyes_closed,19.5,1.7807389889700198
24,eyes_closed,20,1.9239122798253065
24,eyes_closed,20.5,2.0317781916817763
24,eyes_closed,21,1.8108686638182123
24,eyes_closed,21.5,1.5120845537695902
24,eyes_closed,22,1.2388597221035784
24,eyes_closed,22.5,0.9450805877605643
24,eyes_closed,23,0.7036129472574311
24,eyes_closed,23.5,0.6350300208273836
24,eyes_closed,24,0.5628126083978174
24,eyes_closed,24.5,0.5300758361389747
24,eyes_closed,25,0.4916149995030038
24,eyes_closed,25.5,0.4026520319335063
24,eyes_closed,26,0.3605390222495598
24,eyes_closed,26.5,0.35219188420385994
24,eyes_closed,27,0.3301396584468619
24,eyes_closed,27.5,0.3273179089405911
24,eyes_closed,28,0.330399107390494
24,eyes_closed,28.5,0.33062945937755445
24,eyes_closed,29,0.27757285428112427
24,eyes_closed,29.5,0.2762610727156148
24,eyes_closed,30,0.2813167802540118
24,eyes_closed,30.5,0.25259401067649484
24,eyes_closed,31,0.25132111493518966
24,eyes_closed,31.5,0.2535449217896316
24,eyes_closed,32,0.22009079821104033
24,eyes_closed,32.5,0.1950251099693237
24,eyes_closed,33,0.17702501830226208
24,eyes_closed,33.5,0.17295068979864842
24,eyes_closed,34,0.15563096127485113
24,eyes_closed,34.5,0.13634179987013495
24,eyes_closed,35,0.1308106080315634
24,eyes_closed,35.5,0.13762204209298165
24,eyes_closed,36,0.1267378535601756
24,eyes_closed,36.5,0.11090410490644766
24,eyes_closed,37,0.11567309510699803
24,eyes_closed,37.5,0.0991726699612993
24,eyes_closed,38,0.08857192675190546
24,eyes_closed,38.5,0.0716825084609371
24,eyes_closed,39,0.0684685970686346
24,eyes_closed,39.5,0.07436802885848812
24,eyes_closed,40,0.06239584304080012
24,eyes_closed,40.5,0.05746213246188374
24,eyes_closed,41,0.054818426572814216
24,eyes_closed,41.5,0.05818176856077873
24,eyes_closed,42,0.06286711502888341
24,eyes_closed,42.5,0.05240399098154079
24,eyes_closed,43,0.041465377567333886
24,eyes_closed,43.5,0.039086628535446345
24,eyes_closed,44,0.03950263956401361
24,eyes_closed,44.5,0.04003807466094687
24,eyes_closed,45,0.0318967103533088
24,eyes_open,1,5.178693850967819
24,eyes_open,1.5,2.7068383649136147
24,eyes_open,2,1.6516282672271674
24,eyes_open,2.5,1.3290044200309212
24,eyes_open,3,1.0238515650342712
24,eyes_open,3.5,0.8598954535197569
24,eyes_open,4,0.82575180381518265
24,eyes_open,4.5,0.6650461195214673
24,eyes_open,5,0.589549146062371
24,eyes_open,5.5,0.5063460880978524
24,eyes_open,6,0.5054546559406206
24,eyes_open,6.5,0.5965984506676368
24,eyes_open,7,0.5902437772228569
24,eyes_open,7.5,0.5770341650371813
24,eyes_open,8,0.6290461990921669
24,eyes_open,8.5,0.6016775500023119
24,eyes_open,9,0.6082340417860692
24,eyes_open,9.5,0.6097819277349869
24,eyes_open,10,0.6334741716007484
24,eyes_open,10.5,0.6886885800037174
24,eyes_open,11,0.7215555063348159
24,eyes_open,11.5,0.692074874568115
24,eyes_open,12,0.6302045981827121
24,eyes_open,12.5,0.6324137419944289
24,eyes_open,13,0.6280662050397334
24,eyes_open,13.5,0.65026159407785
24,eyes_open,14,0.704917617600685
24,eyes_open,14.5,0.7330949260447914
24,eyes_open,15,0.7830637794252555
24,eyes_open,15.5,0.8787606790239667
24,eyes_open,16,0.8494294775709199
24,eyes_open,16.5,0.8821362297712074
24,eyes_open,17,0.9477447283841481
24,eyes_open,17.5,0.978670756068395
24,eyes_open,18,0.9951304462860789
24,eyes_open,18.5,0.9809572800685268
24,eyes_open,19,1.0342449534801894
24,eyes_open,19.5,0.9883005145719748
24,eyes_open,20,0.9688678018818558
24,eyes_open,20.5,0.8671467174858275
24,eyes_open,21,0.8270973961147683
24,eyes_open,21.5,0.7486882193565715
24,eyes_open,22,0.6475288979954369
24,eyes_open,22.5,0.6693660566187369
24,eyes_open,23,0.667894580108559
24,eyes_open,23.5,0.5987200585114919
24,eyes_open,24,0.5330608647617481
24,eyes_open,24.5,0.4971007839085888
24,eyes_open,25,0.44777572789545306
24,eyes_open,25.5,0.43230045858576654
24,eyes_open,26,0.43654859274990737
24,eyes_open,26.5,0.3895765965107971
24,eyes_open,27,0.3606142569564962
24,eyes_open,27.5,0.3362127042231203
24,eyes_open,28,0.32365537883537254
24,eyes_open,28.5,0.3090790299959525
24,eyes_open,29,0.2813413700675886
24,eyes_open,29.5,0.2725727465459372
24,eyes_open,30,0.2618374161881938
24,eyes_open,30.5,0.24273986567031014
24,eyes_open,31,0.22217322169936315
24,eyes_open,31.5,0.21935320180317627
24,eyes_open,32,0.21444001710428598
24,eyes_open,32.5,0.1931165390433681
24,eyes_open,33,0.18492823382109036
24,eyes_open,33.5,0.16205957754821246
24,eyes_open,34,0.1649097810837809
24,eyes_open,34.5,0.15811480831071226
24,eyes_open,35,0.15871588400833894
24,eyes_open,35.5,0.14551767225087442
24,eyes_open,36,0.14073855644235073
24,eyes_open,36.5,0.1375483770743382
24,eyes_open,37,0.1264625110338867
24,eyes_open,37.5,0.11673904139349703
24,eyes_open,38,0.10533783439370767
24,eyes_open,38.5,0.10013181367731391
24,eyes_open,39,0.09347968413984666
24,eyes_open,39.5,0.0866942436077119
24,eyes_open,40,0.0849675330507003
24,eyes_open,40.5,0.07973206173079798
24,eyes_open,41,0.07034604123370827
24,eyes_open,41.5,0.06785262090736585
24,eyes_open,42,0.059400868127194396
24,eyes_open,42.5,0.054630910429726266
24,eyes_open,43,0.05658437926173512
24,eyes_open,43.5,0.05325952552425835
24,eyes_open,44,0.04725661360019491
24,eyes_open,44.5,0.043799155829500225
24,eyes_open,45,0.04090063756595692
25,eyes_closed,1,5.13376154534101
25,eyes_closed,1.5,3.227505367770826
25,eyes_closed,2,2.5052112604123438
25,eyes_closed,2.5,1.9956960735190326
25,eyes_closed,3,1.6439204619183345
25,eyes_closed,3.5,1.6867063429400324
25,eyes_closed,4,1.6769911332430982
25,eyes_closed,4.5,1.5785467932016997
25,eyes_closed,5,1.6007266853009765
25,eyes_closed,5.5,1.9976436233834594
25,eyes_closed,6,2.083406020965974
25,eyes_closed,6.5,2.345736730993441
25,eyes_closed,7,2.203783274152383
25,eyes_closed,7.5,2.3266155443253678
25,eyes_closed,8,2.701813680516592
25,eyes_closed,8.5,3.5266589509547366
25,eyes_closed,9,4.856277995571107
25,eyes_closed,9.5,8.467975020936803
25,eyes_closed,10,21.097732722995644
25,eyes_closed,10.5,62.9115401333737
25,eyes_closed,11,88.52205098965341
25,eyes_closed,11.5,30.869900992386796
25,eyes_closed,12,6.6299805288115925
25,eyes_closed,12.5,3.3119989016800937
25,eyes_closed,13,1.8864705789291139
25,eyes_closed,13.5,1.3131915217826229
25,eyes_closed,14,1.0463135271432318
25,eyes_closed,14.5,0.8943160116931776
25,eyes_closed,15,0.852870065443492
25,eyes_closed,15.5,0.8232151680280583
25,eyes_closed,16,0.813101969683899
25,eyes_closed,16.5,0.8032806784294595
25,eyes_closed,17,0.7449905449595317
25,eyes_closed,17.5,0.7521706729879363
25,eyes_closed,18,0.7192009396534391
25,eyes_closed,18.5,0.7238467748305795
25,eyes_closed,19,0.7523941707010909
25,eyes_closed,19.5,0.7594026996426481
25,eyes_closed,20,0.8427736646546435
25,eyes_closed,20.5,1.0037839531225625
25,eyes_closed,21,1.0951693822479427
25,eyes_closed,21.5,1.1368620745028577
25,eyes_closed,22,0.972853278425702
25,eyes_closed,22.5,0.5983145622002425
25,eyes_closed,23,0.37496433685647657
25,eyes_closed,23.5,0.26940460099313407
25,eyes_closed,24,0.21598557624132847
25,eyes_closed,24.5,0.19514407224565866
25,eyes_closed,25,0.17232338990995869
25,eyes_closed,25.5,0.14989986822821796
25,eyes_closed,26,0.13338595944021117
25,eyes_closed,26.5,0.12692358086401587
25,eyes_closed,27,0.12442508473349312
25,eyes_closed,27.5,0.11389535269437462
25,eyes_closed,28,0.10788054595849372
25,eyes_closed,28.5,0.10066137946192283
25,eyes_closed,29,0.09310780947918189
25,eyes_closed,29.5,0.08703217093976212
25,eyes_closed,30,0.08153437966672127
25,eyes_closed,30.5,0.08277630930812159
25,eyes_closed,31,0.08203048195631983
25,eyes_closed,31.5,0.08452759733308535
25,eyes_closed,32,0.07581723598284466
25,eyes_closed,32.5,0.06663550442420504
25,eyes_closed,33,0.05663888629991501
25,eyes_closed,33.5,0.04405606642580976
25,eyes_closed,34,0.038088084639154286
25,eyes_closed,34.5,0.03378891437103368
25,eyes_closed,35,0.028065945293183975
25,eyes_closed,35.5,0.026704813370573278
25,eyes_closed,36,0.02411114532181724
25,eyes_closed,36.5,0.020723007913729736
25,eyes_closed,37,0.018569943603929922
25,eyes_closed,37.5,0.016528775102879176
25,eyes_closed,38,0.015386115998807246
25,eyes_closed,38.5,0.014235538024612079
25,eyes_closed,39,0.013491127566663999
25,eyes_closed,39.5,0.01289576899255228
25,eyes_closed,40,0.011885292542567441
25,eyes_closed,40.5,0.011022796125866761
25,eyes_closed,41,0.010196906869080072
25,eyes_closed,41.5,0.00962236558874507
25,eyes_closed,42,0.008604297943811415
25,eyes_closed,42.5,0.008047879598669871
25,eyes_closed,43,0.008086272075999651
25,eyes_closed,43.5,0.006975913434313971
25,eyes_closed,44,0.006065475916079748
25,eyes_closed,44.5,0.005619695712463638
25,eyes_closed,45,0.00505555667283796
25,eyes_open,1,4.722968716435546
25,eyes_open,1.5,2.660551837674364
25,eyes_open,2,1.5153218307858227
25,eyes_open,2.5,1.1183449382944062
25,eyes_open,3,0.979504474090612
25,eyes_open,3.5,0.9436670957756551
25,eyes_open,4,0.9723203002549181
25,eyes_open,4.5,0.9026212242374059
25,eyes_open,5,0.9274979641883869
25,eyes_open,5.5,0.987836280033106
25,eyes_open,6,0.8343886431681136
25,eyes_open,6.5,0.7920776032745451
25,eyes_open,7,0.7384233668020108
25,eyes_open,7.5,0.7420907283531328
25,eyes_open,8,0.7500504701982373
25,eyes_open,8.5,0.8247431237129011
25,eyes_open,9,1.226773174820452
25,eyes_open,9.5,3.0803271098235387
25,eyes_open,10,9.56291024722255
25,eyes_open,10.5,14.631251473649247
25,eyes_open,11,16.934559442394352
25,eyes_open,11.5,8.808729698212016
25,eyes_open,12,2.3466097145926046
25,eyes_open,12.5,1.022517559716546
25,eyes_open,13,0.7203343236495984
25,eyes_open,13.5,0.6015682042570386
25,eyes_open,14,0.5457112540689505
25,eyes_open,14.5,0.47350067840350524
25,eyes_open,15,0.41208478455700864
25,eyes_open,15.5,0.38105706638873427
25,eyes_open,16,0.3706697282767448
25,eyes_open,16.5,0.3773397301771144
25,eyes_open,17,0.3556049580151498
25,eyes_open,17.5,0.34243660572812
25,eyes_open,18,0.3196534192044978
25,eyes_open,18.5,0.31449825918822866
25,eyes_open,19,0.3203795112825521
25,eyes_open,19.5,0.3366776159597496
25,eyes_open,20,0.36716025101474264
25,eyes_open,20.5,0.37497972742944413
25,eyes_open,21,0.3527118545162105
25,eyes_open,21.5,0.3293002170530703
25,eyes_open,22,0.2810767365048452
25,eyes_open,22.5,0.23380100036549023
25,eyes_open,23,0.16382509308609372
25,eyes_open,23.5,0.12681373067734897
25,eyes_open,24,0.1032218844160731
25,eyes_open,24.5,0.08522031518714605
25,eyes_open,25,0.07980153623100265
25,eyes_open,25.5,0.0747358143746756
25,eyes_open,26,0.06945646079807538
25,eyes_open,26.5,0.06703019231251722
25,eyes_open,27,0.05986169229990061
25,eyes_open,27.5,0.05107135945863463
25,eyes_open,28,0.04756811084757424
25,eyes_open,28.5,0.04660662678208361
25,eyes_open,29,0.04371637546393897
25,eyes_open,29.5,0.04033927006121939
25,eyes_open,30,0.0386264745708242
25,eyes_open,30.5,0.037330068174241865
25,eyes_open,31,0.033138833728258904
25,eyes_open,31.5,0.0315574723983796
25,eyes_open,32,0.026654405979130165
25,eyes_open,32.5,0.02554579218178756
25,eyes_open,33,0.024598328631711082
25,eyes_open,33.5,0.023533384618503857
25,eyes_open,34,0.021739786461155135
25,eyes_open,34.5,0.01872718512636533
25,eyes_open,35,0.016356949963379573
25,eyes_open,35.5,0.014575959273425254
25,eyes_open,36,0.013619040606164425
25,eyes_open,36.5,0.012911689669952538
25,eyes_open,37,0.011375868549043253
25,eyes_open,37.5,0.01177876480263204
25,eyes_open,38,0.010482706252686737
25,eyes_open,38.5,0.009364351140057965
25,eyes_open,39,0.00933305136899147
25,eyes_open,39.5,0.008259749971342633
25,eyes_open,40,0.007756731108565069
25,eyes_open,40.5,0.007410759076943684
25,eyes_open,41,0.006741823974015081
25,eyes_open,41.5,0.006131377774449054
25,eyes_open,42,0.0058858663713880315
25,eyes_open,42.5,0.0055021668352979005
25,eyes_open,43,0.005311047099246215
25,eyes_open,43.5,0.0048949858601751006
25,eyes_open,44,0.004510014399435476
25,eyes_open,44.5,0.004300859404566586
25,eyes_open,45,0.0039201568500404
26,eyes_closed,1,17.23459632865326
26,eyes_closed,1.5,13.251898217303237
26,eyes_closed,2,11.9882760686673
26,eyes_closed,2.5,9.014181713671979
26,eyes_closed,3,5.8545346105849845
26,eyes_closed,3.5,4.76319939961054
26,eyes_closed,4,4.578983789349006
26,eyes_closed,4.5,4.58061589173914
26,eyes_closed,5,5.037923614054589
26,eyes_closed,5.5,5.880775045345375
26,eyes_closed,6,7.02897798795077
26,eyes_closed,6.5,8.385400581144244
26,eyes_closed,7,10.923164736191234
26,eyes_closed,7.5,16.56162627778318
26,eyes_closed,8,24.000622732901327
26,eyes_closed,8.5,28.094082517703946
26,eyes_closed,9,44.19738550195429
26,eyes_closed,9.5,78.46156488524396
26,eyes_closed,10,54.57616512207575
26,eyes_closed,10.5,17.691303994806653
26,eyes_closed,11,8.164323541320929
26,eyes_closed,11.5,5.965069268255055
26,eyes_closed,12,4.6339815796575365
26,eyes_closed,12.5,3.808807468577126
26,eyes_closed,13,3.380372876426034
26,eyes_closed,13.5,2.925674824209093
26,eyes_closed,14,2.626362417915842
26,eyes_closed,14.5,2.5523562184123225
26,eyes_closed,15,2.341823835703377
26,eyes_closed,15.5,2.1839107655222567
26,eyes_closed,16,2.0743245322257207
26,eyes_closed,16.5,2.0921872291209955
26,eyes_closed,17,1.9917752431135478
26,eyes_closed,17.5,1.8661514471593736
26,eyes_closed,18,1.830230543656111
26,eyes_closed,18.5,1.627820621208587
26,eyes_closed,19,1.4587005704276859
26,eyes_closed,19.5,1.3215839883259088
26,eyes_closed,20,1.0992189126098473
26,eyes_closed,20.5,0.9169963146813155
26,eyes_closed,21,0.716435084166428
26,eyes_closed,21.5,0.6579173826859609
26,eyes_closed,22,0.6782123602888593
26,eyes_closed,22.5,0.5792444837833248
26,eyes_closed,23,0.48999282231987856
26,eyes_closed,23.5,0.4692505577598687
26,eyes_closed,24,0.4629502221840563
26,eyes_closed,24.5,0.40757332510637834
26,eyes_closed,25,0.3634484529671953
26,eyes_closed,25.5,0.33088556293624677
26,eyes_closed,26,0.2969816178214601
26,eyes_closed,26.5,0.2817038162267134
26,eyes_closed,27,0.2652825784170459
26,eyes_closed,27.5,0.2381427217131453
26,eyes_closed,28,0.21701000024477882
26,eyes_closed,28.5,0.18859484940179475
26,eyes_closed,29,0.17481397316891523
26,eyes_closed,29.5,0.15449203355468627
26,eyes_closed,30,0.1480963089989344
26,eyes_closed,30.5,0.1373341583777849
26,eyes_closed,31,0.13261733824500826
26,eyes_closed,31.5,0.11412471636024511
26,eyes_closed,32,0.10030766847523218
26,eyes_closed,32.5,0.09337542358061575
26,eyes_closed,33,0.08851809853535184
26,eyes_closed,33.5,0.08441532207536936
26,eyes_closed,34,0.07276910517199128
26,eyes_closed,34.5,0.060520411355813625
26,eyes_closed,35,0.0533580704316125
26,eyes_closed,35.5,0.05395961757282407
26,eyes_closed,36,0.051429046320139477
26,eyes_closed,36.5,0.04656520005289222
26,eyes_closed,37,0.04230466150371759
26,eyes_closed,37.5,0.03646260193311193
26,eyes_closed,38,0.0373621683860878
26,eyes_closed,38.5,0.03737212119568229
26,eyes_closed,39,0.03391989292883824
26,eyes_closed,39.5,0.029796868334987212
26,eyes_closed,40,0.027281445781891785
26,eyes_closed,40.5,0.023603594901749736
26,eyes_closed,41,0.020816805987501186
26,eyes_closed,41.5,0.021023918186368788
26,eyes_closed,42,0.017556232784409077
26,eyes_closed,42.5,0.017019458742825285
26,eyes_closed,43,0.01608560842246711
26,eyes_closed,43.5,0.014592965736353746
26,eyes_closed,44,0.013432052394442793
26,eyes_closed,44.5,0.012414746875881125
26,eyes_closed,45,0.010911563474706497
26,eyes_open,1,14.152307668923575
26,eyes_open,1.5,7.163394469662415
26,eyes_open,2,4.224691742586412
26,eyes_open,2.5,2.9659174463411686
26,eyes_open,3,2.175880340540939
26,eyes_open,3.5,2.0075647207075993
26,eyes_open,4,2.0574630211041596
26,eyes_open,4.5,2.06073677003659
26,eyes_open,5,1.9893633310199068
26,eyes_open,5.5,1.8993180403859353
26,eyes_open,6,2.3357222002447773
26,eyes_open,6.5,2.645009549290236
26,eyes_open,7,3.0333767245933068
26,eyes_open,7.5,3.7262093523615953
26,eyes_open,8,6.16979777243446
26,eyes_open,8.5,12.366928162149502
26,eyes_open,9,12.654252148025424
26,eyes_open,9.5,8.967130920926598
26,eyes_open,10,7.142130849157571
26,eyes_open,10.5,5.278009946779658
26,eyes_open,11,4.177006412395355
26,eyes_open,11.5,3.0788421478523196
26,eyes_open,12,2.601536927802551
26,eyes_open,12.5,2.314191591477432
26,eyes_open,13,2.0415527045497184
26,eyes_open,13.5,1.828313994145769
26,eyes_open,14,1.6144335783336754
26,eyes_open,14.5,1.4403214968795952
26,eyes_open,15,1.3328410114863118
26,eyes_open,15.5,1.2109812289740525
26,eyes_open,16,1.1602799287106864
26,eyes_open,16.5,1.149400852201664
26,eyes_open,17,1.1331172551487025
26,eyes_open,17.5,1.0922295042626136
26,eyes_open,18,0.9667255922338367
26,eyes_open,18.5,0.8170566005037944
26,eyes_open,19,0.7303125140958904
26,eyes_open,19.5,0.7089223327690947
26,eyes_open,20,0.606336152427797
26,eyes_open,20.5,0.6079478893151236
26,eyes_open,21,0.5909374095284754
26,eyes_open,21.5,0.5278195750451586
26,eyes_open,22,0.4498296012092655
26,eyes_open,22.5,0.41266950764352944
26,eyes_open,23,0.362469948545732
26,eyes_open,23.5,0.3136191482574192
26,eyes_open,24,0.2951390091994984
26,eyes_open,24.5,0.281268873576433
26,eyes_open,25,0.26095496000535795
26,eyes_open,25.5,0.2323573623888981
26,eyes_open,26,0.2261812697696598
26,eyes_open,26.5,0.2021867889432268
26,eyes_open,27,0.1689375901731978
26,eyes_open,27.5,0.1680729706545974
26,eyes_open,28,0.1485346452210908
26,eyes_open,28.5,0.1330022003410689
26,eyes_open,29,0.13146381635463683
26,eyes_open,29.5,0.11620494501692898
26,eyes_open,30,0.10412658663879337
26,eyes_open,30.5,0.09629069834278607
26,eyes_open,31,0.08980436389924379
26,eyes_open,31.5,0.08231942823035764
26,eyes_open,32,0.07678104374392028
26,eyes_open,32.5,0.0743406673592396
26,eyes_open,33,0.06730324281251807
26,eyes_open,33.5,0.06553907172139446
26,eyes_open,34,0.062094562843643876
26,eyes_open,34.5,0.05510136014514275
26,eyes_open,35,0.05054291743430486
26,eyes_open,35.5,0.04465007067234834
26,eyes_open,36,0.04200022339570281
26,eyes_open,36.5,0.03762391382040066
26,eyes_open,37,0.03211195869886289
26,eyes_open,37.5,0.02861430456870875
26,eyes_open,38,0.028075054980644967
26,eyes_open,38.5,0.024851429850432476
26,eyes_open,39,0.023975380445606546
26,eyes_open,39.5,0.022718823435691073
26,eyes_open,40,0.020907477142653407
26,eyes_open,40.5,0.020820104213519812
26,eyes_open,41,0.019640050719762513
26,eyes_open,41.5,0.01727447549137294
26,eyes_open,42,0.016112521055585277
26,eyes_open,42.5,0.015042045570746376
26,eyes_open,43,0.013845212827362998
26,eyes_open,43.5,0.012825285728993127
26,eyes_open,44,0.011464329971670515
26,eyes_open,44.5,0.010503655768587748
26,eyes_open,45,0.01025091443196296
27,eyes_closed,1,8.484249231465583
27,eyes_closed,1.5,4.938440205908091
27,eyes_closed,2,3.2784075500954235
27,eyes_closed,2.5,2.592168229925699
27,eyes_closed,3,2.4185648741619756
27,eyes_closed,3.5,2.3182315669271274
27,eyes_closed,4,2.127406301215407
27,eyes_closed,4.5,2.351336991091891
27,eyes_closed,5,2.81906540163601
27,eyes_closed,5.5,4.250803767732565
27,eyes_closed,6,6.436346748901129
27,eyes_closed,6.5,7.68026269301282
27,eyes_closed,7,8.64861948732507
27,eyes_closed,7.5,13.684371392430059
27,eyes_closed,8,16.33005643200592
27,eyes_closed,8.5,23.27031029727366
27,eyes_closed,9,53.5454014592553
27,eyes_closed,9.5,54.97079325288659
27,eyes_closed,10,20.98648201079042
27,eyes_closed,10.5,7.010349403474025
27,eyes_closed,11,2.8345963886004206
27,eyes_closed,11.5,1.66868574163521
27,eyes_closed,12,1.1147029550968652
27,eyes_closed,12.5,0.8349854831224888
27,eyes_closed,13,0.7572162884708548
27,eyes_closed,13.5,0.7244836614968928
27,eyes_closed,14,0.6164601848725068
27,eyes_closed,14.5,0.5906634026512492
27,eyes_closed,15,0.6128850218359336
27,eyes_closed,15.5,0.587758197006623
27,eyes_closed,16,0.5637909559427275
27,eyes_closed,16.5,0.5362880105665916
27,eyes_closed,17,0.5644589479166908
27,eyes_closed,17.5,0.6863937041483373
27,eyes_closed,18,0.9868135273057502
27,eyes_closed,18.5,1.192405464940294
27,eyes_closed,19,0.8625191648203284
27,eyes_closed,19.5,0.4577050273658976
27,eyes_closed,20,0.29619457655007847
27,eyes_closed,20.5,0.2227135630727646
27,eyes_closed,21,0.21209739897396532
27,eyes_closed,21.5,0.19680577671871918
27,eyes_closed,22,0.17216381670432293
27,eyes_closed,22.5,0.15010321278239241
27,eyes_closed,23,0.13788441323472647
27,eyes_closed,23.5,0.1273565337443095
27,eyes_closed,24,0.120912905268504
27,eyes_closed,24.5,0.11745207273326211
27,eyes_closed,25,0.11273239062295105
27,eyes_closed,25.5,0.1104014165460816
27,eyes_closed,26,0.10410364471772944
27,eyes_closed,26.5,0.09302020561087444
27,eyes_closed,27,0.09177573789059972
27,eyes_closed,27.5,0.08972537830630592
27,eyes_closed,28,0.07952030056559042
27,eyes_closed,28.5,0.06778135082427696
27,eyes_closed,29,0.06281227428230096
27,eyes_closed,29.5,0.05644539348454018
27,eyes_closed,30,0.04896038451102563
27,eyes_closed,30.5,0.04721432586686208
27,eyes_closed,31,0.04528479592447267
27,eyes_closed,31.5,0.0408073165666764
27,eyes_closed,32,0.04015531367099765
27,eyes_closed,32.5,0.037276600228579856
27,eyes_closed,33,0.034487239935927956
27,eyes_closed,33.5,0.03337862178917083
27,eyes_closed,34,0.030322424449574763
27,eyes_closed,34.5,0.026814374961364504
27,eyes_closed,35,0.02561159793234025
27,eyes_closed,35.5,0.025601240835614342
27,eyes_closed,36,0.02403550626958792
27,eyes_closed,36.5,0.02353971949666818
27,eyes_closed,37,0.022147387844844903
27,eyes_closed,37.5,0.020334758038577355
27,eyes_closed,38,0.019206578201306453
27,eyes_closed,38.5,0.017063429923236843
27,eyes_closed,39,0.015822420068073478
27,eyes_closed,39.5,0.014536144628083308
27,eyes_closed,40,0.01368466964917485
27,eyes_closed,40.5,0.013015453538645385
27,eyes_closed,41,0.012193427050430472
27,eyes_closed,41.5,0.010935530341559899
27,eyes_closed,42,0.01013602523205588
27,eyes_closed,42.5,0.009973538068831809
27,eyes_closed,43,0.009147471386621234
27,eyes_closed,43.5,0.008481425229336493
27,eyes_closed,44,0.008006449489194135
27,eyes_closed,44.5,0.006791181120515237
27,eyes_closed,45,0.006732342252279249
27,eyes_open,1,8.314882291412609
27,eyes_open,1.5,4.664161567096849
27,eyes_open,2,3.2011300944595806
27,eyes_open,2.5,2.33280463453431
27,eyes_open,3,1.972000063268366
27,eyes_open,3.5,1.901326945016371
27,eyes_open,4,1.6420157226899184
27,eyes_open,4.5,1.4028464402934406
27,eyes_open,5,1.4778168489717671
27,eyes_open,5.5,1.7090481708194467
27,eyes_open,6,1.8481908251937467
27,eyes_open,6.5,2.2861859372470468
27,eyes_open,7,2.923898309513529
27,eyes_open,7.5,4.106568861816849
27,eyes_open,8,5.259562706165902
27,eyes_open,8.5,5.726178348696233
27,eyes_open,9,5.616919414425688
27,eyes_open,9.5,7.912397447188998
27,eyes_open,10,10.206606951042058
27,eyes_open,10.5,6.897197910721928
27,eyes_open,11,3.079389287220462
27,eyes_open,11.5,1.7420060428656832
27,eyes_open,12,1.176382643313668
27,eyes_open,12.5,0.8423312047893621
27,eyes_open,13,0.6259257348059992
27,eyes_open,13.5,0.5264391431490768
27,eyes_open,14,0.4480196852542266
27,eyes_open,14.5,0.40856139938375213
27,eyes_open,15,0.3698861025391681
27,eyes_open,15.5,0.3398936083061381
27,eyes_open,16,0.32825447641425043
27,eyes_open,16.5,0.2925308680092188
27,eyes_open,17,0.26356307542605334
27,eyes_open,17.5,0.2387450957406363
27,eyes_open,18,0.22142800170595842
27,eyes_open,18.5,0.19988614694055026
27,eyes_open,19,0.18206066495996787
27,eyes_open,19.5,0.16490048335884017
27,eyes_open,20,0.16642754589753636
27,eyes_open,20.5,0.15045763334607593
27,eyes_open,21,0.1162187259428439
27,eyes_open,21.5,0.10645071926439542
27,eyes_open,22,0.10048225476002741
27,eyes_open,22.5,0.09574717840238839
27,eyes_open,23,0.08963844394169465
27,eyes_open,23.5,0.0868786224594484
27,eyes_open,24,0.08178952054658002
27,eyes_open,24.5,0.07322425191622714
27,eyes_open,25,0.07037610440919947
27,eyes_open,25.5,0.06318539040486042
27,eyes_open,26,0.06205950612966029
27,eyes_open,26.5,0.05712808976644599
27,eyes_open,27,0.056434824459004405
27,eyes_open,27.5,0.05215760758348437
27,eyes_open,28,0.0502917524987603
27,eyes_open,28.5,0.047991394544115586
27,eyes_open,29,0.043866816903572386
27,eyes_open,29.5,0.041093207911946816
27,eyes_open,30,0.036837001081536445
27,eyes_open,30.5,0.03453224203768123
27,eyes_open,31,0.03484353207958631
27,eyes_open,31.5,0.034290970707808566
27,eyes_open,32,0.031694990551161664
27,eyes_open,32.5,0.029157455801376075
27,eyes_open,33,0.027495317353500946
27,eyes_open,33.5,0.02528085036487809
27,eyes_open,34,0.023723020561943302
27,eyes_open,34.5,0.02413485894994216
27,eyes_open,35,0.0223663565178627
27,eyes_open,35.5,0.019998707668079298
27,eyes_open,36,0.01839943920872053
27,eyes_open,36.5,0.01709439652310128
27,eyes_open,37,0.01612287073487608
27,eyes_open,37.5,0.015384914853684113
27,eyes_open,38,0.014882197466062154
27,eyes_open,38.5,0.013305610684226025
27,eyes_open,39,0.012693738140864708
27,eyes_open,39.5,0.012146044568718876
27,eyes_open,40,0.011552666801894854
27,eyes_open,40.5,0.011225770994258767
27,eyes_open,41,0.010393107947701524
27,eyes_open,41.5,0.009617527946387748
27,eyes_open,42,0.008782635601911374
27,eyes_open,42.5,0.008266552957364915
27,eyes_open,43,0.0075071294438826975
27,eyes_open,43.5,0.007103434359932548
27,eyes_open,44,0.006635862353932389
27,eyes_open,44.5,0.006636264692346916
27,eyes_open,45,0.006186607375771904
28,eyes_closed,1,4.033702553767712
28,eyes_closed,1.5,2.2308509556760385
28,eyes_closed,2,1.4579566120644514
28,eyes_closed,2.5,1.053423424300587
28,eyes_closed,3,0.7348641162962184
28,eyes_closed,3.5,0.6154297821798659
28,eyes_closed,4,0.4848059059429192
28,eyes_closed,4.5,0.4326811233648328
28,eyes_closed,5,0.35528879518836215
28,eyes_closed,5.5,0.33364718488742445
28,eyes_closed,6,0.3302608993720559
28,eyes_closed,6.5,0.3702786982549089
28,eyes_closed,7,0.3937877719532039
28,eyes_closed,7.5,0.4148137727842275
28,eyes_closed,8,0.426427113405647
28,eyes_closed,8.5,0.42469182635803643
28,eyes_closed,9,0.49381002771512245
28,eyes_closed,9.5,0.5859726894036789
28,eyes_closed,10,0.8898982970995387
28,eyes_closed,10.5,1.4665415331491516
28,eyes_closed,11,1.8731389466806363
28,eyes_closed,11.5,1.709202394152624
28,eyes_closed,12,1.5781535372791722
28,eyes_closed,12.5,1.4312271371526237
28,eyes_closed,13,1.2184894803322834
28,eyes_closed,13.5,1.1333654702290872
28,eyes_closed,14,1.0208391212226824
28,eyes_closed,14.5,0.9976987871426493
28,eyes_closed,15,0.9126950922518523
28,eyes_closed,15.5,0.8483472349521821
28,eyes_closed,16,0.8376060538871593
28,eyes_closed,16.5,0.7634822302675981
28,eyes_closed,17,0.7217719367706663
28,eyes_closed,17.5,0.7012119313350534
28,eyes_closed,18,0.6022464486238039
28,eyes_closed,18.5,0.5464785298232654
28,eyes_closed,19,0.5222683222579506
28,eyes_closed,19.5,0.4680956555760485
28,eyes_closed,20,0.4299731045549193
28,eyes_closed,20.5,0.4239005829141162
28,eyes_closed,21,0.401298091793373
28,eyes_closed,21.5,0.4044837235745172
28,eyes_closed,22,0.37276381977101447
28,eyes_closed,22.5,0.3399741495268864
28,eyes_closed,23,0.28812854584810815
28,eyes_closed,23.5,0.2590302976945431
28,eyes_closed,24,0.2589816059080566
28,eyes_closed,24.5,0.2311106388264209
28,eyes_closed,25,0.22395227623622427
28,eyes_closed,25.5,0.21942025085064587
28,eyes_closed,26,0.20133381832972025
28,eyes_closed,26.5,0.19420037020025388
28,eyes_closed,27,0.1958349678147643
28,eyes_closed,27.5,0.18946737376307043
28,eyes_closed,28,0.16899327395320432
28,eyes_closed,28.5,0.15882353150173295
28,eyes_closed,29,0.1581588187751372
28,eyes_closed,29.5,0.15917753456690678
28,eyes_closed,30,0.14565622903031347
28,eyes_closed,30.5,0.13225558688116507
28,eyes_closed,31,0.12281914718514031
28,eyes_closed,31.5,0.12804508753103705
28,eyes_closed,32,0.1278351477671182
28,eyes_closed,32.5,0.10928132337698197
28,eyes_closed,33,0.10362944274936718
28,eyes_closed,33.5,0.10828151485042152
28,eyes_closed,34,0.0988960313218229
28,eyes_closed,34.5,0.08789336937794094
28,eyes_closed,35,0.09395323049795039
28,eyes_closed,35.5,0.08843951738392279
28,eyes_closed,36,0.07400325857985646
28,eyes_closed,36.5,0.07365972282278796
28,eyes_closed,37,0.07596699140994972
28,eyes_closed,37.5,0.07267130297415868
28,eyes_closed,38,0.06249947221383585
28,eyes_closed,38.5,0.0610936176070778
28,eyes_closed,39,0.05615023992341398
28,eyes_closed,39.5,0.04944423908979084
28,eyes_closed,40,0.043835007470783525
28,eyes_closed,40.5,0.04605906142379204
28,eyes_closed,41,0.04811615148117005
28,eyes_closed,41.5,0.043952813320583324
28,eyes_closed,42,0.040164257369677873
28,eyes_closed,42.5,0.037012128619281395
28,eyes_closed,43,0.0326986798531267
28,eyes_closed,43.5,0.03378558308010919
28,eyes_closed,44,0.03294537779282659
28,eyes_closed,44.5,0.030244920438516683
28,eyes_closed,45,0.02724882831203029
28,eyes_open,1,4.93077789334355
28,eyes_open,1.5,2.7759924484171132
28,eyes_open,2,1.8202123906150554
28,eyes_open,2.5,1.168168204086469
28,eyes_open,3,0.9940778429610622
28,eyes_open,3.5,0.8535317321660811
28,eyes_open,4,0.621132285492476
28,eyes_open,4.5,0.5532394465825955
28,eyes_open,5,0.47902980721070165
28,eyes_open,5.5,0.41921873802848464
28,eyes_open,6,0.39413740601467917
28,eyes_open,6.5,0.3899939613987205
28,eyes_open,7,0.4284276244997488
28,eyes_open,7.5,0.505990193450401
28,eyes_open,8,0.5701024713990106
28,eyes_open,8.5,0.563163163986211
28,eyes_open,9,0.5461975754256962
28,eyes_open,9.5,0.5580457721311792
28,eyes_open,10,0.5467007184744549
28,eyes_open,10.5,0.5567588084735366
28,eyes_open,11,0.5858795253002935
28,eyes_open,11.5,0.5976138612216665
28,eyes_open,12,0.5904728452443456
28,eyes_open,12.5,0.6431685393931064
28,eyes_open,13,0.7259303777823691
28,eyes_open,13.5,0.8230115895053285
28,eyes_open,14,0.8332106645189031
28,eyes_open,14.5,0.7897986088238547
28,eyes_open,15,0.7282541438058734
28,eyes_open,15.5,0.6958414797616171
28,eyes_open,16,0.6623781244055488
28,eyes_open,16.5,0.632889793578395
28,eyes_open,17,0.6169383336894118
28,eyes_open,17.5,0.5670239981221543
28,eyes_open,18,0.5181609497583538
28,eyes_open,18.5,0.49668862229476574
28,eyes_open,19,0.46684367590810505
28,eyes_open,19.5,0.44566414337863713
28,eyes_open,20,0.43726142739626384
28,eyes_open,20.5,0.4456687578370345
28,eyes_open,21,0.40634015532206674
28,eyes_open,21.5,0.4189566319604097
28,eyes_open,22,0.3829370139179
28,eyes_open,22.5,0.3364410285893026
28,eyes_open,23,0.31403295244390234
28,eyes_open,23.5,0.32807222404314984
28,eyes_open,24,0.3153143916832372
28,eyes_open,24.5,0.2999728916786184
28,eyes_open,25,0.3033663076809359
28,eyes_open,25.5,0.2859414661434326
28,eyes_open,26,0.27043312558245
28,eyes_open,26.5,0.2616261571091369
28,eyes_open,27,0.25051907453573063
28,eyes_open,27.5,0.23865150489285308
28,eyes_open,28,0.24093273066940823
28,eyes_open,28.5,0.22769481206187972
28,eyes_open,29,0.20527020724597803
28,eyes_open,29.5,0.19792705986617948
28,eyes_open,30,0.21568700030860066
28,eyes_open,30.5,0.20148041273163503
28,eyes_open,31,0.21385711588141998
28,eyes_open,31.5,0.1976676900863389
28,eyes_open,32,0.18967736490750622
28,eyes_open,32.5,0.16176546362964597
28,eyes_open,33,0.15847651955810094
28,eyes_open,33.5,0.1455151617808882
28,eyes_open,34,0.13619120546232402
28,eyes_open,34.5,0.13846701601859768
28,eyes_open,35,0.13789816390083498
28,eyes_open,35.5,0.12452251444451186
28,eyes_open,36,0.11954795545802606
28,eyes_open,36.5,0.1197846871028829
28,eyes_open,37,0.11195407439594811
28,eyes_open,37.5,0.10148394666545317
28,eyes_open,38,0.09889042191198176
28,eyes_open,38.5,0.08739180167214214
28,eyes_open,39,0.08217799907249966
28,eyes_open,39.5,0.073247806036678
28,eyes_open,40,0.06987385776620651
28,eyes_open,40.5,0.0696341164285868
28,eyes_open,41,0.06632711600573514
28,eyes_open,41.5,0.06025804609378282
28,eyes_open,42,0.05722351202661293
28,eyes_open,42.5,0.05481585381010341
28,eyes_open,43,0.05185192185970192
28,eyes_open,43.5,0.04841675898143501
28,eyes_open,44,0.046689119945652065
28,eyes_open,44.5,0.04161742473460415
28,eyes_open,45,0.040758966782363425
29,eyes_closed,1,7.30358838223067
29,eyes_closed,1.5,4.145289476896575
29,eyes_closed,2,2.355544789400836
29,eyes_closed,2.5,1.7426877663811093
29,eyes_closed,3,1.3974482233525456
29,eyes_closed,3.5,1.297119679402532
29,eyes_closed,4,1.2849953345850107
29,eyes_closed,4.5,1.2726622263579914
29,eyes_closed,5,1.488784557099042
29,eyes_closed,5.5,1.4200610287337014
29,eyes_closed,6,1.1262059898478758
29,eyes_closed,6.5,1.039547534171371
29,eyes_closed,7,1.0792433580996112
29,eyes_closed,7.5,1.128467059385342
29,eyes_closed,8,1.3197974545305715
29,eyes_closed,8.5,1.593466962895716
29,eyes_closed,9,2.216036790000392
29,eyes_closed,9.5,3.6949467861139724
29,eyes_closed,10,5.758790049793915
29,eyes_closed,10.5,5.575265097944624
29,eyes_closed,11,3.924965691846584
29,eyes_closed,11.5,2.559134373020335
29,eyes_closed,12,2.0815794543073727
29,eyes_closed,12.5,1.697155535665906
29,eyes_closed,13,1.3976295971645418
29,eyes_closed,13.5,1.052491195029502
29,eyes_closed,14,0.9100388588065331
29,eyes_closed,14.5,0.725012987625652
29,eyes_closed,15,0.673854662121444
29,eyes_closed,15.5,0.5598410436538873
29,eyes_closed,16,0.4769494538371382
29,eyes_closed,16.5,0.4525337472178943
29,eyes_closed,17,0.40236924228590687
29,eyes_closed,17.5,0.3820635470455296
29,eyes_closed,18,0.3740809316883947
29,eyes_closed,18.5,0.3668373129227819
29,eyes_closed,19,0.3647378641680683
29,eyes_closed,19.5,0.4011155431895181
29,eyes_closed,20,0.43824074842929067
29,eyes_closed,20.5,0.43490422252130445
29,eyes_closed,21,0.39603858748886206
29,eyes_closed,21.5,0.3015644974843933
29,eyes_closed,22,0.2300831478665163
29,eyes_closed,22.5,0.20773524956325645
29,eyes_closed,23,0.2054351769000235
29,eyes_closed,23.5,0.18301760018723418
29,eyes_closed,24,0.14893535245109168
29,eyes_closed,24.5,0.1346179202134517
29,eyes_closed,25,0.130453535612912
29,eyes_closed,25.5,0.1290254606170351
29,eyes_closed,26,0.12014561207090836
29,eyes_closed,26.5,0.11915766094436392
29,eyes_closed,27,0.11304835274483052
29,eyes_closed,27.5,0.10411755188236173
29,eyes_closed,28,0.09880669509130952
29,eyes_closed,28.5,0.10461088946744036
29,eyes_closed,29,0.09451909695992548
29,eyes_closed,29.5,0.08805139104231316
29,eyes_closed,30,0.09254119468203884
29,eyes_closed,30.5,0.0816914569852304
29,eyes_closed,31,0.07496278695822295
29,eyes_closed,31.5,0.06576445936247748
29,eyes_closed,32,0.06598369811269167
29,eyes_closed,32.5,0.06329637532319196
29,eyes_closed,33,0.057053255110026416
29,eyes_closed,33.5,0.05228131295213063
29,eyes_closed,34,0.04924873986504909
29,eyes_closed,34.5,0.04507612197710803
29,eyes_closed,35,0.04047591541042277
29,eyes_closed,35.5,0.03857026492640995
29,eyes_closed,36,0.039599177955294086
29,eyes_closed,36.5,0.03623587771185799
29,eyes_closed,37,0.03168598234904902
29,eyes_closed,37.5,0.03004085857125388
29,eyes_closed,38,0.028232760237020312
29,eyes_closed,38.5,0.025161835452121275
29,eyes_closed,39,0.022287262558200405
29,eyes_closed,39.5,0.02268354311459547
29,eyes_closed,40,0.0195895308167501
29,eyes_closed,40.5,0.018408146022199378
29,eyes_closed,41,0.016670147448569376
29,eyes_closed,41.5,0.01650770399153839
29,eyes_closed,42,0.01608499619454248
29,eyes_closed,42.5,0.015287317580457305
29,eyes_closed,43,0.01389297386218775
29,eyes_closed,43.5,0.01324406683509635
29,eyes_closed,44,0.011907347924760083
29,eyes_closed,44.5,0.01149588347005086
29,eyes_closed,45,0.009902994869179428
29,eyes_open,1,7.068534192183586
29,eyes_open,1.5,3.7900035330092785
29,eyes_open,2,2.53730995966657
29,eyes_open,2.5,1.771355576787008
29,eyes_open,3,1.4693631274597414
29,eyes_open,3.5,1.3998671409271652
29,eyes_open,4,1.3216592691920852
29,eyes_open,4.5,1.3386546510359234
29,eyes_open,5,1.3878130003574844
29,eyes_open,5.5,1.2577676314607504
29,eyes_open,6,1.1484406924849888
29,eyes_open,6.5,1.0874194064756226
29,eyes_open,7,0.9426208850904972
29,eyes_open,7.5,0.8644831086289142
29,eyes_open,8,0.9221149435851713
29,eyes_open,8.5,1.0030510655287603
29,eyes_open,9,1.3021821163520184
29,eyes_open,9.5,1.6805651480237016
29,eyes_open,10,1.963211245346283
29,eyes_open,10.5,2.251621362535199
29,eyes_open,11,2.3200525023451055
29,eyes_open,11.5,2.1750936404050893
29,eyes_open,12,1.799765580440782
29,eyes_open,12.5,1.5866934926034908
29,eyes_open,13,1.2112568380647277
29,eyes_open,13.5,0.8604166607184595
29,eyes_open,14,0.6886853614498569
29,eyes_open,14.5,0.5975842180845083
29,eyes_open,15,0.5220629365165218
29,eyes_open,15.5,0.44009470895083347
29,eyes_open,16,0.38733501313881946
29,eyes_open,16.5,0.3316227843734918
29,eyes_open,17,0.30448805392494066
29,eyes_open,17.5,0.2975441220887643
29,eyes_open,18,0.27653052864432925
29,eyes_open,18.5,0.283781035388734
29,eyes_open,19,0.2635604011944038
29,eyes_open,19.5,0.25239498113397085
29,eyes_open,20,0.2349639416757336
29,eyes_open,20.5,0.212512340892543
29,eyes_open,21,0.2035417628270263
29,eyes_open,21.5,0.1929495447119959
29,eyes_open,22,0.1870130690578672
29,eyes_open,22.5,0.15952903956070408
29,eyes_open,23,0.1441070719433445
29,eyes_open,23.5,0.14621606386498606
29,eyes_open,24,0.14332415548686722
29,eyes_open,24.5,0.13304968466286685
29,eyes_open,25,0.12897199429640346
29,eyes_open,25.5,0.13299388305021526
29,eyes_open,26,0.11790710340891258
29,eyes_open,26.5,0.11813601745836526
29,eyes_open,27,0.11277245063333804
29,eyes_open,27.5,0.10284679565807807
29,eyes_open,28,0.09706332291841903
29,eyes_open,28.5,0.09203386363998464
29,eyes_open,29,0.08496520583124671
29,eyes_open,29.5,0.0747157043603804
29,eyes_open,30,0.07860481967234255
29,eyes_open,30.5,0.07606506682707563
29,eyes_open,31,0.07580116637708975
29,eyes_open,31.5,0.06860143265247451
29,eyes_open,32,0.06877231703589383
29,eyes_open,32.5,0.06463318955738781
29,eyes_open,33,0.05817171514701776
29,eyes_open,33.5,0.054171000893845966
29,eyes_open,34,0.05277955466361022
29,eyes_open,34.5,0.051478235748786266
29,eyes_open,35,0.04617775418628061
29,eyes_open,35.5,0.044333351448167205
29,eyes_open,36,0.040696968709395556
29,eyes_open,36.5,0.03791641452077481
29,eyes_open,37,0.034275547815084156
29,eyes_open,37.5,0.03298144146689576
29,eyes_open,38,0.03394332919666325
29,eyes_open,38.5,0.03222649138409208
29,eyes_open,39,0.030815430230854344
29,eyes_open,39.5,0.027743158064767594
29,eyes_open,40,0.025999974459491343
29,eyes_open,40.5,0.02475412959277897
29,eyes_open,41,0.02402758518343561
29,eyes_open,41.5,0.020808519823483314
29,eyes_open,42,0.019628277104246646
29,eyes_open,42.5,0.019120356072554797
29,eyes_open,43,0.017596628610131514
29,eyes_open,43.5,0.017235101271622758
29,eyes_open,44,0.01599942210227356
29,eyes_open,44.5,0.013930972860320943
29,eyes_open,45,0.014032875101140076
30,eyes_closed,1,10.198346053922227
30,eyes_closed,1.5,7.112083345118123
30,eyes_closed,2,5.057464479024781
30,eyes_closed,2.5,3.7551980097518958
30,eyes_closed,3,2.790140679563585
30,eyes_closed,3.5,2.379827979123518
30,eyes_closed,4,2.2554251087231605
30,eyes_closed,4.5,1.992989057781627
30,eyes_closed,5,1.7813538148089467
30,eyes_closed,5.5,1.6120789860755993
30,eyes_closed,6,1.3741931576196207
30,eyes_closed,6.5,1.1939223492759434
30,eyes_closed,7,1.160943283913844
30,eyes_closed,7.5,1.186352163941289
30,eyes_closed,8,1.0484610606663254
30,eyes_closed,8.5,0.892134931291184
30,eyes_closed,9,0.8195951878886683
30,eyes_closed,9.5,0.8328194501917751
30,eyes_closed,10,1.1457843820765068
30,eyes_closed,10.5,1.9843547172509604
30,eyes_closed,11,4.122387999469871
30,eyes_closed,11.5,7.625903176019631
30,eyes_closed,12,6.9768924543957
30,eyes_closed,12.5,4.639524730558284
30,eyes_closed,13,3.5451737148939273
30,eyes_closed,13.5,2.1950092497987637
30,eyes_closed,14,1.3986017013343937
30,eyes_closed,14.5,0.9394141570073143
30,eyes_closed,15,0.6938112052863993
30,eyes_closed,15.5,0.6327397103812016
30,eyes_closed,16,0.5777980041329841
30,eyes_closed,16.5,0.5029918112551555
30,eyes_closed,17,0.4889201228738657
30,eyes_closed,17.5,0.4875975542539347
30,eyes_closed,18,0.5023349711698083
30,eyes_closed,18.5,0.43049169111210717
30,eyes_closed,19,0.373403594579179
30,eyes_closed,19.5,0.37496151972233593
30,eyes_closed,20,0.35750877438591233
30,eyes_closed,20.5,0.36340463366995823
30,eyes_closed,21,0.3441686181948441
30,eyes_closed,21.5,0.3606946520809385
30,eyes_closed,22,0.37680585845067105
30,eyes_closed,22.5,0.3972120597509824
30,eyes_closed,23,0.4305183392751199
30,eyes_closed,23.5,0.38716809942823927
30,eyes_closed,24,0.34525194286956995
30,eyes_closed,24.5,0.27707613297521694
30,eyes_closed,25,0.24603307265655805
30,eyes_closed,25.5,0.24650957086346184
30,eyes_closed,26,0.20548002740183974
30,eyes_closed,26.5,0.16502802651363627
30,eyes_closed,27,0.13160371385864378
30,eyes_closed,27.5,0.1167234785692624
30,eyes_closed,28,0.12303063513360848
30,eyes_closed,28.5,0.10319361224701819
30,eyes_closed,29,0.08534856373652717
30,eyes_closed,29.5,0.07416436041625106
30,eyes_closed,30,0.058816715822315464
30,eyes_closed,30.5,0.05677399828603294
30,eyes_closed,31,0.05403045745835609
30,eyes_closed,31.5,0.057749327892299855
30,eyes_closed,32,0.0627258321370504
30,eyes_closed,32.5,0.057686787207519026
30,eyes_closed,33,0.05051857747661917
30,eyes_closed,33.5,0.045136483907350734
30,eyes_closed,34,0.047031737771165656
30,eyes_closed,34.5,0.0480133608949616
30,eyes_closed,35,0.043317655170520886
30,eyes_closed,35.5,0.04062428674490675
30,eyes_closed,36,0.042646728048335615
30,eyes_closed,36.5,0.03738463805274467
30,eyes_closed,37,0.025645671238732442
30,eyes_closed,37.5,0.0220801163613753
30,eyes_closed,38,0.024578891876789213
30,eyes_closed,38.5,0.02479613584578586
30,eyes_closed,39,0.021378150125279438
30,eyes_closed,39.5,0.018925838486259762
30,eyes_closed,40,0.020472944120918248
30,eyes_closed,40.5,0.01657511586865842
30,eyes_closed,41,0.013809798673999651
30,eyes_closed,41.5,0.013467511946469132
30,eyes_closed,42,0.012580437029165803
30,eyes_closed,42.5,0.012367871105345925
30,eyes_closed,43,0.011977337138431163
30,eyes_closed,43.5,0.011714805164269619
30,eyes_closed,44,0.009525337451487119
30,eyes_closed,44.5,0.008170484931602905
30,eyes_closed,45,0.007749501415245008
30,eyes_open,1,10.606397673984125
30,eyes_open,1.5,6.881413038054558
30,eyes_open,2,5.271728381242086
30,eyes_open,2.5,4.096442963337405
30,eyes_open,3,2.9383989986542263
30,eyes_open,3.5,2.509517582045009
30,eyes_open,4,2.3353942436990724
30,eyes_open,4.5,2.1098496300233727
30,eyes_open,5,1.8693022056263915
30,eyes_open,5.5,1.603463448162398
30,eyes_open,6,1.3531237299139238
30,eyes_open,6.5,1.2311406262097138
30,eyes_open,7,1.1604194312511078
30,eyes_open,7.5,1.2461794773974944
30,eyes_open,8,1.250703979969775
30,eyes_open,8.5,0.9829400819924022
30,eyes_open,9,0.9006913429801708
30,eyes_open,9.5,0.9776929778260619
30,eyes_open,10,1.1095300076427355
30,eyes_open,10.5,1.4107351328224438
30,eyes_open,11,2.1044317435477353
30,eyes_open,11.5,2.4971608272928214
30,eyes_open,12,2.4466135060591823
30,eyes_open,12.5,2.0155560553722505
30,eyes_open,13,1.3598008502603007
30,eyes_open,13.5,0.8813574346764392
30,eyes_open,14,0.7631949649465997
30,eyes_open,14.5,0.6731638862280752
30,eyes_open,15,0.5820632237158063
30,eyes_open,15.5,0.520483375068662
30,eyes_open,16,0.4921946585337964
30,eyes_open,16.5,0.46007459690516894
30,eyes_open,17,0.43428416609501713
30,eyes_open,17.5,0.44743064038383884
30,eyes_open,18,0.4465746400485196
30,eyes_open,18.5,0.40432966719332647
30,eyes_open,19,0.36278566607991813
30,eyes_open,19.5,0.37082208017203167
30,eyes_open,20,0.3701718875710781
30,eyes_open,20.5,0.35785833734446515
30,eyes_open,21,0.3452098435202952
30,eyes_open,21.5,0.3805178558214418
30,eyes_open,22,0.3892163311980517
30,eyes_open,22.5,0.3657257610705957
30,eyes_open,23,0.3359624070691402
30,eyes_open,23.5,0.3446689747444901
30,eyes_open,24,0.3303119630393298
30,eyes_open,24.5,0.282631809715879
30,eyes_open,25,0.2593245363056204
30,eyes_open,25.5,0.2480216640378087
30,eyes_open,26,0.21421275102938342
30,eyes_open,26.5,0.1936167850834667
30,eyes_open,27,0.19073449150263289
30,eyes_open,27.5,0.189350705871399
30,eyes_open,28,0.18395642490930483
30,eyes_open,28.5,0.17021600878180007
30,eyes_open,29,0.14441888125421598
30,eyes_open,29.5,0.14000204772771624
30,eyes_open,30,0.1310625299946975
30,eyes_open,30.5,0.12844064337350228
30,eyes_open,31,0.12626779195524368
30,eyes_open,31.5,0.11445452747700123
30,eyes_open,32,0.10465397343529202
30,eyes_open,32.5,0.10337351807762243
30,eyes_open,33,0.09454090405208934
30,eyes_open,33.5,0.09279733981916968
30,eyes_open,34,0.08741798814119339
30,eyes_open,34.5,0.0808160749850409
30,eyes_open,35,0.07923912837566241
30,eyes_open,35.5,0.07388749889453375
30,eyes_open,36,0.06722851274741987
30,eyes_open,36.5,0.05864079259864864
30,eyes_open,37,0.051634598253316295
30,eyes_open,37.5,0.04937058485774384
30,eyes_open,38,0.04350338016041217
30,eyes_open,38.5,0.04237178636364868
30,eyes_open,39,0.03991834402702665
30,eyes_open,39.5,0.04254956389823861
30,eyes_open,40,0.037335859284877135
30,eyes_open,40.5,0.030458630110254365
30,eyes_open,41,0.029295676505159907
30,eyes_open,41.5,0.025469930875491847
30,eyes_open,42,0.024117049646758464
30,eyes_open,42.5,0.025297976969280933
30,eyes_open,43,0.027392591970510912
30,eyes_open,43.5,0.022580276818080006
30,eyes_open,44,0.018263681158705733
30,eyes_open,44.5,0.017642224528645504
30,eyes_open,45,0.018102604810709303
31,eyes_closed,1,8.56917445488388
31,eyes_closed,1.5,4.674861565405275
31,eyes_closed,2,3.262036478389518
31,eyes_closed,2.5,2.800406514855127
31,eyes_closed,3,2.3483061410987887
31,eyes_closed,3.5,1.9954714897613381
31,eyes_closed,4,1.666308151563692
31,eyes_closed,4.5,1.6105620191499819
31,eyes_closed,5,1.377755579846468
31,eyes_closed,5.5,1.4116918344601905
31,eyes_closed,6,1.4327446886406228
31,eyes_closed,6.5,1.4983480494089474
31,eyes_closed,7,1.7263982661116128
31,eyes_closed,7.5,1.8614811171703272
31,eyes_closed,8,2.04577343760646
31,eyes_closed,8.5,2.7253169548239815
31,eyes_closed,9,4.324292568157076
31,eyes_closed,9.5,6.625699206817076
31,eyes_closed,10,10.386431616458857
31,eyes_closed,10.5,15.861147588190592
31,eyes_closed,11,17.467627756590584
31,eyes_closed,11.5,11.755646781317886
31,eyes_closed,12,4.822584471200239
31,eyes_closed,12.5,2.1933009205840763
31,eyes_closed,13,1.5835356191467593
31,eyes_closed,13.5,1.164201644381331
31,eyes_closed,14,0.9610293541751199
31,eyes_closed,14.5,0.9344353769843557
31,eyes_closed,15,0.9621934229170886
31,eyes_closed,15.5,0.9067545307081759
31,eyes_closed,16,0.825994448518496
31,eyes_closed,16.5,0.7685646321258424
31,eyes_closed,17,0.703454779679167
31,eyes_closed,17.5,0.6478145525724778
31,eyes_closed,18,0.6574880976568495
31,eyes_closed,18.5,0.6512246588211777
31,eyes_closed,19,0.6204019274274601
31,eyes_closed,19.5,0.5871156916395044
31,eyes_closed,20,0.6132505003979056
31,eyes_closed,20.5,0.6492157359418351
31,eyes_closed,21,0.5637285148956723
31,eyes_closed,21.5,0.5506201825085827
31,eyes_closed,22,0.53472832177722
31,eyes_closed,22.5,0.44887662809459083
31,eyes_closed,23,0.3927772115496102
31,eyes_closed,23.5,0.30272040730159555
31,eyes_closed,24,0.23267024147060353
31,eyes_closed,24.5,0.19824606168686704
31,eyes_closed,25,0.1767184159247624
31,eyes_closed,25.5,0.15993760523301628
31,eyes_closed,26,0.15641939092767304
31,eyes_closed,26.5,0.13637955837737467
31,eyes_closed,27,0.11969148959982807
31,eyes_closed,27.5,0.10626944780672168
31,eyes_closed,28,0.08868839637351786
31,eyes_closed,28.5,0.09372848073934663
31,eyes_closed,29,0.097450701080497
31,eyes_closed,29.5,0.08839110128807023
31,eyes_closed,30,0.08394798625619561
31,eyes_closed,30.5,0.08401735111936834
31,eyes_closed,31,0.07870093712414217
31,eyes_closed,31.5,0.06918793088690456
31,eyes_closed,32,0.06317899816777826
31,eyes_closed,32.5,0.05220333693539767
31,eyes_closed,33,0.05045744052032459
31,eyes_closed,33.5,0.0450028320833939
31,eyes_closed,34,0.039544245277285145
31,eyes_closed,34.5,0.03422994620054803
31,eyes_closed,35,0.027930166332398337
31,eyes_closed,35.5,0.026851774908763823
31,eyes_closed,36,0.025739954689043134
31,eyes_closed,36.5,0.025254463027999375
31,eyes_closed,37,0.022180781741094426
31,eyes_closed,37.5,0.018717324055631233
31,eyes_closed,38,0.01763233170241731
31,eyes_closed,38.5,0.01625891903593662
31,eyes_closed,39,0.014631421863119477
31,eyes_closed,39.5,0.014142019126771899
31,eyes_closed,40,0.013947641339851219
31,eyes_closed,40.5,0.011880036166433324
31,eyes_closed,41,0.010410200143516351
31,eyes_closed,41.5,0.009798473902923986
31,eyes_closed,42,0.009719798396869633
31,eyes_closed,42.5,0.009149086040696117
31,eyes_closed,43,0.008582263818635595
31,eyes_closed,43.5,0.007869067612592635
31,eyes_closed,44,0.00667718660520367
31,eyes_closed,44.5,0.006257145566415676
31,eyes_closed,45,0.005945680452055078
31,eyes_open,1,6.698293719682175
31,eyes_open,1.5,3.9636769912013063
31,eyes_open,2,3.0318442490088837
31,eyes_open,2.5,2.3402342960367437
31,eyes_open,3,1.834421088582623
31,eyes_open,3.5,1.706357817107323
31,eyes_open,4,1.5306410972293756
31,eyes_open,4.5,1.339276497615955
31,eyes_open,5,1.2422721755758879
31,eyes_open,5.5,1.2421881482776582
31,eyes_open,6,1.190206331417589
31,eyes_open,6.5,1.203081672501261
31,eyes_open,7,1.2387490151775862
31,eyes_open,7.5,1.2254845196795672
31,eyes_open,8,1.2604025085744954
31,eyes_open,8.5,1.3845300472817068
31,eyes_open,9,2.0369532904148597
31,eyes_open,9.5,2.7313188289470376
31,eyes_open,10,2.8743447946729637
31,eyes_open,10.5,3.762034559982429
31,eyes_open,11,4.18431096801392
31,eyes_open,11.5,2.918209545889895
31,eyes_open,12,1.7092796186740618
31,eyes_open,12.5,1.1825345290956617
31,eyes_open,13,0.9519126525560071
31,eyes_open,13.5,0.7949190981064638
31,eyes_open,14,0.7293931294998356
31,eyes_open,14.5,0.7020190669895024
31,eyes_open,15,0.6589147836657001
31,eyes_open,15.5,0.6131718847042051
31,eyes_open,16,0.5829629043687267
31,eyes_open,16.5,0.5504976735663368
31,eyes_open,17,0.5309385172833128
31,eyes_open,17.5,0.5345732500114354
31,eyes_open,18,0.4800479284578167
31,eyes_open,18.5,0.465912666849403
31,eyes_open,19,0.4575050134185761
31,eyes_open,19.5,0.44016456755207134
31,eyes_open,20,0.44393953563853317
31,eyes_open,20.5,0.3932106350465207
31,eyes_open,21,0.3751869095570605
31,eyes_open,21.5,0.3784028876047775
31,eyes_open,22,0.3337132146770581
31,eyes_open,22.5,0.28033640747098204
31,eyes_open,23,0.22858363127796527
31,eyes_open,23.5,0.2056544620073394
31,eyes_open,24,0.1774691998501464
31,eyes_open,24.5,0.15696844830027237
31,eyes_open,25,0.14491945585397273
31,eyes_open,25.5,0.1265028935970463
31,eyes_open,26,0.11525868920921342
31,eyes_open,26.5,0.11176690238595674
31,eyes_open,27,0.1085945800744886
31,eyes_open,27.5,0.09635450834373852
31,eyes_open,28,0.09085955943044174
31,eyes_open,28.5,0.08282478877884432
31,eyes_open,29,0.07855185222208443
31,eyes_open,29.5,0.07988153658568638
31,eyes_open,30,0.08145601180656825
31,eyes_open,30.5,0.06939949137757806
31,eyes_open,31,0.06697284954175281
31,eyes_open,31.5,0.06834046563660129
31,eyes_open,32,0.06061189278942276
31,eyes_open,32.5,0.04856660160089939
31,eyes_open,33,0.043647322981900605
31,eyes_open,33.5,0.04136118979794068
31,eyes_open,34,0.036459434273410814
31,eyes_open,34.5,0.03358809291066629
31,eyes_open,35,0.03296223806712563
31,eyes_open,35.5,0.028491317326161378
31,eyes_open,36,0.02465542275234972
31,eyes_open,36.5,0.02230128476198349
31,eyes_open,37,0.020131985932234187
31,eyes_open,37.5,0.018459752324106755
31,eyes_open,38,0.017636603408631515
31,eyes_open,38.5,0.017643552254747057
31,eyes_open,39,0.016537705807021692
31,eyes_open,39.5,0.015093194847506422
31,eyes_open,40,0.013616874739093654
31,eyes_open,40.5,0.01305429595971147
31,eyes_open,41,0.01181609830264539
31,eyes_open,41.5,0.010817326849036532
31,eyes_open,42,0.010710870725463117
31,eyes_open,42.5,0.009710207957957602
31,eyes_open,43,0.008820061504302933
31,eyes_open,43.5,0.008169607345633807
31,eyes_open,44,0.007381114079390624
31,eyes_open,44.5,0.0068658939285432255
31,eyes_open,45,0.006461223131925298
32,eyes_closed,1,5.692510600977619
32,eyes_closed,1.5,3.4373325781452997
32,eyes_closed,2,2.4498537353385736
32,eyes_closed,2.5,2.0330033114465182
32,eyes_closed,3,1.9586343077392745
32,eyes_closed,3.5,1.899934779115089
32,eyes_closed,4,1.8824737753201952
32,eyes_closed,4.5,1.616666392185699
32,eyes_closed,5,1.6862811202993417
32,eyes_closed,5.5,1.9831353520758477
32,eyes_closed,6,2.3324683468707406
32,eyes_closed,6.5,2.3835086210719107
32,eyes_closed,7,2.212329512901702
32,eyes_closed,7.5,1.9305212167762171
32,eyes_closed,8,1.9239585845282874
32,eyes_closed,8.5,2.1947639478978265
32,eyes_closed,9,2.8677128043310574
32,eyes_closed,9.5,4.593300013607699
32,eyes_closed,10,9.28828690979174
32,eyes_closed,10.5,22.605782471226412
32,eyes_closed,11,29.707173578995814
32,eyes_closed,11.5,14.705286473137141
32,eyes_closed,12,5.118820147909261
32,eyes_closed,12.5,2.6379381672965256
32,eyes_closed,13,1.6037426031590236
32,eyes_closed,13.5,1.300129421951437
32,eyes_closed,14,1.1611449129056275
32,eyes_closed,14.5,1.0308232170499683
32,eyes_closed,15,0.9769599198485356
32,eyes_closed,15.5,0.9106373732166847
32,eyes_closed,16,0.8262391916537324
32,eyes_closed,16.5,0.8334768065396427
32,eyes_closed,17,0.8114517325401398
32,eyes_closed,17.5,0.7497659440152197
32,eyes_closed,18,0.7770942178887682
32,eyes_closed,18.5,0.8277934889699912
32,eyes_closed,19,0.7254514624050517
32,eyes_closed,19.5,0.7128468519211275
32,eyes_closed,20,0.7485756440117629
32,eyes_closed,20.5,0.734012079140264
32,eyes_closed,21,0.7178560670488724
32,eyes_closed,21.5,0.6782761581961081
32,eyes_closed,22,0.6257256659163494
32,eyes_closed,22.5,0.5232944293551001
32,eyes_closed,23,0.42906354082499215
32,eyes_closed,23.5,0.35391950987901943
32,eyes_closed,24,0.3116869627947768
32,eyes_closed,24.5,0.27246741679577885
32,eyes_closed,25,0.2346797260819206
32,eyes_closed,25.5,0.21419258502987965
32,eyes_closed,26,0.1962795479165742
32,eyes_closed,26.5,0.18194050423895525
32,eyes_closed,27,0.1603717121022373
32,eyes_closed,27.5,0.14228136280592998
32,eyes_closed,28,0.13812765734373383
32,eyes_closed,28.5,0.12215003552574358
32,eyes_closed,29,0.10958019587285582
32,eyes_closed,29.5,0.1128970364157341
32,eyes_closed,30,0.09361933515060337
32,eyes_closed,30.5,0.07782766924449162
32,eyes_closed,31,0.07412259471632245
32,eyes_closed,31.5,0.06702966850830278
32,eyes_closed,32,0.056814265212995006
32,eyes_closed,32.5,0.050118438490268306
32,eyes_closed,33,0.04963104449570478
32,eyes_closed,33.5,0.046698055003255017
32,eyes_closed,34,0.04382622641060708
32,eyes_closed,34.5,0.04072737014354201
32,eyes_closed,35,0.03562060352099298
32,eyes_closed,35.5,0.030724046132247076
32,eyes_closed,36,0.02794484055116213
32,eyes_closed,36.5,0.0260946215938815
32,eyes_closed,37,0.02557744897212498
32,eyes_closed,37.5,0.021021221269680822
32,eyes_closed,38,0.019689091820572636
32,eyes_closed,38.5,0.01803629259954484
32,eyes_closed,39,0.01687769121051481
32,eyes_closed,39.5,0.01494186940709712
32,eyes_closed,40,0.013041151428765652
32,eyes_closed,40.5,0.012931339892962985
32,eyes_closed,41,0.011970547550176836
32,eyes_closed,41.5,0.011624126595212121
32,eyes_closed,42,0.01107419925873338
32,eyes_closed,42.5,0.01097651938229946
32,eyes_closed,43,0.01123588858095566
32,eyes_closed,43.5,0.0098772100375284291
32,eyes_closed,44,0.009188284327800845
32,eyes_closed,44.5,0.008523383981657943
32,eyes_closed,45,0.006612794129093627
32,eyes_open,1,6.376407205144158
32,eyes_open,1.5,4.817781897428142
32,eyes_open,2,3.4984338204135828
32,eyes_open,2.5,2.6166153057615866
32,eyes_open,3,2.210873018725625
32,eyes_open,3.5,1.8781829167553616
32,eyes_open,4,2.099191929463253
32,eyes_open,4.5,2.074451103015912
32,eyes_open,5,1.608125551740251
32,eyes_open,5.5,1.4637735020850378
32,eyes_open,6,1.4408733662135107
32,eyes_open,6.5,1.3916600318418315
32,eyes_open,7,1.3390097506979628
32,eyes_open,7.5,1.3394592295014556
32,eyes_open,8,1.388660954740447
32,eyes_open,8.5,1.7109503692284627
32,eyes_open,9,2.1819755327644117
32,eyes_open,9.5,3.1904745316657266
32,eyes_open,10,5.957175368914737
32,eyes_open,10.5,10.459159867953579
32,eyes_open,11,8.776474462853004
32,eyes_open,11.5,4.479218490781724
32,eyes_open,12,2.8780609507313186
32,eyes_open,12.5,2.0586507214358907
32,eyes_open,13,1.9360872186117561
32,eyes_open,13.5,1.7537635572103984
32,eyes_open,14,1.8155144329428181
32,eyes_open,14.5,2.05387608133376
32,eyes_open,15,1.9709686012262624
32,eyes_open,15.5,1.8914208679499995
32,eyes_open,16,1.9079031097403756
32,eyes_open,16.5,1.7034322713376233
32,eyes_open,17,1.5985464172431392
32,eyes_open,17.5,1.6266632818486098
32,eyes_open,18,1.4508694458988245
32,eyes_open,18.5,1.305480398717228
32,eyes_open,19,1.3423654963369709
32,eyes_open,19.5,1.2620004872897832
32,eyes_open,20,1.1393181500830265
32,eyes_open,20.5,1.0658462316431214
32,eyes_open,21,1.0138455526628096
32,eyes_open,21.5,0.9725011793020932
32,eyes_open,22,0.8773183070311026
32,eyes_open,22.5,0.7621493714114782
32,eyes_open,23,0.7948324133875887
32,eyes_open,23.5,0.7888488320240314
32,eyes_open,24,0.7661889026582397
32,eyes_open,24.5,0.7093901551421985
32,eyes_open,25,0.6781979341896058
32,eyes_open,25.5,0.6512140384356812
32,eyes_open,26,0.6586864070419741
32,eyes_open,26.5,0.6605590220709271
32,eyes_open,27,0.6100579656700009
32,eyes_open,27.5,0.58171199594123
32,eyes_open,28,0.5737116547072103
32,eyes_open,28.5,0.4952974056289981
32,eyes_open,29,0.5037205668568381
32,eyes_open,29.5,0.5286063975289681
32,eyes_open,30,0.4708704874736929
32,eyes_open,30.5,0.44243155942764845
32,eyes_open,31,0.4227807559246223
32,eyes_open,31.5,0.3786865523657314
32,eyes_open,32,0.3461857331301162
32,eyes_open,32.5,0.33066094733290285
32,eyes_open,33,0.31006471782613965
32,eyes_open,33.5,0.3346602195177277
32,eyes_open,34,0.3301366419861767
32,eyes_open,34.5,0.3100917916545717
32,eyes_open,35,0.262901202460226
32,eyes_open,35.5,0.23304375930709734
32,eyes_open,36,0.21780284435337113
32,eyes_open,36.5,0.21093609416090742
32,eyes_open,37,0.1941881299970888
32,eyes_open,37.5,0.1768470703544072
32,eyes_open,38,0.1552373195885292
32,eyes_open,38.5,0.1515573677425422
32,eyes_open,39,0.15561934562012672
32,eyes_open,39.5,0.12816585654590232
32,eyes_open,40,0.13091901227546204
32,eyes_open,40.5,0.11833302725112
32,eyes_open,41,0.10765309544908051
32,eyes_open,41.5,0.10111737521253983
32,eyes_open,42,0.09114072466158935
32,eyes_open,42.5,0.08684812334203781
32,eyes_open,43,0.08166187479257564
32,eyes_open,43.5,0.06680263721207336
32,eyes_open,44,0.06087835818681407
32,eyes_open,44.5,0.06328001948238714
32,eyes_open,45,0.0631337943181799
33,eyes_closed,1,7.767854666654843
33,eyes_closed,1.5,4.449703091369464
33,eyes_closed,2,2.8115388663292022
33,eyes_closed,2.5,1.8891630918487152
33,eyes_closed,3,1.3626721432665811
33,eyes_closed,3.5,1.1453410067708687
33,eyes_closed,4,1.1115223932607123
33,eyes_closed,4.5,1.0590799442667707
33,eyes_closed,5,1.048155556969441
33,eyes_closed,5.5,1.0988180960059923
33,eyes_closed,6,1.2479237818116462
33,eyes_closed,6.5,1.4392336050745747
33,eyes_closed,7,1.6894209447109838
33,eyes_closed,7.5,1.942152828277049
33,eyes_closed,8,2.2457906320416154
33,eyes_closed,8.5,3.220144021794822
33,eyes_closed,9,5.160850848824456
33,eyes_closed,9.5,13.09719036948827
33,eyes_closed,10,46.90090411257076
33,eyes_closed,10.5,47.47969707894718
33,eyes_closed,11,14.216202541059467
33,eyes_closed,11.5,3.635643985274854
33,eyes_closed,12,1.4658152492073326
33,eyes_closed,12.5,0.9857085962279292
33,eyes_closed,13,0.8451422413796361
33,eyes_closed,13.5,0.7655077445239616
33,eyes_closed,14,0.7466884217150954
33,eyes_closed,14.5,0.6701328732152945
33,eyes_closed,15,0.6766248258412068
33,eyes_closed,15.5,0.6459556473493305
33,eyes_closed,16,0.6783202257632104
33,eyes_closed,16.5,0.6659236631423054
33,eyes_closed,17,0.6569970194450354
33,eyes_closed,17.5,0.7096083322013382
33,eyes_closed,18,0.7506409040948098
33,eyes_closed,18.5,0.7516639054310004
33,eyes_closed,19,0.7504856050910054
33,eyes_closed,19.5,0.77541012258859
33,eyes_closed,20,0.8995438162969791
33,eyes_closed,20.5,0.8943082480922666
33,eyes_closed,21,0.6244737131305462
33,eyes_closed,21.5,0.4569444571289965
33,eyes_closed,22,0.3375782955718664
33,eyes_closed,22.5,0.2916732531063349
33,eyes_closed,23,0.26769625711476075
33,eyes_closed,23.5,0.23175410219499498
33,eyes_closed,24,0.19342148810014262
33,eyes_closed,24.5,0.18838872866097148
33,eyes_closed,25,0.18005979606895947
33,eyes_closed,25.5,0.16638466198724586
33,eyes_closed,26,0.14226013083578606
33,eyes_closed,26.5,0.14259743128076635
33,eyes_closed,27,0.13031758650955177
33,eyes_closed,27.5,0.12443284126696914
33,eyes_closed,28,0.1178172518171036
33,eyes_closed,28.5,0.11610431267594475
33,eyes_closed,29,0.11585415520866417
33,eyes_closed,29.5,0.10623225677185967
33,eyes_closed,30,0.10011498853715634
33,eyes_closed,30.5,0.10210768370836187
33,eyes_closed,31,0.08819675783548693
33,eyes_closed,31.5,0.08130064366343939
33,eyes_closed,32,0.07452572825653485
33,eyes_closed,32.5,0.06635064509965657
33,eyes_closed,33,0.062054744482342286
33,eyes_closed,33.5,0.05676531884581919
33,eyes_closed,34,0.04970350892326555
33,eyes_closed,34.5,0.048673857787359234
33,eyes_closed,35,0.05129671008689589
33,eyes_closed,35.5,0.04152536227567079
33,eyes_closed,36,0.03671241124047969
33,eyes_closed,36.5,0.03663136308067636
33,eyes_closed,37,0.034516225816467114
33,eyes_closed,37.5,0.030574071617937258
33,eyes_closed,38,0.029244685589142384
33,eyes_closed,38.5,0.025647504744368787
33,eyes_closed,39,0.025435042116777037
33,eyes_closed,39.5,0.02524483399716151
33,eyes_closed,40,0.02267517065639208
33,eyes_closed,40.5,0.021504622267143468
33,eyes_closed,41,0.0196334444900775
33,eyes_closed,41.5,0.01758547232928003
33,eyes_closed,42,0.016522326506182006
33,eyes_closed,42.5,0.015789675175812135
33,eyes_closed,43,0.014077854245321795
33,eyes_closed,43.5,0.013041656242340183
33,eyes_closed,44,0.012469693347659789
33,eyes_closed,44.5,0.012046590221514494
33,eyes_closed,45,0.011144906183685126
33,eyes_open,1,8.453217404489704
33,eyes_open,1.5,4.683275784172278
33,eyes_open,2,2.6791767083886477
33,eyes_open,2.5,1.906728703026782
33,eyes_open,3,1.5305701395209748
33,eyes_open,3.5,1.2078889023794803
33,eyes_open,4,1.0156795930444695
33,eyes_open,4.5,0.9278820811090152
33,eyes_open,5,0.9386921069179502
33,eyes_open,5.5,0.8166267921299275
33,eyes_open,6,0.7074677006485524
33,eyes_open,6.5,0.7612711606078557
33,eyes_open,7,0.6833449412115686
33,eyes_open,7.5,0.6249425265200279
33,eyes_open,8,0.66236029672506
33,eyes_open,8.5,0.8293867376708648
33,eyes_open,9,1.8765554605682522
33,eyes_open,9.5,4.077336916799906
33,eyes_open,10,6.527129005282486
33,eyes_open,10.5,5.468004250835968
33,eyes_open,11,2.7729128966135264
33,eyes_open,11.5,1.2851696809685662
33,eyes_open,12,0.8112378152387032
33,eyes_open,12.5,0.6378606596114513
33,eyes_open,13,0.5566404040057201
33,eyes_open,13.5,0.5322955440099097
33,eyes_open,14,0.4647159554947995
33,eyes_open,14.5,0.4617293494152481
33,eyes_open,15,0.45307321712179804
33,eyes_open,15.5,0.4535851390563672
33,eyes_open,16,0.42085651344294095
33,eyes_open,16.5,0.40167524551098527
33,eyes_open,17,0.38733075136127076
33,eyes_open,17.5,0.3954204110647736
33,eyes_open,18,0.40089458875085093
33,eyes_open,18.5,0.42155051150135003
33,eyes_open,19,0.4383888751132795
33,eyes_open,19.5,0.43257600609645136
33,eyes_open,20,0.40148749045982846
33,eyes_open,20.5,0.40837162870491023
33,eyes_open,21,0.36662353860527896
33,eyes_open,21.5,0.32599402338654293
33,eyes_open,22,0.2857397925732302
33,eyes_open,22.5,0.28207800543474143
33,eyes_open,23,0.2933978481601494
33,eyes_open,23.5,0.26390076767111204
33,eyes_open,24,0.2545604338882377
33,eyes_open,24.5,0.24350949241698266
33,eyes_open,25,0.22343768657320268
33,eyes_open,25.5,0.21466295531864332
33,eyes_open,26,0.21070489973814163
33,eyes_open,26.5,0.19983495023838257
33,eyes_open,27,0.19101715593321508
33,eyes_open,27.5,0.179125927990348
33,eyes_open,28,0.1729427761566842
33,eyes_open,28.5,0.1737164029452389
33,eyes_open,29,0.1666713246380578
33,eyes_open,29.5,0.16035545467867313
33,eyes_open,30,0.14836829227832446
33,eyes_open,30.5,0.14268027703794378
33,eyes_open,31,0.13115959295516305
33,eyes_open,31.5,0.13109186144858437
33,eyes_open,32,0.12083333363916852
33,eyes_open,32.5,0.11147042610166624
33,eyes_open,33,0.10759117100222577
33,eyes_open,33.5,0.10583633826627334
33,eyes_open,34,0.10156518675291422
33,eyes_open,34.5,0.09036417369544594
33,eyes_open,35,0.08424885406401506
33,eyes_open,35.5,0.08391302353089847
33,eyes_open,36,0.07811871732872797
33,eyes_open,36.5,0.07072497080147419
33,eyes_open,37,0.06736217787721352
33,eyes_open,37.5,0.06545935772560078
33,eyes_open,38,0.06104400269437327
33,eyes_open,38.5,0.05636508598843625
33,eyes_open,39,0.054616008201166945
33,eyes_open,39.5,0.05702947652218792
33,eyes_open,40,0.05154558718503536
33,eyes_open,40.5,0.04638334194947223
33,eyes_open,41,0.04477991481848451
33,eyes_open,41.5,0.04141619552754562
33,eyes_open,42,0.03704227817724073
33,eyes_open,42.5,0.03488453177907763
33,eyes_open,43,0.033625418732862324
33,eyes_open,43.5,0.03273317850350363
33,eyes_open,44,0.032510844863614795
33,eyes_open,44.5,0.0283321515370584
33,eyes_open,45,0.02636904376962671
34,eyes_closed,1,5.286949116068046
34,eyes_closed,1.5,3.4328641549177523
34,eyes_closed,2,2.6639792884560665
34,eyes_closed,2.5,2.235490533156344
34,eyes_closed,3,2.777259039944973
34,eyes_closed,3.5,7.944799179091455
34,eyes_closed,4,7.7906174250587785
34,eyes_closed,4.5,2.2599389807057317
34,eyes_closed,5,1.2298749928339594
34,eyes_closed,5.5,1.068832249648425
34,eyes_closed,6,1.0780815491310496
34,eyes_closed,6.5,1.1087930658979277
34,eyes_closed,7,1.4348364706090837
34,eyes_closed,7.5,1.9453221245199714
34,eyes_closed,8,2.8339380816072173
34,eyes_closed,8.5,4.448376974456039
34,eyes_closed,9,5.899505003648291
34,eyes_closed,9.5,8.632102974239006
34,eyes_closed,10,14.84162641078454
34,eyes_closed,10.5,19.287974813278122
34,eyes_closed,11,17.56814524480617
34,eyes_closed,11.5,11.48023669973551
34,eyes_closed,12,6.002279221820572
34,eyes_closed,12.5,3.517976457198177
34,eyes_closed,13,2.192413327802691
34,eyes_closed,13.5,1.727287331155665
34,eyes_closed,14,1.4715026113067164
34,eyes_closed,14.5,1.3456104824271278
34,eyes_closed,15,1.1794105441457372
34,eyes_closed,15.5,0.9528252159380509
34,eyes_closed,16,0.8974154151608784
34,eyes_closed,16.5,0.8179163744892269
34,eyes_closed,17,0.7176152418211207
34,eyes_closed,17.5,0.6157870761825573
34,eyes_closed,18,0.5379614058656601
34,eyes_closed,18.5,0.5536319431144773
34,eyes_closed,19,0.5493721496849496
34,eyes_closed,19.5,0.588773798222414
34,eyes_closed,20,0.5692740299120219
34,eyes_closed,20.5,0.507044786522247
34,eyes_closed,21,0.4774169066042157
34,eyes_closed,21.5,0.44962306100823995
34,eyes_closed,22,0.4076315455172394
34,eyes_closed,22.5,0.3790693873892057
34,eyes_closed,23,0.3211768681116098
34,eyes_closed,23.5,0.26995864803091196
34,eyes_closed,24,0.2437643611950424
34,eyes_closed,24.5,0.2127593845208796
34,eyes_closed,25,0.19278926205084607
34,eyes_closed,25.5,0.1763262771567877
34,eyes_closed,26,0.1679193341132205
34,eyes_closed,26.5,0.16551903305332485
34,eyes_closed,27,0.16943701694169194
34,eyes_closed,27.5,0.15977736309158191
34,eyes_closed,28,0.15815802184676553
34,eyes_closed,28.5,0.15327095840862057
34,eyes_closed,29,0.1450968328241497
34,eyes_closed,29.5,0.14166848474778576
34,eyes_closed,30,0.13466904212181147
34,eyes_closed,30.5,0.12460657175790708
34,eyes_closed,31,0.11469406867769748
34,eyes_closed,31.5,0.10397404405014733
34,eyes_closed,32,0.10306250133940364
34,eyes_closed,32.5,0.10046189692053017
34,eyes_closed,33,0.09115560827308335
34,eyes_closed,33.5,0.08572408879187426
34,eyes_closed,34,0.07933581880479618
34,eyes_closed,34.5,0.07013103384038945
34,eyes_closed,35,0.06611373689347039
34,eyes_closed,35.5,0.05764798351443483
34,eyes_closed,36,0.04806509787407103
34,eyes_closed,36.5,0.047403962396718125
34,eyes_closed,37,0.04160041194389403
34,eyes_closed,37.5,0.03676990108347219
34,eyes_closed,38,0.032578737206027934
34,eyes_closed,38.5,0.02888498742030324
34,eyes_closed,39,0.02823654254495367
34,eyes_closed,39.5,0.025921577188004995
34,eyes_closed,40,0.02396552946772531
34,eyes_closed,40.5,0.022549040946021275
34,eyes_closed,41,0.0198545317830587
34,eyes_closed,41.5,0.01674301086818579
34,eyes_closed,42,0.01602416148069419
34,eyes_closed,42.5,0.014370003075850934
34,eyes_closed,43,0.013832636672106446
34,eyes_closed,43.5,0.012244565819114497
34,eyes_closed,44,0.011121421498492006
34,eyes_closed,44.5,0.01046773574324994
34,eyes_closed,45,0.009669831257833657
34,eyes_open,1,8.67763828005636
34,eyes_open,1.5,4.639278595702938
34,eyes_open,2,3.3614340827635143
34,eyes_open,2.5,3.2476765392348654
34,eyes_open,3,4.009653115417125
34,eyes_open,3.5,3.7905167411988456
34,eyes_open,4,2.0538676774701163
34,eyes_open,4.5,1.3083047166734267
34,eyes_open,5,1.0507800742275655
34,eyes_open,5.5,0.9865746898708135
34,eyes_open,6,0.9733647452250594
34,eyes_open,6.5,1.003873650497928
34,eyes_open,7,1.1495368526262393
34,eyes_open,7.5,1.4654014259287678
34,eyes_open,8,2.0612574575143046
34,eyes_open,8.5,2.6315595901748736
34,eyes_open,9,2.945488448852474
34,eyes_open,9.5,2.9075787749264603
34,eyes_open,10,2.8638458402162525
34,eyes_open,10.5,3.428298054704464
34,eyes_open,11,3.7393701223429505
34,eyes_open,11.5,3.4123009090976026
34,eyes_open,12,3.039971920062313
34,eyes_open,12.5,2.3735841329927503
34,eyes_open,13,1.8966125089679753
34,eyes_open,13.5,1.7453280402925002
34,eyes_open,14,1.5833196410500878
34,eyes_open,14.5,1.3356352775154299
34,eyes_open,15,1.1216268095762285
34,eyes_open,15.5,0.9390410620124486
34,eyes_open,16,0.8553949726860002
34,eyes_open,16.5,0.7726838439113496
34,eyes_open,17,0.742005250724391
34,eyes_open,17.5,0.6473809040087457
34,eyes_open,18,0.6049498010666376
34,eyes_open,18.5,0.5626703022644318
34,eyes_open,19,0.4818149394730095
34,eyes_open,19.5,0.451478580682919
34,eyes_open,20,0.40488468416056267
34,eyes_open,20.5,0.35537025854272103
34,eyes_open,21,0.32283296868145983
34,eyes_open,21.5,0.2813452443970866
34,eyes_open,22,0.24603837481171717
34,eyes_open,22.5,0.22369532949445128
34,eyes_open,23,0.21105305962702756
34,eyes_open,23.5,0.18157045196659663
34,eyes_open,24,0.17127912281534602
34,eyes_open,24.5,0.16518045453193722
34,eyes_open,25,0.1550111870947627
34,eyes_open,25.5,0.1449823228270621
34,eyes_open,26,0.15216177511220766
34,eyes_open,26.5,0.14389881150975461
34,eyes_open,27,0.13009315816359285
34,eyes_open,27.5,0.13821725775423857
34,eyes_open,28,0.14744272980747303
34,eyes_open,28.5,0.14306840933570195
34,eyes_open,29,0.14415168229769884
34,eyes_open,29.5,0.12838419160700176
34,eyes_open,30,0.12325500675677635
34,eyes_open,30.5,0.11267804901724435
34,eyes_open,31,0.0973500104285699
34,eyes_open,31.5,0.09170256985942227
34,eyes_open,32,0.08666792568750453
34,eyes_open,32.5,0.07927722544680396
34,eyes_open,33,0.07593691019142879
34,eyes_open,33.5,0.0725618440209407
34,eyes_open,34,0.0680831628875841
34,eyes_open,34.5,0.06466730392424574
34,eyes_open,35,0.059127188741624884
34,eyes_open,35.5,0.057480378066384924
34,eyes_open,36,0.053046102715229256
34,eyes_open,36.5,0.046028784800395815
34,eyes_open,37,0.04135440470871353
34,eyes_open,37.5,0.03881133373203746
34,eyes_open,38,0.03626251531892567
34,eyes_open,38.5,0.03349434689316416
34,eyes_open,39,0.030680154191463214
34,eyes_open,39.5,0.030010566414736962
34,eyes_open,40,0.027669890214260903
34,eyes_open,40.5,0.023607406626344314
34,eyes_open,41,0.020608343903423993
34,eyes_open,41.5,0.019208531422945707
34,eyes_open,42,0.016512677227403794
34,eyes_open,42.5,0.01622507162539422
34,eyes_open,43,0.015468309657522562
34,eyes_open,43.5,0.013792392816792839
34,eyes_open,44,0.012462868041506134
34,eyes_open,44.5,0.012206898860726923
34,eyes_open,45,0.011739814061473555
35,eyes_closed,1,3.3295001027834283
35,eyes_closed,1.5,1.7127413796204705
35,eyes_closed,2,1.1504355560028796
35,eyes_closed,2.5,1.021567457569236
35,eyes_closed,3,0.8406971629267643
35,eyes_closed,3.5,0.7909776406616769
35,eyes_closed,4,0.7838162649390354
35,eyes_closed,4.5,0.7386142455463137
35,eyes_closed,5,0.7789733477902502
35,eyes_closed,5.5,0.8288053209036452
35,eyes_closed,6,0.9206533855333311
35,eyes_closed,6.5,0.960910702507615
35,eyes_closed,7,1.0820047224511806
35,eyes_closed,7.5,1.2554481709219802
35,eyes_closed,8,1.2839063822832961
35,eyes_closed,8.5,1.3982655142936813
35,eyes_closed,9,2.0633829400533577
35,eyes_closed,9.5,4.022077645709912
35,eyes_closed,10,7.558990274699828
35,eyes_closed,10.5,8.407594019026904
35,eyes_closed,11,8.315688622047682
35,eyes_closed,11.5,9.395105011523654
35,eyes_closed,12,9.158766312294855
35,eyes_closed,12.5,5.260113407000906
35,eyes_closed,13,2.3989525765726443
35,eyes_closed,13.5,1.3444628777210548
35,eyes_closed,14,0.9116394868581543
35,eyes_closed,14.5,0.7137957494418019
35,eyes_closed,15,0.6205827427387873
35,eyes_closed,15.5,0.5452977026408533
35,eyes_closed,16,0.4669915307855285
35,eyes_closed,16.5,0.43706070117403184
35,eyes_closed,17,0.46388771415547914
35,eyes_closed,17.5,0.48691117336633943
35,eyes_closed,18,0.4630636754581955
35,eyes_closed,18.5,0.48075729075019624
35,eyes_closed,19,0.47660849616547096
35,eyes_closed,19.5,0.4622076989906786
35,eyes_closed,20,0.47546695969298736
35,eyes_closed,20.5,0.4953559082673853
35,eyes_closed,21,0.44243168658466114
35,eyes_closed,21.5,0.3839131461858449
35,eyes_closed,22,0.36760810583634607
35,eyes_closed,22.5,0.3958602504005126
35,eyes_closed,23,0.38249951507740054
35,eyes_closed,23.5,0.3793372653846987
35,eyes_closed,24,0.3745044724643618
35,eyes_closed,24.5,0.3399080654191454
35,eyes_closed,25,0.2941100453655485
35,eyes_closed,25.5,0.2633524187205774
35,eyes_closed,26,0.24609856008044675
35,eyes_closed,26.5,0.221702314240318
35,eyes_closed,27,0.23748495183519608
35,eyes_closed,27.5,0.2166674796753054
35,eyes_closed,28,0.21000392533553572
35,eyes_closed,28.5,0.22147872672418276
35,eyes_closed,29,0.2117020945624775
35,eyes_closed,29.5,0.20716512636286638
35,eyes_closed,30,0.20715455311645456
35,eyes_closed,30.5,0.177117781561874
35,eyes_closed,31,0.16356342821266984
35,eyes_closed,31.5,0.17481201089602633
35,eyes_closed,32,0.15946052505738698
35,eyes_closed,32.5,0.1483428986271425
35,eyes_closed,33,0.13992721380095105
35,eyes_closed,33.5,0.13310207451380773
35,eyes_closed,34,0.12847890369398032
35,eyes_closed,34.5,0.11402822381199658
35,eyes_closed,35,0.10678598175346675
35,eyes_closed,35.5,0.0973462793001578
35,eyes_closed,36,0.10391281579290278
35,eyes_closed,36.5,0.09533895118838714
35,eyes_closed,37,0.08470151066925335
35,eyes_closed,37.5,0.08557044920526229
35,eyes_closed,38,0.09107646473766588
35,eyes_closed,38.5,0.06950855472204842
35,eyes_closed,39,0.061780783424346335
35,eyes_closed,39.5,0.06432729053799807
35,eyes_closed,40,0.059809160692643595
35,eyes_closed,40.5,0.048255403212371775
35,eyes_closed,41,0.04625373097119334
35,eyes_closed,41.5,0.046711093072484486
35,eyes_closed,42,0.04494968040097535
35,eyes_closed,42.5,0.04566746953581218
35,eyes_closed,43,0.041896519811882076
35,eyes_closed,43.5,0.03484929939215855
35,eyes_closed,44,0.03275347692906056
35,eyes_closed,44.5,0.03156143507889205
35,eyes_closed,45,0.02580860564624199
35,eyes_open,1,4.139320027737594
35,eyes_open,1.5,2.060239867982979
35,eyes_open,2,1.1542221521279903
35,eyes_open,2.5,0.9766350161727458
35,eyes_open,3,0.8682863453748932
35,eyes_open,3.5,0.8155741072007033
35,eyes_open,4,0.7363246339229733
35,eyes_open,4.5,0.6705843575993455
35,eyes_open,5,0.6256256714975784
35,eyes_open,5.5,0.6439730724831579
35,eyes_open,6,0.6501091546549481
35,eyes_open,6.5,0.6584212387095663
35,eyes_open,7,0.6641193123242974
35,eyes_open,7.5,0.7030069669449618
35,eyes_open,8,0.7693227068925359
35,eyes_open,8.5,0.8711756113302925
35,eyes_open,9,1.1363134806452255
35,eyes_open,9.5,1.8985654978275757
35,eyes_open,10,2.6773702773763235
35,eyes_open,10.5,2.3134783930760654
35,eyes_open,11,2.1601107791758367
35,eyes_open,11.5,2.1166693168431703
35,eyes_open,12,1.933871513237103
35,eyes_open,12.5,1.3385310156254566
35,eyes_open,13,0.8359897675984511
35,eyes_open,13.5,0.6217860376610425
35,eyes_open,14,0.49810031920581177
35,eyes_open,14.5,0.4239473008781698
35,eyes_open,15,0.3838172520543486
35,eyes_open,15.5,0.3298984785916285
35,eyes_open,16,0.32378225586916065
35,eyes_open,16.5,0.32771706968946995
35,eyes_open,17,0.32573125467819153
35,eyes_open,17.5,0.31404062015098155
35,eyes_open,18,0.2937756178430545
35,eyes_open,18.5,0.2766795920967278
35,eyes_open,19,0.28812133616383245
35,eyes_open,19.5,0.3001584014368094
35,eyes_open,20,0.29892040114268925
35,eyes_open,20.5,0.2656392433624236
35,eyes_open,21,0.24744107907532115
35,eyes_open,21.5,0.2342086432740199
35,eyes_open,22,0.2592711094232558
35,eyes_open,22.5,0.25838117824452883
35,eyes_open,23,0.23114681258712272
35,eyes_open,23.5,0.22052082645453136
35,eyes_open,24,0.21618028499657013
35,eyes_open,24.5,0.20539910538018608
35,eyes_open,25,0.19370637443657573
35,eyes_open,25.5,0.1762302151790473
35,eyes_open,26,0.17353263807781727
35,eyes_open,26.5,0.17663663808129199
35,eyes_open,27,0.15974538645574202
35,eyes_open,27.5,0.15624277506707188
35,eyes_open,28,0.16475549037495818
35,eyes_open,28.5,0.16219163341520013
35,eyes_open,29,0.15237948660511105
35,eyes_open,29.5,0.1483100595605195
35,eyes_open,30,0.15096198075748166
35,eyes_open,30.5,0.1428828190999237
35,eyes_open,31,0.13282562819595176
35,eyes_open,31.5,0.11873075411712158
35,eyes_open,32,0.11068386408787656
35,eyes_open,32.5,0.10801215752943566
35,eyes_open,33,0.09114541792949289
35,eyes_open,33.5,0.09246369230618987
35,eyes_open,34,0.08979570707616506
35,eyes_open,34.5,0.08240557284389333
35,eyes_open,35,0.08073810241277804
35,eyes_open,35.5,0.07118265420203872
35,eyes_open,36,0.07110781836367108
35,eyes_open,36.5,0.06822919889277178
35,eyes_open,37,0.0643324520555755
35,eyes_open,37.5,0.06142130461496258
35,eyes_open,38,0.06134012209243726
35,eyes_open,38.5,0.05931638964167623
35,eyes_open,39,0.051630552556486055
35,eyes_open,39.5,0.04450056369320067
35,eyes_open,40,0.03719375361408645
35,eyes_open,40.5,0.04075894092168864
35,eyes_open,41,0.0402305461465481
35,eyes_open,41.5,0.03283873879488539
35,eyes_open,42,0.033177528372317036
35,eyes_open,42.5,0.030047447134788373
35,eyes_open,43,0.02639462385776336
35,eyes_open,43.5,0.024551893722321753
35,eyes_open,44,0.026313048278057548
35,eyes_open,44.5,0.02304439567181785
35,eyes_open,45,0.02009101623491121
36,eyes_closed,1,4.788561905991004
36,eyes_closed,1.5,3.3638658597983984
36,eyes_closed,2,3.0465399475197485
36,eyes_closed,2.5,2.244179118088844
36,eyes_closed,3,1.6092591958132874
36,eyes_closed,3.5,1.3807358377416263
36,eyes_closed,4,1.457726459804169
36,eyes_closed,4.5,1.6405111666537613
36,eyes_closed,5,1.6502330001253904
36,eyes_closed,5.5,1.8734728780180987
36,eyes_closed,6,2.509688317612835
36,eyes_closed,6.5,3.2288325662781996
36,eyes_closed,7,4.765092860998383
36,eyes_closed,7.5,9.676888066744905
36,eyes_closed,8,17.7139486259894
36,eyes_closed,8.5,32.964227706447616
36,eyes_closed,9,45.461582841953216
36,eyes_closed,9.5,19.819705750451828
36,eyes_closed,10,4.005913322158016
36,eyes_closed,10.5,2.041150338926167
36,eyes_closed,11,1.4528084902724359
36,eyes_closed,11.5,1.036964342997909
36,eyes_closed,12,0.8129617465504345
36,eyes_closed,12.5,0.6480136826362973
36,eyes_closed,13,0.6187585240080543
36,eyes_closed,13.5,0.6476606253817935
36,eyes_closed,14,0.6202463727216773
36,eyes_closed,14.5,0.6215021225065054
36,eyes_closed,15,0.6372201214078159
36,eyes_closed,15.5,0.6739486518698866
36,eyes_closed,16,0.7429208830011647
36,eyes_closed,16.5,0.7625492235014003
36,eyes_closed,17,0.8664597754751198
36,eyes_closed,17.5,0.9673634260319285
36,eyes_closed,18,0.8350108468071425
36,eyes_closed,18.5,0.6365327327480428
36,eyes_closed,19,0.4637432802610468
36,eyes_closed,19.5,0.3658816326206739
36,eyes_closed,20,0.3040593134789292
36,eyes_closed,20.5,0.26892345137977497
36,eyes_closed,21,0.2489840887469702
36,eyes_closed,21.5,0.22697178112861607
36,eyes_closed,22,0.19302127962954324
36,eyes_closed,22.5,0.1774807760401011
36,eyes_closed,23,0.16820365860710967
36,eyes_closed,23.5,0.16514843842398075
36,eyes_closed,24,0.1674115683275693
36,eyes_closed,24.5,0.1494525050820429
36,eyes_closed,25,0.1361529358678
36,eyes_closed,25.5,0.1316354480204524
36,eyes_closed,26,0.1351182599637437
36,eyes_closed,26.5,0.12426477118991056
36,eyes_closed,27,0.11053498128235903
36,eyes_closed,27.5,0.11205955073939225
36,eyes_closed,28,0.10572759768292489
36,eyes_closed,28.5,0.1063653849085553
36,eyes_closed,29,0.09936745051938772
36,eyes_closed,29.5,0.09165767139551864
36,eyes_closed,30,0.08620062435198124
36,eyes_closed,30.5,0.0775974861952478
36,eyes_closed,31,0.06835011712366425
36,eyes_closed,31.5,0.06836357153012554
36,eyes_closed,32,0.06359107269032872
36,eyes_closed,32.5,0.059028172079967904
36,eyes_closed,33,0.055455347386095616
36,eyes_closed,33.5,0.054021723288877235
36,eyes_closed,34,0.05032392595506488
36,eyes_closed,34.5,0.04607508960023927
36,eyes_closed,35,0.04177575565315222
36,eyes_closed,35.5,0.038061308973861924
36,eyes_closed,36,0.036348335185028335
36,eyes_closed,36.5,0.03737775497387603
36,eyes_closed,37,0.03436072992750125
36,eyes_closed,37.5,0.0288679687896017
36,eyes_closed,38,0.025999846109127603
36,eyes_closed,38.5,0.023594489598602483
36,eyes_closed,39,0.02259887209355496
36,eyes_closed,39.5,0.021811886707310844
36,eyes_closed,40,0.02236529959199727
36,eyes_closed,40.5,0.020573421482628185
36,eyes_closed,41,0.019021550799326593
36,eyes_closed,41.5,0.01842989473342212
36,eyes_closed,42,0.017113653285947793
36,eyes_closed,42.5,0.016469157691479424
36,eyes_closed,43,0.015492789438954402
36,eyes_closed,43.5,0.014741938558004035
36,eyes_closed,44,0.014251685533497281
36,eyes_closed,44.5,0.012668322425565821
36,eyes_closed,45,0.011170579669483855
36,eyes_open,1,3.7800895860486583
36,eyes_open,1.5,2.1500362716925325
36,eyes_open,2,1.5407787913550588
36,eyes_open,2.5,1.2865878707075036
36,eyes_open,3,1.2434937775186483
36,eyes_open,3.5,1.1089317819012456
36,eyes_open,4,0.908801014843126
36,eyes_open,4.5,0.816263346017903
36,eyes_open,5,0.8090545182379424
36,eyes_open,5.5,0.8915961389138708
36,eyes_open,6,0.9705664712901806
36,eyes_open,6.5,0.981347680287442
36,eyes_open,7,1.2829544116427969
36,eyes_open,7.5,1.891168589474836
36,eyes_open,8,3.4227837072321434
36,eyes_open,8.5,6.855933592106665
36,eyes_open,9,11.411732794281287
36,eyes_open,9.5,7.422858281172262
36,eyes_open,10,2.509968791251306
36,eyes_open,10.5,1.4023611697679494
36,eyes_open,11,1.2187900632303403
36,eyes_open,11.5,1.0982734920030743
36,eyes_open,12,0.8660187385405037
36,eyes_open,12.5,0.5822339052977957
36,eyes_open,13,0.4310228697661125
36,eyes_open,13.5,0.4124120177184579
36,eyes_open,14,0.3977679033170318
36,eyes_open,14.5,0.3975116472948659
36,eyes_open,15,0.4139007459255441
36,eyes_open,15.5,0.41590668808615033
36,eyes_open,16,0.401092147219437
36,eyes_open,16.5,0.3645960410657876
36,eyes_open,17,0.39950219002482446
36,eyes_open,17.5,0.4605234406005398
36,eyes_open,18,0.5033895758601791
36,eyes_open,18.5,0.4394949401013579
36,eyes_open,19,0.31732754330592805
36,eyes_open,19.5,0.26910354979430734
36,eyes_open,20,0.2354445429078132
36,eyes_open,20.5,0.2095883781971908
36,eyes_open,21,0.20050973802967637
36,eyes_open,21.5,0.18995492903282796
36,eyes_open,22,0.17107950078851195
36,eyes_open,22.5,0.15183034335915638
36,eyes_open,23,0.14715325924720316
36,eyes_open,23.5,0.13810525304721216
36,eyes_open,24,0.13405440720915104
36,eyes_open,24.5,0.1290162873188546
36,eyes_open,25,0.11979488110966222
36,eyes_open,25.5,0.11325129598204813
36,eyes_open,26,0.1114542989733443
36,eyes_open,26.5,0.11410165908274991
36,eyes_open,27,0.1031525748106886
36,eyes_open,27.5,0.10095576860859408
36,eyes_open,28,0.1002696310278543
36,eyes_open,28.5,0.09437792160139118
36,eyes_open,29,0.0883920719847397
36,eyes_open,29.5,0.08552718391728972
36,eyes_open,30,0.0738552114553456
36,eyes_open,30.5,0.07149737633113885
36,eyes_open,31,0.07349924062744101
36,eyes_open,31.5,0.06516624012219824
36,eyes_open,32,0.06327125064907871
36,eyes_open,32.5,0.06338205137347763
36,eyes_open,33,0.058782250436080964
36,eyes_open,33.5,0.050272024814979076
36,eyes_open,34,0.049670376082025715
36,eyes_open,34.5,0.04768622637136797
36,eyes_open,35,0.04302624794341406
36,eyes_open,35.5,0.03704598180277582
36,eyes_open,36,0.03437865825012118
36,eyes_open,36.5,0.03389830697701249
36,eyes_open,37,0.031419789850459595
36,eyes_open,37.5,0.031216796433643654
36,eyes_open,38,0.028824732147775145
36,eyes_open,38.5,0.027024437754338163
36,eyes_open,39,0.025880823712568685
36,eyes_open,39.5,0.02321304147881859
36,eyes_open,40,0.023376411663051114
36,eyes_open,40.5,0.02236866634498589
36,eyes_open,41,0.01873481251665099
36,eyes_open,41.5,0.017718363272253644
36,eyes_open,42,0.01763139471071107
36,eyes_open,42.5,0.017016762541210685
36,eyes_open,43,0.015035390390850775
36,eyes_open,43.5,0.014266708338144307
36,eyes_open,44,0.013814971136264047
36,eyes_open,44.5,0.013515665001584623
36,eyes_open,45,0.012002015165101888
37,eyes_closed,1,6.398024827142944
37,eyes_closed,1.5,3.8986756391953628
37,eyes_closed,2,2.534190525890446
37,eyes_closed,2.5,1.8663771770293724
37,eyes_closed,3,1.561049896318455
37,eyes_closed,3.5,1.2571863288799188
37,eyes_closed,4,1.1629484912579553
37,eyes_closed,4.5,1.0651902852804365
37,eyes_closed,5,0.8867727862635969
37,eyes_closed,5.5,0.8986906146919885
37,eyes_closed,6,0.8920923100444755
37,eyes_closed,6.5,0.8772556584306344
37,eyes_closed,7,0.8129331835370431
37,eyes_closed,7.5,0.7992169576114565
37,eyes_closed,8,0.7865035453453728
37,eyes_closed,8.5,0.790060729115543
37,eyes_closed,9,0.9472624406757426
37,eyes_closed,9.5,1.6868466138199514
37,eyes_closed,10,6.205672174444369
37,eyes_closed,10.5,13.649408664444184
37,eyes_closed,11,8.685399555430376
37,eyes_closed,11.5,3.2668658317637216
37,eyes_closed,12,1.8547913752746394
37,eyes_closed,12.5,1.2255271748662666
37,eyes_closed,13,0.8623122053498822
37,eyes_closed,13.5,0.686946578647871
37,eyes_closed,14,0.5585831383874617
37,eyes_closed,14.5,0.44335668150076785
37,eyes_closed,15,0.3183538575621544
37,eyes_closed,15.5,0.2643894741221961
37,eyes_closed,16,0.23279090705498337
37,eyes_closed,16.5,0.19336734734456795
37,eyes_closed,17,0.1710140676707359
37,eyes_closed,17.5,0.16489829056063732
37,eyes_closed,18,0.16387920815909107
37,eyes_closed,18.5,0.1660759511190602
37,eyes_closed,19,0.14582982922762053
37,eyes_closed,19.5,0.14287448180930337
37,eyes_closed,20,0.18481265572544633
37,eyes_closed,20.5,0.2963478268114408
37,eyes_closed,21,0.3427140322737748
37,eyes_closed,21.5,0.3090581550152023
37,eyes_closed,22,0.24942920196499432
37,eyes_closed,22.5,0.16328895913805122
37,eyes_closed,23,0.1193888634815752
37,eyes_closed,23.5,0.0977484622303762
37,eyes_closed,24,0.08278871981646586
37,eyes_closed,24.5,0.07172314346664316
37,eyes_closed,25,0.06315962747891499
37,eyes_closed,25.5,0.06049309823529661
37,eyes_closed,26,0.050841738777898424
37,eyes_closed,26.5,0.04343189766312287
37,eyes_closed,27,0.04024371397899821
37,eyes_closed,27.5,0.035471592121860615
37,eyes_closed,28,0.03639851517381327
37,eyes_closed,28.5,0.0345253513721828
37,eyes_closed,29,0.0334306538402201
37,eyes_closed,29.5,0.03273118139068744
37,eyes_closed,30,0.033569812246536476
37,eyes_closed,30.5,0.037241882567949004
37,eyes_closed,31,0.04463011564256765
37,eyes_closed,31.5,0.0434934806372905
37,eyes_closed,32,0.03782504145758007
37,eyes_closed,32.5,0.0311262189377505
37,eyes_closed,33,0.02523676564865706
37,eyes_closed,33.5,0.019754685547098066
37,eyes_closed,34,0.017149545335776038
37,eyes_closed,34.5,0.01557600816916995
37,eyes_closed,35,0.013704818518877292
37,eyes_closed,35.5,0.01270483022060002
37,eyes_closed,36,0.011293054569207647
37,eyes_closed,36.5,0.010187993064787307
37,eyes_closed,37,0.009239877551381373
37,eyes_closed,37.5,0.008424978836833805
37,eyes_closed,38,0.00805358056510261
37,eyes_closed,38.5,0.007151543730734638
37,eyes_closed,39,0.006761003056831031
37,eyes_closed,39.5,0.006600121451811083
37,eyes_closed,40,0.005881876659532055
37,eyes_closed,40.5,0.005844573128640269
37,eyes_closed,41,0.005979153891515432
37,eyes_closed,41.5,0.005569172950093775
37,eyes_closed,42,0.005386305170049697
37,eyes_closed,42.5,0.004334890877539585
37,eyes_closed,43,0.003989555395968628
37,eyes_closed,43.5,0.0038428724921539064
37,eyes_closed,44,0.003550676328979308
37,eyes_closed,44.5,0.0032681001796218707
37,eyes_closed,45,0.0029707527890953157
37,eyes_open,1,6.039873858954356
37,eyes_open,1.5,3.4944016654103187
37,eyes_open,2,2.3541200786085295
37,eyes_open,2.5,1.8082603725337663
37,eyes_open,3,1.4677484507711263
37,eyes_open,3.5,1.223656720122621
37,eyes_open,4,1.1055644972267789
37,eyes_open,4.5,1.0201367491420272
37,eyes_open,5,0.9971994799429685
37,eyes_open,5.5,0.9761197029775573
37,eyes_open,6,0.9414383805528591
37,eyes_open,6.5,0.838680012016543
37,eyes_open,7,0.8071860012213631
37,eyes_open,7.5,0.7077317929050756
37,eyes_open,8,0.6678706945372969
37,eyes_open,8.5,0.6403897853582895
37,eyes_open,9,0.5870499495385543
37,eyes_open,9.5,0.6636166822432786
37,eyes_open,10,0.7067075255860881
37,eyes_open,10.5,0.8998943994580229
37,eyes_open,11,1.0990794695938977
37,eyes_open,11.5,1.1925705603172807
37,eyes_open,12,1.179119508289856
37,eyes_open,12.5,1.0571629011990864
37,eyes_open,13,0.8634729799972539
37,eyes_open,13.5,0.6737982142242323
37,eyes_open,14,0.5202462193319284
37,eyes_open,14.5,0.4172375780562388
37,eyes_open,15,0.3577858234418553
37,eyes_open,15.5,0.290325311879703
37,eyes_open,16,0.2390208128812659
37,eyes_open,16.5,0.20833414612321013
37,eyes_open,17,0.1800039848658688
37,eyes_open,17.5,0.15812117828817895
37,eyes_open,18,0.14979399501425433
37,eyes_open,18.5,0.14063290834677492
37,eyes_open,19,0.14108671590813676
37,eyes_open,19.5,0.13575479019285006
37,eyes_open,20,0.12697788808811752
37,eyes_open,20.5,0.1266010522477408
37,eyes_open,21,0.12344631788981276
37,eyes_open,21.5,0.11835559359750757
37,eyes_open,22,0.11128518043272088
37,eyes_open,22.5,0.10555655045259997
37,eyes_open,23,0.09948945948176824
37,eyes_open,23.5,0.09624943301213576
37,eyes_open,24,0.08987853000580859
37,eyes_open,24.5,0.0793826232610451
37,eyes_open,25,0.07059991476113096
37,eyes_open,25.5,0.06395470191574591
37,eyes_open,26,0.05738827771889865
37,eyes_open,26.5,0.053850617176414005
37,eyes_open,27,0.05151579540339623
37,eyes_open,27.5,0.049540437891150674
37,eyes_open,28,0.046711310723218866
37,eyes_open,28.5,0.03987027187315365
37,eyes_open,29,0.03687756695446029
37,eyes_open,29.5,0.03638714603025105
37,eyes_open,30,0.03462622226226621
37,eyes_open,30.5,0.032056051288264574
37,eyes_open,31,0.031204940672269733
37,eyes_open,31.5,0.028848094000730698
37,eyes_open,32,0.028422605556344266
37,eyes_open,32.5,0.026125316980634628
37,eyes_open,33,0.02348238796008795
37,eyes_open,33.5,0.022622621902116696
37,eyes_open,34,0.0212753831138085
37,eyes_open,34.5,0.02160993166052773
37,eyes_open,35,0.0190185241579986
37,eyes_open,35.5,0.016644600335022654
37,eyes_open,36,0.016290298255680503
37,eyes_open,36.5,0.015517446011889523
37,eyes_open,37,0.013542448415390405
37,eyes_open,37.5,0.013114940775063599
37,eyes_open,38,0.01233202546627071
37,eyes_open,38.5,0.012593798831055072
37,eyes_open,39,0.010939100930357064
37,eyes_open,39.5,0.01012429923020056
37,eyes_open,40,0.00961900422777717
37,eyes_open,40.5,0.008600738040207787
37,eyes_open,41,0.008393850546071089
37,eyes_open,41.5,0.007995267994681265
37,eyes_open,42,0.007242306844775857
37,eyes_open,42.5,0.006499365785581234
37,eyes_open,43,0.006235480566632201
37,eyes_open,43.5,0.006084165370713473
37,eyes_open,44,0.005892693720138496
37,eyes_open,44.5,0.005282685392550044
37,eyes_open,45,0.004941125262312955
38,eyes_closed,1,3.9733624825868086
38,eyes_closed,1.5,2.358266803383993
38,eyes_closed,2,1.2863591442687043
38,eyes_closed,2.5,1.058129621081794
38,eyes_closed,3,0.8899614385726242
38,eyes_closed,3.5,0.8080982495669444
38,eyes_closed,4,0.748923982732665
38,eyes_closed,4.5,0.7542319066888765
38,eyes_closed,5,0.7292002332432138
38,eyes_closed,5.5,0.696764010167612
38,eyes_closed,6,0.6754940035475641
38,eyes_closed,6.5,0.7682985416191223
38,eyes_closed,7,0.73055541243283
38,eyes_closed,7.5,0.7757159559390916
38,eyes_closed,8,1.0498148767903879
38,eyes_closed,8.5,1.638833710494963
38,eyes_closed,9,3.9514523121914724
38,eyes_closed,9.5,5.117142559680386
38,eyes_closed,10,2.84920316236263
38,eyes_closed,10.5,1.5597556606500727
38,eyes_closed,11,0.9636152950837351
38,eyes_closed,11.5,0.6544937674323672
38,eyes_closed,12,0.46634125058946113
38,eyes_closed,12.5,0.37702002385854894
38,eyes_closed,13,0.32192358950193856
38,eyes_closed,13.5,0.2778606362426382
38,eyes_closed,14,0.2703338351643118
38,eyes_closed,14.5,0.25879697326158246
38,eyes_closed,15,0.27274565218894004
38,eyes_closed,15.5,0.27508158027672464
38,eyes_closed,16,0.263459376722426
38,eyes_closed,16.5,0.2686581964170114
38,eyes_closed,17,0.3181870151819657
38,eyes_closed,17.5,0.3557841143588416
38,eyes_closed,18,0.4460959509157231
38,eyes_closed,18.5,0.541951937204803
38,eyes_closed,19,0.5136692613181678
38,eyes_closed,19.5,0.4196140904788186
38,eyes_closed,20,0.3712241979971407
38,eyes_closed,20.5,0.33102565514506566
38,eyes_closed,21,0.31153953626428155
38,eyes_closed,21.5,0.2832728512773387
38,eyes_closed,22,0.2621824985244369
38,eyes_closed,22.5,0.23572996577009359
38,eyes_closed,23,0.21710058102249843
38,eyes_closed,23.5,0.19696037460307764
38,eyes_closed,24,0.18396302400397385
38,eyes_closed,24.5,0.18701473777076016
38,eyes_closed,25,0.17034200002118166
38,eyes_closed,25.5,0.17765338223750582
38,eyes_closed,26,0.16638245771345428
38,eyes_closed,26.5,0.17673782481856606
38,eyes_closed,27,0.18701297467462236
38,eyes_closed,27.5,0.17491797670918016
38,eyes_closed,28,0.18363349421559932
38,eyes_closed,28.5,0.17217156930119504
38,eyes_closed,29,0.15814960437458941
38,eyes_closed,29.5,0.1582931819486808
38,eyes_closed,30,0.15564341981823904
38,eyes_closed,30.5,0.14350919048083682
38,eyes_closed,31,0.12486220738048504
38,eyes_closed,31.5,0.12494477755191717
38,eyes_closed,32,0.12313777598462107
38,eyes_closed,32.5,0.12152490801795714
38,eyes_closed,33,0.12211257908396127
38,eyes_closed,33.5,0.10850104726683214
38,eyes_closed,34,0.08507466941450828
38,eyes_closed,34.5,0.08799257156987104
38,eyes_closed,35,0.08365471144110732
38,eyes_closed,35.5,0.07587111692092145
38,eyes_closed,36,0.07171503266847723
38,eyes_closed,36.5,0.07009375054978675
38,eyes_closed,37,0.06813575783437385
38,eyes_closed,37.5,0.06376427803944365
38,eyes_closed,38,0.06025670242560808
38,eyes_closed,38.5,0.0637645256336502
38,eyes_closed,39,0.0609860859428925
38,eyes_closed,39.5,0.05010121504748517
38,eyes_closed,40,0.04512864086081665
38,eyes_closed,40.5,0.04103815647704608
38,eyes_closed,41,0.040000744973492305
38,eyes_closed,41.5,0.03831994606802065
38,eyes_closed,42,0.036059635411494484
38,eyes_closed,42.5,0.03417657368774295
38,eyes_closed,43,0.032924844261054007
38,eyes_closed,43.5,0.03049255128445972
38,eyes_closed,44,0.027288898361047254
38,eyes_closed,44.5,0.025013778383547056
38,eyes_closed,45,0.024893622602198448
38,eyes_open,1,4.425074753229001
38,eyes_open,1.5,2.9659718553843177
38,eyes_open,2,1.621538632055847
38,eyes_open,2.5,1.1940111032806968
38,eyes_open,3,1.0023224177267018
38,eyes_open,3.5,0.9881062811446656
38,eyes_open,4,0.9317541181963176
38,eyes_open,4.5,0.797452310371566
38,eyes_open,5,0.7168037128246308
38,eyes_open,5.5,0.7503316506050783
38,eyes_open,6,0.7339342143147691
38,eyes_open,6.5,0.683077517730679
38,eyes_open,7,0.6372028257335043
38,eyes_open,7.5,0.5834686652757383
38,eyes_open,8,0.6029805682917221
38,eyes_open,8.5,0.6686645984334512
38,eyes_open,9,0.7401357207712298
38,eyes_open,9.5,0.8108410017225549
38,eyes_open,10,0.7795666324943487
38,eyes_open,10.5,0.6702111595614196
38,eyes_open,11,0.5568084491586519
38,eyes_open,11.5,0.4990787545270714
38,eyes_open,12,0.46588025460448707
38,eyes_open,12.5,0.3855119480848492
38,eyes_open,13,0.33975837196316633
38,eyes_open,13.5,0.3190665986449412
38,eyes_open,14,0.306474606463182
38,eyes_open,14.5,0.28911753714827043
38,eyes_open,15,0.2722894674089089
38,eyes_open,15.5,0.25930079613002716
38,eyes_open,16,0.2632761884889839
38,eyes_open,16.5,0.2604975951009414
38,eyes_open,17,0.26435350947835334
38,eyes_open,17.5,0.269957950269203
38,eyes_open,18,0.27136430857363436
38,eyes_open,18.5,0.27737153363542166
38,eyes_open,19,0.2977865830051273
38,eyes_open,19.5,0.27225243997556425
38,eyes_open,20,0.2546593309929794
38,eyes_open,20.5,0.24540618273908096
38,eyes_open,21,0.24811601485894277
38,eyes_open,21.5,0.24892917749029317
38,eyes_open,22,0.23508599547898418
38,eyes_open,22.5,0.22410854168434172
38,eyes_open,23,0.22557685302918828
38,eyes_open,23.5,0.23398032251921716
38,eyes_open,24,0.24343088500816482
38,eyes_open,24.5,0.22367641120310178
38,eyes_open,25,0.22858655176932327
38,eyes_open,25.5,0.22324525056443476
38,eyes_open,26,0.21271339457260904
38,eyes_open,26.5,0.1927461384590065
38,eyes_open,27,0.18378422839690275
38,eyes_open,27.5,0.19264926661365964
38,eyes_open,28,0.18840874842087893
38,eyes_open,28.5,0.1908533571580776
38,eyes_open,29,0.18426810409348976
38,eyes_open,29.5,0.16781669696865073
38,eyes_open,30,0.17050934879905044
38,eyes_open,30.5,0.16154443448163927
38,eyes_open,31,0.15353431793342795
38,eyes_open,31.5,0.1449862723005251
38,eyes_open,32,0.13949190099203213
38,eyes_open,32.5,0.13380067374648275
38,eyes_open,33,0.1171918237459603
38,eyes_open,33.5,0.11904330283411593
38,eyes_open,34,0.10924181131233775
38,eyes_open,34.5,0.10509733911745935
38,eyes_open,35,0.0998218922494411
38,eyes_open,35.5,0.09799282929943101
38,eyes_open,36,0.09463817450584192
38,eyes_open,36.5,0.09061994491313906
38,eyes_open,37,0.08473050430540925
38,eyes_open,37.5,0.0777185353568068
38,eyes_open,38,0.07148911805233171
38,eyes_open,38.5,0.06470900502011621
38,eyes_open,39,0.06668925900501492
38,eyes_open,39.5,0.0664455745485796
38,eyes_open,40,0.0602664494104583
38,eyes_open,40.5,0.05471985362621712
38,eyes_open,41,0.053684501575008224
38,eyes_open,41.5,0.048840860442847696
38,eyes_open,42,0.043887669847360075
38,eyes_open,42.5,0.04218107758787448
38,eyes_open,43,0.040596728822513466
38,eyes_open,43.5,0.03998098383477634
38,eyes_open,44,0.037787065212425947
38,eyes_open,44.5,0.03396017297708692
38,eyes_open,45,0.031174180492928718
39,eyes_closed,1,16.45249323783258
39,eyes_closed,1.5,10.790994499474913
39,eyes_closed,2,7.33861800886358
39,eyes_closed,2.5,6.126046192703131
39,eyes_closed,3,5.812821852590419
39,eyes_closed,3.5,5.235443803865234
39,eyes_closed,4,4.923184182165284
39,eyes_closed,4.5,4.997895402797891
39,eyes_closed,5,5.4509389976873655
39,eyes_closed,5.5,7.369209606613896
39,eyes_closed,6,10.309783394228798
39,eyes_closed,6.5,11.058375706852836
39,eyes_closed,7,17.00720007018012
39,eyes_closed,7.5,21.508042119057638
39,eyes_closed,8,23.19040114531235
39,eyes_closed,8.5,27.10023078056482
39,eyes_closed,9,26.279992155161843
39,eyes_closed,9.5,18.344969455724282
39,eyes_closed,10,10.51445581462959
39,eyes_closed,10.5,5.273517582460492
39,eyes_closed,11,2.9961143697255794
39,eyes_closed,11.5,2.1408943046452387
39,eyes_closed,12,1.6268762379959179
39,eyes_closed,12.5,1.3798926927586377
39,eyes_closed,13,1.1572683427537294
39,eyes_closed,13.5,0.9553165602944708
39,eyes_closed,14,0.8886744674397861
39,eyes_closed,14.5,0.8308152512940014
39,eyes_closed,15,0.7533020912705998
39,eyes_closed,15.5,0.6424610461823572
39,eyes_closed,16,0.6120768696773431
39,eyes_closed,16.5,0.6140364581521169
39,eyes_closed,17,0.5785262999591125
39,eyes_closed,17.5,0.6044309010042329
39,eyes_closed,18,0.5149372551365627
39,eyes_closed,18.5,0.45805465605975326
39,eyes_closed,19,0.41236907810343626
39,eyes_closed,19.5,0.36231432338368125
39,eyes_closed,20,0.31739276672840877
39,eyes_closed,20.5,0.28738478872000256
39,eyes_closed,21,0.2608436199360022
39,eyes_closed,21.5,0.22141340555774267
39,eyes_closed,22,0.19695841994413796
39,eyes_closed,22.5,0.20070592921403485
39,eyes_closed,23,0.18894399198908052
39,eyes_closed,23.5,0.16070441014032882
39,eyes_closed,24,0.1404558458393875
39,eyes_closed,24.5,0.1320214726233485
39,eyes_closed,25,0.13474259995087837
39,eyes_closed,25.5,0.12411228490170222
39,eyes_closed,26,0.11890615725944048
39,eyes_closed,26.5,0.11276613788856818
39,eyes_closed,27,0.1047084749649063
39,eyes_closed,27.5,0.1096709840231242
39,eyes_closed,28,0.10528669424836745
39,eyes_closed,28.5,0.10078970168115414
39,eyes_closed,29,0.11420197691534403
39,eyes_closed,29.5,0.13301585922073533
39,eyes_closed,30,0.13722659286689187
39,eyes_closed,30.5,0.12230659198292032
39,eyes_closed,31,0.09610898703165045
39,eyes_closed,31.5,0.0804915648108909
39,eyes_closed,32,0.06316695625341671
39,eyes_closed,32.5,0.05526547081728052
39,eyes_closed,33,0.05384170284691333
39,eyes_closed,33.5,0.05230617067253768
39,eyes_closed,34,0.04982228798348887
39,eyes_closed,34.5,0.04807314423518555
39,eyes_closed,35,0.04538596088617551
39,eyes_closed,35.5,0.04398333804217902
39,eyes_closed,36,0.038121971610130236
39,eyes_closed,36.5,0.03340637037237922
39,eyes_closed,37,0.031511952513502875
39,eyes_closed,37.5,0.030772597549930295
39,eyes_closed,38,0.02865975080222603
39,eyes_closed,38.5,0.027108792913777657
39,eyes_closed,39,0.02415988312401662
39,eyes_closed,39.5,0.02300094727054638
39,eyes_closed,40,0.024580370762294797
39,eyes_closed,40.5,0.022740518924855294
39,eyes_closed,41,0.01930805100433222
39,eyes_closed,41.5,0.016915628481475268
39,eyes_closed,42,0.017854340673390312
39,eyes_closed,42.5,0.01939488149036106
39,eyes_closed,43,0.019590084237902254
39,eyes_closed,43.5,0.018649821037410853
39,eyes_closed,44,0.015989893914797694
39,eyes_closed,44.5,0.014610890725228176
39,eyes_closed,45,0.013202845066428215
39,eyes_open,1,11.58561232506562
39,eyes_open,1.5,6.543283404989682
39,eyes_open,2,4.217298302658208
39,eyes_open,2.5,3.2300510732103045
39,eyes_open,3,2.769651582625557
39,eyes_open,3.5,2.6538623288719005
39,eyes_open,4,2.7551492867877694
39,eyes_open,4.5,2.8327180263661096
39,eyes_open,5,3.332864312647124
39,eyes_open,5.5,5.18851689587728
39,eyes_open,6,7.322591788642962
39,eyes_open,6.5,7.608841162141971
39,eyes_open,7,10.85308174580076
39,eyes_open,7.5,13.516696258456015
39,eyes_open,8,15.011951681919939
39,eyes_open,8.5,17.46039487856907
39,eyes_open,9,19.186588675758156
39,eyes_open,9.5,16.208767796443798
39,eyes_open,10,8.735471067883008
39,eyes_open,10.5,4.157876328645547
39,eyes_open,11,2.3109293531048483
39,eyes_open,11.5,1.502136859813916
39,eyes_open,12,1.246859706865041
39,eyes_open,12.5,1.0099469535296133
39,eyes_open,13,0.8212178314652094
39,eyes_open,13.5,0.7760134441881827
39,eyes_open,14,0.6601511870869935
39,eyes_open,14.5,0.6056855692331448
39,eyes_open,15,0.5809925603309247
39,eyes_open,15.5,0.551979475935877
39,eyes_open,16,0.509974108998108
39,eyes_open,16.5,0.4692379452320793
39,eyes_open,17,0.4481841039232716
39,eyes_open,17.5,0.4005096686922431
39,eyes_open,18,0.36683278652553364
39,eyes_open,18.5,0.3316916981831932
39,eyes_open,19,0.3041931949785654
39,eyes_open,19.5,0.2720679850330795
39,eyes_open,20,0.23406445553005645
39,eyes_open,20.5,0.20349988384835616
39,eyes_open,21,0.1797468025066158
39,eyes_open,21.5,0.17288941890772092
39,eyes_open,22,0.16477255227793736
39,eyes_open,22.5,0.14582399276549352
39,eyes_open,23,0.13356133472706758
39,eyes_open,23.5,0.12972540326177207
39,eyes_open,24,0.1243186652803083
39,eyes_open,24.5,0.1205971112958908
39,eyes_open,25,0.1162309116722152
39,eyes_open,25.5,0.11018556329581468
39,eyes_open,26,0.10239793649280643
39,eyes_open,26.5,0.09689988502302926
39,eyes_open,27,0.09232920730473669
39,eyes_open,27.5,0.08993055480853408
39,eyes_open,28,0.0931575028806244
39,eyes_open,28.5,0.09990178108168922
39,eyes_open,29,0.10866695075720599
39,eyes_open,29.5,0.11751364565248869
39,eyes_open,30,0.10558214114338296
39,eyes_open,30.5,0.08401742863350736
39,eyes_open,31,0.06731807314128392
39,eyes_open,31.5,0.055810914038840906
39,eyes_open,32,0.04838913253489477
39,eyes_open,32.5,0.04651276587753812
39,eyes_open,33,0.041372819160841214
39,eyes_open,33.5,0.03653723268106438
39,eyes_open,34,0.034492247756929134
39,eyes_open,34.5,0.03215413266617645
39,eyes_open,35,0.029858691808420445
39,eyes_open,35.5,0.026620131697310888
39,eyes_open,36,0.0268737750771327
39,eyes_open,36.5,0.0242255455680964
39,eyes_open,37,0.02187039346367679
39,eyes_open,37.5,0.02003155813997261
39,eyes_open,38,0.01857460070161978
39,eyes_open,38.5,0.018116350016175897
39,eyes_open,39,0.01750218712536624
39,eyes_open,39.5,0.01632726646933045
39,eyes_open,40,0.015616616788823066
39,eyes_open,40.5,0.014870208052336272
39,eyes_open,41,0.013486099958579493
39,eyes_open,41.5,0.012712252156104095
39,eyes_open,42,0.011414183668275494
39,eyes_open,42.5,0.010145199978537545
39,eyes_open,43,0.00996706859653338
39,eyes_open,43.5,0.009329168817223487
39,eyes_open,44,0.008720479865246775
39,eyes_open,44.5,0.008644890899597432
39,eyes_open,45,0.00781585777783792
40,eyes_closed,1,12.580185125888077
40,eyes_closed,1.5,7.069035452168158
40,eyes_closed,2,5.1688196781995055
40,eyes_closed,2.5,3.825128788557711
40,eyes_closed,3,3.0959865363576706
40,eyes_closed,3.5,2.851299781917187
40,eyes_closed,4,2.944066109672834
40,eyes_closed,4.5,3.21427058632021
40,eyes_closed,5,4.204559491557473
40,eyes_closed,5.5,4.807643615234498
40,eyes_closed,6,5.199506310020335
40,eyes_closed,6.5,5.312474901582055
40,eyes_closed,7,5.791173892378508
40,eyes_closed,7.5,7.62874417143209
40,eyes_closed,8,12.981399954105578
40,eyes_closed,8.5,19.314640862900017
40,eyes_closed,9,15.353909181149271
40,eyes_closed,9.5,12.591290113009588
40,eyes_closed,10,16.292547544808208
40,eyes_closed,10.5,19.58331105821774
40,eyes_closed,11,18.22605147828004
40,eyes_closed,11.5,12.295229598774364
40,eyes_closed,12,6.641007358962612
40,eyes_closed,12.5,3.195009539616657
40,eyes_closed,13,2.2528476704166227
40,eyes_closed,13.5,1.9996318191909381
40,eyes_closed,14,1.8515076013640743
40,eyes_closed,14.5,1.7148769402288795
40,eyes_closed,15,1.6282204962363966
40,eyes_closed,15.5,1.6603038790539892
40,eyes_closed,16,1.8414206674114477
40,eyes_closed,16.5,1.8885513056427334
40,eyes_closed,17,1.7598237488051391
40,eyes_closed,17.5,1.3952391547902052
40,eyes_closed,18,1.1864253415230417
40,eyes_closed,18.5,1.0295600743672275
40,eyes_closed,19,0.8915525424052091
40,eyes_closed,19.5,0.7743056666746924
40,eyes_closed,20,0.7051722526110683
40,eyes_closed,20.5,0.6858507942685014
40,eyes_closed,21,0.6199402680530918
40,eyes_closed,21.5,0.555068602622219
40,eyes_closed,22,0.5053359231469301
40,eyes_closed,22.5,0.4364017666913546
40,eyes_closed,23,0.36930269087618234
40,eyes_closed,23.5,0.33971810915160783
40,eyes_closed,24,0.32161650733881186
40,eyes_closed,24.5,0.27483141003020073
40,eyes_closed,25,0.26184250324493663
40,eyes_closed,25.5,0.2292247080168755
40,eyes_closed,26,0.18427478058653216
40,eyes_closed,26.5,0.1646941781178924
40,eyes_closed,27,0.15140274705107187
40,eyes_closed,27.5,0.13957666797680132
40,eyes_closed,28,0.1213925949737896
40,eyes_closed,28.5,0.10478713098885829
40,eyes_closed,29,0.09066864093026349
40,eyes_closed,29.5,0.08567170188737377
40,eyes_closed,30,0.08736940204910114
40,eyes_closed,30.5,0.07980317292170398
40,eyes_closed,31,0.07018921858508109
40,eyes_closed,31.5,0.06547511315135927
40,eyes_closed,32,0.06447334475502811
40,eyes_closed,32.5,0.06413381741415512
40,eyes_closed,33,0.06170503448398852
40,eyes_closed,33.5,0.06206310084134875
40,eyes_closed,34,0.056139928278940654
40,eyes_closed,34.5,0.04790482741626493
40,eyes_closed,35,0.04169037258796842
40,eyes_closed,35.5,0.032605857133815724
40,eyes_closed,36,0.027394319939296176
40,eyes_closed,36.5,0.023577555496736773
40,eyes_closed,37,0.020340956682597514
40,eyes_closed,37.5,0.01901100806185501
40,eyes_closed,38,0.01780781557027389
40,eyes_closed,38.5,0.01613161332501587
40,eyes_closed,39,0.01541199710554016
40,eyes_closed,39.5,0.013858888153974803
40,eyes_closed,40,0.01245101274217211
40,eyes_closed,40.5,0.01132959750974192
40,eyes_closed,41,0.011292602848116853
40,eyes_closed,41.5,0.010104702759611247
40,eyes_closed,42,0.00897186627451895
40,eyes_closed,42.5,0.008576795818013674
40,eyes_closed,43,0.007307032872679265
40,eyes_closed,43.5,0.007022318240656586
40,eyes_closed,44,0.006808011195442801
40,eyes_closed,44.5,0.00654671073393538
40,eyes_closed,45,0.005885108511841037
40,eyes_open,1,14.31695448966793
40,eyes_open,1.5,9.231367785308668
40,eyes_open,2,6.963795864965238
40,eyes_open,2.5,5.412145764304601
40,eyes_open,3,4.111674815050597
40,eyes_open,3.5,3.2621341432828856
40,eyes_open,4,2.6799863957337973
40,eyes_open,4.5,2.4030896160312802
40,eyes_open,5,2.416333175672719
40,eyes_open,5.5,2.5908563100135154
40,eyes_open,6,2.551547700935791
40,eyes_open,6.5,2.6738576819858184
40,eyes_open,7,3.1610166713058656
40,eyes_open,7.5,4.021067879203696
40,eyes_open,8,4.69900494516487
40,eyes_open,8.5,4.035882974815175
40,eyes_open,9,2.778673563394792
40,eyes_open,9.5,2.455243417852994
40,eyes_open,10,2.949361995523455
40,eyes_open,10.5,2.9502786723859327
40,eyes_open,11,2.177421628221426
40,eyes_open,11.5,1.6535023836295901
40,eyes_open,12,1.3829160192672139
40,eyes_open,12.5,1.1829233047993994
40,eyes_open,13,1.0591901473666843
40,eyes_open,13.5,1.078358947261462
40,eyes_open,14,1.0843894940182373
40,eyes_open,14.5,1.0684837406855325
40,eyes_open,15,0.9924316348082425
40,eyes_open,15.5,0.9030704245751006
40,eyes_open,16,0.8723174555995978
40,eyes_open,16.5,0.9048972300128783
40,eyes_open,17,0.8701726973422221
40,eyes_open,17.5,0.7868339425494839
40,eyes_open,18,0.6463899641004784
40,eyes_open,18.5,0.5905803496050278
40,eyes_open,19,0.5376015332202108
40,eyes_open,19.5,0.5190709627121817
40,eyes_open,20,0.48340603180202263
40,eyes_open,20.5,0.4312089975740333
40,eyes_open,21,0.40851669270033664
40,eyes_open,21.5,0.3878238790207475
40,eyes_open,22,0.32303662569823444
40,eyes_open,22.5,0.2871846214745058
40,eyes_open,23,0.2801591996699507
40,eyes_open,23.5,0.2599690279529152
40,eyes_open,24,0.23555500059287127
40,eyes_open,24.5,0.21138865309216473
40,eyes_open,25,0.20388889932713958
40,eyes_open,25.5,0.18859202085678906
40,eyes_open,26,0.1691166196463782
40,eyes_open,26.5,0.1541326825627802
40,eyes_open,27,0.13585481989042053
40,eyes_open,27.5,0.13643986907180974
40,eyes_open,28,0.12706094752419836
40,eyes_open,28.5,0.12104271429361657
40,eyes_open,29,0.10540236934921826
40,eyes_open,29.5,0.09376262816713571
40,eyes_open,30,0.08782062854531714
40,eyes_open,30.5,0.08284804828051731
40,eyes_open,31,0.07842706646947033
40,eyes_open,31.5,0.07929047065447486
40,eyes_open,32,0.07903111392359707
40,eyes_open,32.5,0.07289544564344318
40,eyes_open,33,0.07247496858678946
40,eyes_open,33.5,0.06499081365521477
40,eyes_open,34,0.05993034437500061
40,eyes_open,34.5,0.05226381823823476
40,eyes_open,35,0.04399868457859085
40,eyes_open,35.5,0.04010460720748821
40,eyes_open,36,0.03854151157466303
40,eyes_open,36.5,0.035649439782275215
40,eyes_open,37,0.031615856437220605
40,eyes_open,37.5,0.027130874794036183
40,eyes_open,38,0.024498548303769185
40,eyes_open,38.5,0.024004175171635566
40,eyes_open,39,0.02069964234678489
40,eyes_open,39.5,0.02101198502493121
40,eyes_open,40,0.020876373641276442
40,eyes_open,40.5,0.018326461506666156
40,eyes_open,41,0.01588021293610866
40,eyes_open,41.5,0.01523545838554824
40,eyes_open,42,0.015417450949243693
40,eyes_open,42.5,0.015164985569301313
40,eyes_open,43,0.013426182077992685
40,eyes_open,43.5,0.011246621066786483
40,eyes_open,44,0.009442477763851723
40,eyes_open,44.5,0.009449881060967454
40,eyes_open,45,0.009333853476736998
41,eyes_closed,1,5.866924656538867
41,eyes_closed,1.5,3.0284877003290944
41,eyes_closed,2,2.1023841894462514
41,eyes_closed,2.5,1.6647740858811857
41,eyes_closed,3,1.1374920326234006
41,eyes_closed,3.5,1.006996951556723
41,eyes_closed,4,0.9590542720945477
41,eyes_closed,4.5,0.8342991928471505
41,eyes_closed,5,0.7189069688579134
41,eyes_closed,5.5,0.6247483922713677
41,eyes_closed,6,0.5775645461975526
41,eyes_closed,6.5,0.5630019007291445
41,eyes_closed,7,0.5520405420073233
41,eyes_closed,7.5,0.5398307676923043
41,eyes_closed,8,0.4636251180659537
41,eyes_closed,8.5,0.38702527367754613
41,eyes_closed,9,0.3299893158453468
41,eyes_closed,9.5,0.30503871964428325
41,eyes_closed,10,0.2596868978178527
41,eyes_closed,10.5,0.23067108384719903
41,eyes_closed,11,0.24506686388029203
41,eyes_closed,11.5,0.24086841415221852
41,eyes_closed,12,0.2366957852590211
41,eyes_closed,12.5,0.2273265604751028
41,eyes_closed,13,0.2233594645961145
41,eyes_closed,13.5,0.21400335234441165
41,eyes_closed,14,0.20837521618372293
41,eyes_closed,14.5,0.20397531310951672
41,eyes_closed,15,0.21114276107285526
41,eyes_closed,15.5,0.21139694871306466
41,eyes_closed,16,0.2001655722057713
41,eyes_closed,16.5,0.182164078208316
41,eyes_closed,17,0.16167197572856115
41,eyes_closed,17.5,0.16641732700803902
41,eyes_closed,18,0.15995802985232427
41,eyes_closed,18.5,0.15237628757582336
41,eyes_closed,19,0.14298567465998768
41,eyes_closed,19.5,0.13774770964006405
41,eyes_closed,20,0.1456466912018278
41,eyes_closed,20.5,0.13582227417656184
41,eyes_closed,21,0.13417691290317107
41,eyes_closed,21.5,0.12496532267990954
41,eyes_closed,22,0.12577699194665126
41,eyes_closed,22.5,0.11697218466886992
41,eyes_closed,23,0.1270175391072914
41,eyes_closed,23.5,0.11389323800478153
41,eyes_closed,24,0.11774761533198612
41,eyes_closed,24.5,0.10611997765195925
41,eyes_closed,25,0.10265050937696352
41,eyes_closed,25.5,0.10139390664084358
41,eyes_closed,26,0.09271918353333229
41,eyes_closed,26.5,0.08486603423951178
41,eyes_closed,27,0.07986617104069407
41,eyes_closed,27.5,0.08240664308859946
41,eyes_closed,28,0.07958857834697851
41,eyes_closed,28.5,0.07454699995715651
41,eyes_closed,29,0.07494668918881567
41,eyes_closed,29.5,0.07337050193367127
41,eyes_closed,30,0.07094902488812503
41,eyes_closed,30.5,0.06454086195863847
41,eyes_closed,31,0.06224796293150831
41,eyes_closed,31.5,0.057975680084670286
41,eyes_closed,32,0.061510335551871714
41,eyes_closed,32.5,0.051254112760114906
41,eyes_closed,33,0.046390696191454056
41,eyes_closed,33.5,0.04796694974163948
41,eyes_closed,34,0.04541921811871659
41,eyes_closed,34.5,0.039964716207972324
41,eyes_closed,35,0.038026101257695226
41,eyes_closed,35.5,0.03433996920498165
41,eyes_closed,36,0.029370404848088644
41,eyes_closed,36.5,0.02984685930521777
41,eyes_closed,37,0.027444155538093068
41,eyes_closed,37.5,0.02789881697968752
41,eyes_closed,38,0.02539896105796692
41,eyes_closed,38.5,0.025008714632777745
41,eyes_closed,39,0.021457874242517737
41,eyes_closed,39.5,0.019556357949750146
41,eyes_closed,40,0.016652980220529724
41,eyes_closed,40.5,0.01776719332301819
41,eyes_closed,41,0.015892022731813643
41,eyes_closed,41.5,0.015155123226567266
41,eyes_closed,42,0.014860861780608714
41,eyes_closed,42.5,0.013724618340920236
41,eyes_closed,43,0.012704811252139328
41,eyes_closed,43.5,0.013140532010260636
41,eyes_closed,44,0.012190594228846796
41,eyes_closed,44.5,0.011221894334215868
41,eyes_closed,45,0.009584398892366732
41,eyes_open,1,6.475689839310896
41,eyes_open,1.5,4.242273641261655
41,eyes_open,2,2.871343614869276
41,eyes_open,2.5,1.9726639604265717
41,eyes_open,3,1.4359591355054517
41,eyes_open,3.5,1.1690085282125529
41,eyes_open,4,0.993155072528632
41,eyes_open,4.5,0.9306884527905818
41,eyes_open,5,0.8774422120175193
41,eyes_open,5.5,0.8308232647933371
41,eyes_open,6,0.7299390825440082
41,eyes_open,6.5,0.6649826343947062
41,eyes_open,7,0.6204597964795682
41,eyes_open,7.5,0.5213349114112502
41,eyes_open,8,0.47102494022365904
41,eyes_open,8.5,0.383989199125888
41,eyes_open,9,0.340108191018956
41,eyes_open,9.5,0.29666822965797834
41,eyes_open,10,0.27710442822426296
41,eyes_open,10.5,0.2871151531853854
41,eyes_open,11,0.28266103503287515
41,eyes_open,11.5,0.27101893790795234
41,eyes_open,12,0.2679885968901506
41,eyes_open,12.5,0.26310544499052235
41,eyes_open,13,0.2675610979095381
41,eyes_open,13.5,0.2541790155053313
41,eyes_open,14,0.23146851466678411
41,eyes_open,14.5,0.20928945096894527
41,eyes_open,15,0.19446772161178824
41,eyes_open,15.5,0.1952073300857339
41,eyes_open,16,0.1790409973323
41,eyes_open,16.5,0.17354399861605196
41,eyes_open,17,0.16894827290129377
41,eyes_open,17.5,0.17775350517785538
41,eyes_open,18,0.15501771193234104
41,eyes_open,18.5,0.14635174096369857
41,eyes_open,19,0.1464472285260897
41,eyes_open,19.5,0.14750621701258876
41,eyes_open,20,0.15311717648842638
41,eyes_open,20.5,0.1629944991537581
41,eyes_open,21,0.14833793884287524
41,eyes_open,21.5,0.1362444766582891
41,eyes_open,22,0.13193666361153475
41,eyes_open,22.5,0.1296746919679463
41,eyes_open,23,0.1241712094094652
41,eyes_open,23.5,0.12993253716309067
41,eyes_open,24,0.1291899124050189
41,eyes_open,24.5,0.12494360053815001
41,eyes_open,25,0.11330164259660014
41,eyes_open,25.5,0.11146331774331136
41,eyes_open,26,0.1098829122936958
41,eyes_open,26.5,0.10597990776535202
41,eyes_open,27,0.10697858930920484
41,eyes_open,27.5,0.1066515901499793
41,eyes_open,28,0.10774445489645137
41,eyes_open,28.5,0.09969326289135474
41,eyes_open,29,0.09495663799359971
41,eyes_open,29.5,0.08757944700802017
41,eyes_open,30,0.08443340269214443
41,eyes_open,30.5,0.08605650317235153
41,eyes_open,31,0.08214049516711908
41,eyes_open,31.5,0.08195576492622642
41,eyes_open,32,0.06936927302563477
41,eyes_open,32.5,0.0689467872368104
41,eyes_open,33,0.06554526979484745
41,eyes_open,33.5,0.06033929371938376
41,eyes_open,34,0.054096871706220614
41,eyes_open,34.5,0.04857334587537407
41,eyes_open,35,0.04668428987384433
41,eyes_open,35.5,0.04189135697034101
41,eyes_open,36,0.03847262218335621
41,eyes_open,36.5,0.03823746480419797
41,eyes_open,37,0.0375069027805584
41,eyes_open,37.5,0.03607126633852365
41,eyes_open,38,0.03392138489164811
41,eyes_open,38.5,0.03247800305902889
41,eyes_open,39,0.02796787953504878
41,eyes_open,39.5,0.026305490914180198
41,eyes_open,40,0.02540794161286498
41,eyes_open,40.5,0.024542934053700435
41,eyes_open,41,0.023635058248736754
41,eyes_open,41.5,0.02070814398229779
41,eyes_open,42,0.020837347543434706
41,eyes_open,42.5,0.018972289166723513
41,eyes_open,43,0.017361021655452148
41,eyes_open,43.5,0.016768732462895362
41,eyes_open,44,0.015647560693603204
41,eyes_open,44.5,0.01454906742251221
41,eyes_open,45,0.0124789751194018
42,eyes_closed,1,9.326892487772604
42,eyes_closed,1.5,5.907767357207074
42,eyes_closed,2,3.955611015501254
42,eyes_closed,2.5,2.4594507243084105
42,eyes_closed,3,1.6488006698389168
42,eyes_closed,3.5,1.32291039280816
42,eyes_closed,4,1.1127980097942962
42,eyes_closed,4.5,1.057309650110764
42,eyes_closed,5,0.9563730655109816
42,eyes_closed,5.5,0.8740950135562144
42,eyes_closed,6,0.9746327232524385
42,eyes_closed,6.5,1.0549515042944146
42,eyes_closed,7,1.1569528584879936
42,eyes_closed,7.5,1.3284860518635915
42,eyes_closed,8,1.8984163052642389
42,eyes_closed,8.5,3.0536789675868055
42,eyes_closed,9,4.9591843219285066
42,eyes_closed,9.5,10.493847665272662
42,eyes_closed,10,21.856572514135312
42,eyes_closed,10.5,27.25413177544957
42,eyes_closed,11,22.890538873365916
42,eyes_closed,11.5,14.651909261594998
42,eyes_closed,12,7.42113992444678
42,eyes_closed,12.5,3.4122304972910373
42,eyes_closed,13,1.8076114558539527
42,eyes_closed,13.5,1.2708432417863267
42,eyes_closed,14,0.958146501949922
42,eyes_closed,14.5,0.7491905535865722
42,eyes_closed,15,0.6435276555243704
42,eyes_closed,15.5,0.5978658012594837
42,eyes_closed,16,0.571905134921081
42,eyes_closed,16.5,0.5213975468200044
42,eyes_closed,17,0.5052711658977763
42,eyes_closed,17.5,0.5470247851701752
42,eyes_closed,18,0.5611740258511281
42,eyes_closed,18.5,0.5683438200079535
42,eyes_closed,19,0.6319733042680662
42,eyes_closed,19.5,0.6762912378049118
42,eyes_closed,20,0.6914310298704538
42,eyes_closed,20.5,0.7131688666040832
42,eyes_closed,21,0.7419515070177286
42,eyes_closed,21.5,0.684346558716122
42,eyes_closed,22,0.6399332825281866
42,eyes_closed,22.5,0.6330205799783492
42,eyes_closed,23,0.5619828022429659
42,eyes_closed,23.5,0.4665894985098025
42,eyes_closed,24,0.4200515033687647
42,eyes_closed,24.5,0.397416091395285
42,eyes_closed,25,0.35551361387709757
42,eyes_closed,25.5,0.30054144547526057
42,eyes_closed,26,0.31113859698678303
42,eyes_closed,26.5,0.2945231596882372
42,eyes_closed,27,0.24907990919126827
42,eyes_closed,27.5,0.23782936478682692
42,eyes_closed,28,0.23021157546946489
42,eyes_closed,28.5,0.2015163519628241
42,eyes_closed,29,0.1858192302356357
42,eyes_closed,29.5,0.17142082567552136
42,eyes_closed,30,0.1654981132724114
42,eyes_closed,30.5,0.15117949598522729
42,eyes_closed,31,0.138441716401235
42,eyes_closed,31.5,0.1496274280368128
42,eyes_closed,32,0.12943529973874934
42,eyes_closed,32.5,0.10886635027054503
42,eyes_closed,33,0.10842759593081835
42,eyes_closed,33.5,0.09563876509666099
42,eyes_closed,34,0.08689190592860899
42,eyes_closed,34.5,0.0931587735826368
42,eyes_closed,35,0.08363674850519291
42,eyes_closed,35.5,0.07590372028996868
42,eyes_closed,36,0.07318400573992725
42,eyes_closed,36.5,0.0686515783379951
42,eyes_closed,37,0.06709418765892378
42,eyes_closed,37.5,0.0632391907357588
42,eyes_closed,38,0.056194501286468565
42,eyes_closed,38.5,0.053888560546868934
42,eyes_closed,39,0.05357560186902262
42,eyes_closed,39.5,0.05062583869783436
42,eyes_closed,40,0.04571108225568708
42,eyes_closed,40.5,0.04103722921745638
42,eyes_closed,41,0.042523636198504876
42,eyes_closed,41.5,0.03944176862744569
42,eyes_closed,42,0.035236197074394425
42,eyes_closed,42.5,0.036479593781098094
42,eyes_closed,43,0.03716546438234246
42,eyes_closed,43.5,0.032110457170065186
42,eyes_closed,44,0.027748240852711933
42,eyes_closed,44.5,0.025973351928392164
42,eyes_closed,45,0.02463461017173224
42,eyes_open,1,7.846490989580982
42,eyes_open,1.5,3.8721896952922714
42,eyes_open,2,2.45269341032746
42,eyes_open,2.5,1.821167741200633
42,eyes_open,3,1.3489121073320618
42,eyes_open,3.5,1.1570138045485252
42,eyes_open,4,1.1216966819045875
42,eyes_open,4.5,0.9390139943493347
42,eyes_open,5,0.7722374720851302
42,eyes_open,5.5,0.7020015432251042
42,eyes_open,6,0.6432436205133539
42,eyes_open,6.5,0.5817945196209723
42,eyes_open,7,0.5807059524149363
42,eyes_open,7.5,0.5595449647271162
42,eyes_open,8,0.5787769030437985
42,eyes_open,8.5,0.8005734012536386
42,eyes_open,9,1.139064420246324
42,eyes_open,9.5,1.4398476895449763
42,eyes_open,10,1.5015819769785033
42,eyes_open,10.5,1.683091578533487
42,eyes_open,11,1.9888148744390008
42,eyes_open,11.5,1.854560406174078
42,eyes_open,12,1.5031627694708605
42,eyes_open,12.5,1.2447404706323772
42,eyes_open,13,1.005079992902333
42,eyes_open,13.5,0.7771644038389238
42,eyes_open,14,0.6750685834777699
42,eyes_open,14.5,0.6144606955977124
42,eyes_open,15,0.4853298920007635
42,eyes_open,15.5,0.40184014419996017
42,eyes_open,16,0.3736333979354658
42,eyes_open,16.5,0.35425524126803104
42,eyes_open,17,0.33848548176043847
42,eyes_open,17.5,0.3595528280519279
42,eyes_open,18,0.37523207107574397
42,eyes_open,18.5,0.36304640775135877
42,eyes_open,19,0.33151414292824777
42,eyes_open,19.5,0.3322424562409649
42,eyes_open,20,0.3450286201870625
42,eyes_open,20.5,0.36079268601122494
42,eyes_open,21,0.3871690544077953
42,eyes_open,21.5,0.4010809172223514
42,eyes_open,22,0.3779886973375531
42,eyes_open,22.5,0.3679129146751538
42,eyes_open,23,0.3973150185739433
42,eyes_open,23.5,0.37974734444133273
42,eyes_open,24,0.3432625377195268
42,eyes_open,24.5,0.3304129177414657
42,eyes_open,25,0.3260323618749438
42,eyes_open,25.5,0.30700234009621963
42,eyes_open,26,0.2675011209719656
42,eyes_open,26.5,0.24009232214729165
42,eyes_open,27,0.21949068311990363
42,eyes_open,27.5,0.20301776226412782
42,eyes_open,28,0.19097261542689664
42,eyes_open,28.5,0.17701147486472626
42,eyes_open,29,0.1608227635954966
42,eyes_open,29.5,0.14173245642567703
42,eyes_open,30,0.14018668885721625
42,eyes_open,30.5,0.12290159833696732
42,eyes_open,31,0.10831611714332157
42,eyes_open,31.5,0.10275324200389432
42,eyes_open,32,0.09370936230741217
42,eyes_open,32.5,0.08117873442040849
42,eyes_open,33,0.0852166141563667
42,eyes_open,33.5,0.08521458583172158
42,eyes_open,34,0.07480550409959603
42,eyes_open,34.5,0.06759444996178293
42,eyes_open,35,0.06228504782007124
42,eyes_open,35.5,0.06300383257677676
42,eyes_open,36,0.05926744429912753
42,eyes_open,36.5,0.05892241382969826
42,eyes_open,37,0.053575141269961005
42,eyes_open,37.5,0.04851931585052778
42,eyes_open,38,0.04640054915184716
42,eyes_open,38.5,0.043516772633376374
42,eyes_open,39,0.04174783392338305
42,eyes_open,39.5,0.03860168496645933
42,eyes_open,40,0.03529742317806571
42,eyes_open,40.5,0.03381495859281406
42,eyes_open,41,0.03308543110056578
42,eyes_open,41.5,0.02991810014221684
42,eyes_open,42,0.02825858225125699
42,eyes_open,42.5,0.02667601542838191
42,eyes_open,43,0.028290829964264932
42,eyes_open,43.5,0.02560786684142749
42,eyes_open,44,0.023718250883498215
42,eyes_open,44.5,0.021099434828237375
42,eyes_open,45,0.01900959530546122
43,eyes_closed,1,6.709780976446736
43,eyes_closed,1.5,4.618767112025894
43,eyes_closed,2,3.32022579074467
43,eyes_closed,2.5,2.777103389977145
43,eyes_closed,3,2.581842272724861
43,eyes_closed,3.5,2.415960433222171
43,eyes_closed,4,2.1303675882305435
43,eyes_closed,4.5,2.2961262285131534
43,eyes_closed,5,2.7916382591126556
43,eyes_closed,5.5,3.1440557901438204
43,eyes_closed,6,3.2086062756018348
43,eyes_closed,6.5,3.285278743928833
43,eyes_closed,7,3.772186027599299
43,eyes_closed,7.5,5.674878483800292
43,eyes_closed,8,11.881314789777756
43,eyes_closed,8.5,28.704229320735518
43,eyes_closed,9,36.29592701257721
43,eyes_closed,9.5,23.44416309607237
43,eyes_closed,10,15.796006268471661
43,eyes_closed,10.5,9.283727370362598
43,eyes_closed,11,6.34945124952183
43,eyes_closed,11.5,5.367733540868803
43,eyes_closed,12,4.107292223966386
43,eyes_closed,12.5,2.8606402552706793
43,eyes_closed,13,2.059160593582231
43,eyes_closed,13.5,1.722362279574219
43,eyes_closed,14,1.5239573343232216
43,eyes_closed,14.5,1.4483459918100885
43,eyes_closed,15,1.3497234474951123
43,eyes_closed,15.5,1.4221032280736179
43,eyes_closed,16,1.4607988450500389
43,eyes_closed,16.5,1.3389004580088937
43,eyes_closed,17,1.4025032213662
43,eyes_closed,17.5,1.3990779697110733
43,eyes_closed,18,1.2512528340533544
43,eyes_closed,18.5,1.0789327627179177
43,eyes_closed,19,0.9087997513287247
43,eyes_closed,19.5,0.7514810452144177
43,eyes_closed,20,0.6335363563781261
43,eyes_closed,20.5,0.5594589872927238
43,eyes_closed,21,0.5224858753104883
43,eyes_closed,21.5,0.43141430669516223
43,eyes_closed,22,0.3770803378167372
43,eyes_closed,22.5,0.3494523595894681
43,eyes_closed,23,0.34441392969114454
43,eyes_closed,23.5,0.3345114154349802
43,eyes_closed,24,0.2845008360735819
43,eyes_closed,24.5,0.2435645210067197
43,eyes_closed,25,0.23357720281021707
43,eyes_closed,25.5,0.21259543305364523
43,eyes_closed,26,0.17783373888683635
43,eyes_closed,26.5,0.14498246764121847
43,eyes_closed,27,0.13834901185558865
43,eyes_closed,27.5,0.11258007110022616
43,eyes_closed,28,0.09505925798385897
43,eyes_closed,28.5,0.08338323426139027
43,eyes_closed,29,0.07297843548107814
43,eyes_closed,29.5,0.0644888430972294
43,eyes_closed,30,0.06059629730504317
43,eyes_closed,30.5,0.05114689167565379
43,eyes_closed,31,0.047898760743984053
43,eyes_closed,31.5,0.0468236948731794
43,eyes_closed,32,0.03769474748424169
43,eyes_closed,32.5,0.031522137660060456
43,eyes_closed,33,0.02820665022560102
43,eyes_closed,33.5,0.02603753480936943
43,eyes_closed,34,0.02450440727619901
43,eyes_closed,34.5,0.02216288436926428
43,eyes_closed,35,0.019363852287563085
43,eyes_closed,35.5,0.016872108892397767
43,eyes_closed,36,0.015943740496565433
43,eyes_closed,36.5,0.014661992688476866
43,eyes_closed,37,0.012807129669175844
43,eyes_closed,37.5,0.011896762212985962
43,eyes_closed,38,0.011512331229996486
43,eyes_closed,38.5,0.009961487437355572
43,eyes_closed,39,0.008863094269249116
43,eyes_closed,39.5,0.008571496134261775
43,eyes_closed,40,0.007694839566237471
43,eyes_closed,40.5,0.006941008838991389
43,eyes_closed,41,0.006227554427976773
43,eyes_closed,41.5,0.005873519512793621
43,eyes_closed,42,0.005058465408747036
43,eyes_closed,42.5,0.0046321433813882856
43,eyes_closed,43,0.004287570675583487
43,eyes_closed,43.5,0.0040105726139702275
43,eyes_closed,44,0.0035597706221181906
43,eyes_closed,44.5,0.0030666104417119895
43,eyes_closed,45,0.002828799005127967
43,eyes_open,1,4.586260063074726
43,eyes_open,1.5,2.596068221707773
43,eyes_open,2,1.858412454948659
43,eyes_open,2.5,1.4327610915176443
43,eyes_open,3,1.2650270130257986
43,eyes_open,3.5,1.0997597352252257
43,eyes_open,4,0.9706407860375915
43,eyes_open,4.5,1.0277498968599814
43,eyes_open,5,1.0143799285007034
43,eyes_open,5.5,1.002027762116892
43,eyes_open,6,1.1659939020192807
43,eyes_open,6.5,1.3374872711402852
43,eyes_open,7,1.5447659349089784
43,eyes_open,7.5,2.4168996341188036
43,eyes_open,8,3.4497402312495815
43,eyes_open,8.5,4.853324058333544
43,eyes_open,9,5.4756162215814514
43,eyes_open,9.5,5.2071002294213855
43,eyes_open,10,4.638833395062539
43,eyes_open,10.5,3.5189463853289062
43,eyes_open,11,3.052949112872319
43,eyes_open,11.5,2.6250457169090797
43,eyes_open,12,2.249304792127077
43,eyes_open,12.5,1.9412753681561372
43,eyes_open,13,1.7403841164991727
43,eyes_open,13.5,1.4841132172624345
43,eyes_open,14,1.325917637878153
43,eyes_open,14.5,1.2760964490010178
43,eyes_open,15,1.323292512353983
43,eyes_open,15.5,1.3456678848997192
43,eyes_open,16,1.4068459893747647
43,eyes_open,16.5,1.2782425092072567
43,eyes_open,17,1.1629336242575266
43,eyes_open,17.5,1.0850679391928584
43,eyes_open,18,1.0096021648415034
43,eyes_open,18.5,0.9156455701284492
43,eyes_open,19,0.7627610442939861
43,eyes_open,19.5,0.7129969689927921
43,eyes_open,20,0.6053851826680802
43,eyes_open,20.5,0.5108739644145792
43,eyes_open,21,0.4246870842046653
43,eyes_open,21.5,0.37267025642570417
43,eyes_open,22,0.3667320039267278
43,eyes_open,22.5,0.33195254338017477
43,eyes_open,23,0.30071837283998837
43,eyes_open,23.5,0.27226978366492777
43,eyes_open,24,0.24017889185191
43,eyes_open,24.5,0.2045750622464808
43,eyes_open,25,0.18664427422043614
43,eyes_open,25.5,0.1659485336218865
43,eyes_open,26,0.14186119864034272
43,eyes_open,26.5,0.13163686085703546
43,eyes_open,27,0.1147916040934518
43,eyes_open,27.5,0.09807295216340849
43,eyes_open,28,0.08186082622788875
43,eyes_open,28.5,0.06527620546140199
43,eyes_open,29,0.05626239414859456
43,eyes_open,29.5,0.050427600539786656
43,eyes_open,30,0.049876007941510515
43,eyes_open,30.5,0.04340990869102102
43,eyes_open,31,0.036206332095602936
43,eyes_open,31.5,0.032527604976659324
43,eyes_open,32,0.028470405478929765
43,eyes_open,32.5,0.026745865774769038
43,eyes_open,33,0.024961076470651884
43,eyes_open,33.5,0.02267000890985208
43,eyes_open,34,0.02015846841319475
43,eyes_open,34.5,0.01745263065058207
43,eyes_open,35,0.01579739177866883
43,eyes_open,35.5,0.014791742404847485
43,eyes_open,36,0.014486713202377481
43,eyes_open,36.5,0.013086398505896152
43,eyes_open,37,0.012168801165353583
43,eyes_open,37.5,0.010581352467404426
43,eyes_open,38,0.010479564492248754
43,eyes_open,38.5,0.009608352164609773
43,eyes_open,39,0.008880581076486174
43,eyes_open,39.5,0.007940549917666517
43,eyes_open,40,0.00723664563293562
43,eyes_open,40.5,0.0066800727783292956
43,eyes_open,41,0.005917401912076977
43,eyes_open,41.5,0.005322514156400602
43,eyes_open,42,0.005202405732768937
43,eyes_open,42.5,0.004813689801676528
43,eyes_open,43,0.004214249606693008
43,eyes_open,43.5,0.003946898273771964
43,eyes_open,44,0.003722903111680884
43,eyes_open,44.5,0.003311468939004606
43,eyes_open,45,0.0032541079013892775
44,eyes_closed,1,8.617247587780318
44,eyes_closed,1.5,5.239834827289353
44,eyes_closed,2,3.347734298078193
44,eyes_closed,2.5,2.4051352337475804
44,eyes_closed,3,1.9373653345995097
44,eyes_closed,3.5,1.774758442528776
44,eyes_closed,4,1.5809761470247763
44,eyes_closed,4.5,1.3780665819100915
44,eyes_closed,5,1.1657061670735844
44,eyes_closed,5.5,0.99051173194546
44,eyes_closed,6,0.9792927971509
44,eyes_closed,6.5,0.9369655254319879
44,eyes_closed,7,1.0395603510952396
44,eyes_closed,7.5,1.1313852468921932
44,eyes_closed,8,1.3145629047297667
44,eyes_closed,8.5,2.0042776083801934
44,eyes_closed,9,3.5047240039782905
44,eyes_closed,9.5,6.532710593392553
44,eyes_closed,10,13.604709183509678
44,eyes_closed,10.5,25.367629517822294
44,eyes_closed,11,28.882347048954657
44,eyes_closed,11.5,18.307488620466206
44,eyes_closed,12,8.495192059524662
44,eyes_closed,12.5,3.5627140624911515
44,eyes_closed,13,1.6049243709701602
44,eyes_closed,13.5,0.9143505959687183
44,eyes_closed,14,0.5989426209001238
44,eyes_closed,14.5,0.48128457332983815
44,eyes_closed,15,0.4281807281985509
44,eyes_closed,15.5,0.3689273644447177
44,eyes_closed,16,0.3693951101640201
44,eyes_closed,16.5,0.38423228198093246
44,eyes_closed,17,0.36776169528941277
44,eyes_closed,17.5,0.3555311832103336
44,eyes_closed,18,0.351321188554213
44,eyes_closed,18.5,0.35711188674925504
44,eyes_closed,19,0.37549628260601525
44,eyes_closed,19.5,0.44535075659591206
44,eyes_closed,20,0.5457774851717104
44,eyes_closed,20.5,0.621931885634278
44,eyes_closed,21,0.6271344835732544
44,eyes_closed,21.5,0.6400591830653309
44,eyes_closed,22,0.551465062547688
44,eyes_closed,22.5,0.39144434960113034
44,eyes_closed,23,0.25857783754393837
44,eyes_closed,23.5,0.18031258999246721
44,eyes_closed,24,0.13498614613974502
44,eyes_closed,24.5,0.11310116546638992
44,eyes_closed,25,0.09986814165839357
44,eyes_closed,25.5,0.09857901085978737
44,eyes_closed,26,0.08619788064717396
44,eyes_closed,26.5,0.0748659127880427
44,eyes_closed,27,0.06865501487521447
44,eyes_closed,27.5,0.06454949211411544
44,eyes_closed,28,0.06020471068245843
44,eyes_closed,28.5,0.05850375826261653
44,eyes_closed,29,0.05575093252958136
44,eyes_closed,29.5,0.0549652246498841
44,eyes_closed,30,0.054540073879993725
44,eyes_closed,30.5,0.05657465504502473
44,eyes_closed,31,0.04981728511283259
44,eyes_closed,31.5,0.04553394984923161
44,eyes_closed,32,0.042145822541037006
44,eyes_closed,32.5,0.036737901901712375
44,eyes_closed,33,0.02994346764528323
44,eyes_closed,33.5,0.024350002191020237
44,eyes_closed,34,0.02235755972059139
44,eyes_closed,34.5,0.01914426817456907
44,eyes_closed,35,0.01778568743362244
44,eyes_closed,35.5,0.016666219837429243
44,eyes_closed,36,0.014034185325906185
44,eyes_closed,36.5,0.01273551999127524
44,eyes_closed,37,0.012683533067693271
44,eyes_closed,37.5,0.011712479951471618
44,eyes_closed,38,0.011191579693744912
44,eyes_closed,38.5,0.009817942965665037
44,eyes_closed,39,0.008440199976845475
44,eyes_closed,39.5,0.008244453819510318
44,eyes_closed,40,0.00806400401341133
44,eyes_closed,40.5,0.007340831925488292
44,eyes_closed,41,0.00646427270359448
44,eyes_closed,41.5,0.005935044871530114
44,eyes_closed,42,0.005505008574341369
44,eyes_closed,42.5,0.005032519723555299
44,eyes_closed,43,0.004702832793755381
44,eyes_closed,43.5,0.004380385545837034
44,eyes_closed,44,0.003702628547853813
44,eyes_closed,44.5,0.0033893217258052404
44,eyes_closed,45,0.003192555358667421
44,eyes_open,1,8.163849215434496
44,eyes_open,1.5,4.999355379941997
44,eyes_open,2,3.1489058732677186
44,eyes_open,2.5,2.590607400793571
44,eyes_open,3,2.1038479648205985
44,eyes_open,3.5,1.7386945490814325
44,eyes_open,4,1.4739038651000207
44,eyes_open,4.5,1.253774088587394
44,eyes_open,5,1.0872964778683432
44,eyes_open,5.5,0.9001198585103632
44,eyes_open,6,0.7819151716291128
44,eyes_open,6.5,0.7036966894511438
44,eyes_open,7,0.7064086256536428
44,eyes_open,7.5,0.7371916008143229
44,eyes_open,8,0.7667373645363736
44,eyes_open,8.5,0.8038757337132904
44,eyes_open,9,0.8995713849713619
44,eyes_open,9.5,1.273854515299205
44,eyes_open,10,2.416735565938645
44,eyes_open,10.5,4.492781761203774
44,eyes_open,11,4.871338976010189
44,eyes_open,11.5,3.1312032249177975
44,eyes_open,12,1.7748735169785745
44,eyes_open,12.5,1.1348873818157343
44,eyes_open,13,0.8390434724741878
44,eyes_open,13.5,0.6555014844587373
44,eyes_open,14,0.5008591135647843
44,eyes_open,14.5,0.40767075033481964
44,eyes_open,15,0.33359147015005475
44,eyes_open,15.5,0.2875296697317584
44,eyes_open,16,0.24710020779941505
44,eyes_open,16.5,0.23771050096679322
44,eyes_open,17,0.2275866617015159
44,eyes_open,17.5,0.211881915553442
44,eyes_open,18,0.19694040119617365
44,eyes_open,18.5,0.19369432183997032
44,eyes_open,19,0.18259239994805201
44,eyes_open,19.5,0.1702251781705413
44,eyes_open,20,0.17817476911455882
44,eyes_open,20.5,0.19054053438238333
44,eyes_open,21,0.19265346145804466
44,eyes_open,21.5,0.1776085321918268
44,eyes_open,22,0.16833413832054897
44,eyes_open,22.5,0.1461953330882207
44,eyes_open,23,0.11269708583724505
44,eyes_open,23.5,0.10558644282794902
44,eyes_open,24,0.09441090563021441
44,eyes_open,24.5,0.08388028324284698
44,eyes_open,25,0.07668069975097089
44,eyes_open,25.5,0.07769863242532238
44,eyes_open,26,0.07045804931925878
44,eyes_open,26.5,0.06443747171208748
44,eyes_open,27,0.06248503368535489
44,eyes_open,27.5,0.061489887412696315
44,eyes_open,28,0.05366164501617765
44,eyes_open,28.5,0.05220746015074403
44,eyes_open,29,0.04859181274601065
44,eyes_open,29.5,0.04631699821513772
44,eyes_open,30,0.04542621210309596
44,eyes_open,30.5,0.04223676913455199
44,eyes_open,31,0.04042822903018898
44,eyes_open,31.5,0.03874907385881407
44,eyes_open,32,0.034757609051238904
44,eyes_open,32.5,0.03098142145729415
44,eyes_open,33,0.030861917930034316
44,eyes_open,33.5,0.02830294551359768
44,eyes_open,34,0.02416846960198538
44,eyes_open,34.5,0.022847810641639855
44,eyes_open,35,0.021629611102942266
44,eyes_open,35.5,0.019568848405896705
44,eyes_open,36,0.018797595053434202
44,eyes_open,36.5,0.01821731052678213
44,eyes_open,37,0.016311499354490396
44,eyes_open,37.5,0.01590070398980768
44,eyes_open,38,0.015939412661421813
44,eyes_open,38.5,0.013496795447507622
44,eyes_open,39,0.011268321258357502
44,eyes_open,39.5,0.010702138890415665
44,eyes_open,40,0.00981861186017699
44,eyes_open,40.5,0.00932844382932614
44,eyes_open,41,0.00930966697698241
44,eyes_open,41.5,0.008576210989047508
44,eyes_open,42,0.0075744510916968145
44,eyes_open,42.5,0.007172936514698259
44,eyes_open,43,0.0066556737669905015
44,eyes_open,43.5,0.005766530023860124
44,eyes_open,44,0.005330600105253822
44,eyes_open,44.5,0.005073307171169431
44,eyes_open,45,0.004658460185910466
45,eyes_closed,1,9.29693989834669
45,eyes_closed,1.5,6.310255007512365
45,eyes_closed,2,4.606837842797733
45,eyes_closed,2.5,3.8288608974672176
45,eyes_closed,3,3.130467273485239
45,eyes_closed,3.5,2.794195663319017
45,eyes_closed,4,2.872813576407852
45,eyes_closed,4.5,3.012647776664283
45,eyes_closed,5,3.4141337845731634
45,eyes_closed,5.5,3.812805078722578
45,eyes_closed,6,4.485671046792983
45,eyes_closed,6.5,5.286445237187865
45,eyes_closed,7,6.301528533503872
45,eyes_closed,7.5,7.119171553196016
45,eyes_closed,8,8.642852666069302
45,eyes_closed,8.5,13.55051316346493
45,eyes_closed,9,21.725624686229995
45,eyes_closed,9.5,33.289289767708766
45,eyes_closed,10,40.710863958440015
45,eyes_closed,10.5,36.82966642282614
45,eyes_closed,11,24.02670686593591
45,eyes_closed,11.5,11.715972219276189
45,eyes_closed,12,5.4331994367675485
45,eyes_closed,12.5,2.877169190690097
45,eyes_closed,13,1.7966437091253906
45,eyes_closed,13.5,1.4495405322046566
45,eyes_closed,14,1.3548480795157616
45,eyes_closed,14.5,1.2977924262110536
45,eyes_closed,15,1.340956939231335
45,eyes_closed,15.5,1.4475325122911078
45,eyes_closed,16,1.6136378171861891
45,eyes_closed,16.5,1.701628456990266
45,eyes_closed,17,1.7455816020754717
45,eyes_closed,17.5,1.7576306181431738
45,eyes_closed,18,1.6334104597227754
45,eyes_closed,18.5,1.4298004271447222
45,eyes_closed,19,1.2896572590122135
45,eyes_closed,19.5,1.1757812608731726
45,eyes_closed,20,0.9787104381331001
45,eyes_closed,20.5,0.8066554133845527
45,eyes_closed,21,0.633766724398717
45,eyes_closed,21.5,0.5097487833242645
45,eyes_closed,22,0.40894853045472074
45,eyes_closed,22.5,0.3321863168450859
45,eyes_closed,23,0.28130150475680765
45,eyes_closed,23.5,0.24285347485608183
45,eyes_closed,24,0.2163017426855916
45,eyes_closed,24.5,0.18372139940811416
45,eyes_closed,25,0.1614156503905586
45,eyes_closed,25.5,0.15018192020805318
45,eyes_closed,26,0.14754855041079343
45,eyes_closed,26.5,0.13830729720163729
45,eyes_closed,27,0.11921134148893044
45,eyes_closed,27.5,0.10918568508246669
45,eyes_closed,28,0.10579602230119392
45,eyes_closed,28.5,0.09483825289580135
45,eyes_closed,29,0.0827552129497541
45,eyes_closed,29.5,0.07047740453881653
45,eyes_closed,30,0.06578731232040932
45,eyes_closed,30.5,0.06292878229994574
45,eyes_closed,31,0.05715726053494163
45,eyes_closed,31.5,0.04933669956372921
45,eyes_closed,32,0.04523711720403936
45,eyes_closed,32.5,0.04026473704512181
45,eyes_closed,33,0.03807028512320133
45,eyes_closed,33.5,0.03411791896385671
45,eyes_closed,34,0.028256694637119793
45,eyes_closed,34.5,0.02771142413577842
45,eyes_closed,35,0.025613311021130257
45,eyes_closed,35.5,0.02373137977499207
45,eyes_closed,36,0.022333400481837316
45,eyes_closed,36.5,0.021920368548732687
45,eyes_closed,37,0.018779465367997888
45,eyes_closed,37.5,0.015529389434457707
45,eyes_closed,38,0.015524532294022717
45,eyes_closed,38.5,0.015041620162902603
45,eyes_closed,39,0.014623262530074423
45,eyes_closed,39.5,0.013039554846548746
45,eyes_closed,40,0.010878772133445975
45,eyes_closed,40.5,0.010595195751861903
45,eyes_closed,41,0.010490783482352703
45,eyes_closed,41.5,0.009464735888228076
45,eyes_closed,42,0.008098739513455636
45,eyes_closed,42.5,0.007356179195179195
45,eyes_closed,43,0.006811868332370187
45,eyes_closed,43.5,0.0063931552746058894
45,eyes_closed,44,0.00569080797717926
45,eyes_closed,44.5,0.005626493341911404
45,eyes_closed,45,0.005476473517451881
45,eyes_open,1,8.80991325487639
45,eyes_open,1.5,5.797594683116348
45,eyes_open,2,4.167951879835292
45,eyes_open,2.5,3.601219897902154
45,eyes_open,3,3.187232717930279
45,eyes_open,3.5,2.781047547177311
45,eyes_open,4,2.3994541293132547
45,eyes_open,4.5,2.293958219727915
45,eyes_open,5,2.314951625038131
45,eyes_open,5.5,2.3469874513134914
45,eyes_open,6,2.473839499359167
45,eyes_open,6.5,2.6698688344458534
45,eyes_open,7,2.673286456734751
45,eyes_open,7.5,2.674072336811642
45,eyes_open,8,3.216645931088784
45,eyes_open,8.5,3.821739638672156
45,eyes_open,9,4.490684903990151
45,eyes_open,9.5,5.98343705694676
45,eyes_open,10,8.198460186421022
45,eyes_open,10.5,10.836354554816856
45,eyes_open,11,10.223058469991253
45,eyes_open,11.5,7.258023350245467
45,eyes_open,12,3.889739896859391
45,eyes_open,12.5,1.9948005677229332
45,eyes_open,13,1.3575824615353294
45,eyes_open,13.5,1.1297360073547635
45,eyes_open,14,1.019408231216159
45,eyes_open,14.5,0.9950481082216855
45,eyes_open,15,1.0331815402237299
45,eyes_open,15.5,1.0997185178898616
45,eyes_open,16,1.066627566581391
45,eyes_open,16.5,1.0504972553259433
45,eyes_open,17,0.9963667185962285
45,eyes_open,17.5,0.8955458757547506
45,eyes_open,18,0.8029320272195379
45,eyes_open,18.5,0.6872194293197691
45,eyes_open,19,0.5739702287997476
45,eyes_open,19.5,0.5373667132091237
45,eyes_open,20,0.49844193765547823
45,eyes_open,20.5,0.43647404184358857
45,eyes_open,21,0.3574103936286067
45,eyes_open,21.5,0.3286213133586903
45,eyes_open,22,0.2921394495937086
45,eyes_open,22.5,0.2548514616598774
45,eyes_open,23,0.22917705057758664
45,eyes_open,23.5,0.21158902110523517
45,eyes_open,24,0.17909002210255648
45,eyes_open,24.5,0.14619509116363835
45,eyes_open,25,0.12637531414930858
45,eyes_open,25.5,0.11527640145706809
45,eyes_open,26,0.10331785407178841
45,eyes_open,26.5,0.09519419251290492
45,eyes_open,27,0.08932641545292819
45,eyes_open,27.5,0.08078566241692506
45,eyes_open,28,0.07701360872032219
45,eyes_open,28.5,0.06938172160238977
45,eyes_open,29,0.06149903658698636
45,eyes_open,29.5,0.05413495581848203
45,eyes_open,30,0.05322536239888926
45,eyes_open,30.5,0.04871126186882382
45,eyes_open,31,0.04688004008034131
45,eyes_open,31.5,0.04373357541171461
45,eyes_open,32,0.04009286038570458
45,eyes_open,32.5,0.03556575656987929
45,eyes_open,33,0.03548917165829298
45,eyes_open,33.5,0.0320033983915225
45,eyes_open,34,0.030032140942468658
45,eyes_open,34.5,0.028517179170074
45,eyes_open,35,0.026175995042879173
45,eyes_open,35.5,0.02387948599664237
45,eyes_open,36,0.022392822962856967
45,eyes_open,36.5,0.02069297605263631
45,eyes_open,37,0.017770529382906186
45,eyes_open,37.5,0.016313394515564232
45,eyes_open,38,0.017026725042304843
45,eyes_open,38.5,0.015651746267604894
45,eyes_open,39,0.014309426290260486
45,eyes_open,39.5,0.012652310965111224
45,eyes_open,40,0.01178655304780872
45,eyes_open,40.5,0.011189342875803195
45,eyes_open,41,0.01015553998907394
45,eyes_open,41.5,0.009752211271943067
45,eyes_open,42,0.008791449796738963
45,eyes_open,42.5,0.007511045388965071
45,eyes_open,43,0.007246120414267147
45,eyes_open,43.5,0.006634945265620232
45,eyes_open,44,0.006529583831730756
45,eyes_open,44.5,0.006197850063033125
45,eyes_open,45,0.005500424935559048
46,eyes_closed,1,4.22013451620986
46,eyes_closed,1.5,2.566024101663872
46,eyes_closed,2,1.63104723734976
46,eyes_closed,2.5,1.180720888920585
46,eyes_closed,3,1.0358634837186098
46,eyes_closed,3.5,0.9090887971765539
46,eyes_closed,4,0.8063989936015195
46,eyes_closed,4.5,0.8378167029872619
46,eyes_closed,5,0.8275787183507782
46,eyes_closed,5.5,0.8539929811390253
46,eyes_closed,6,0.8844895717743656
46,eyes_closed,6.5,0.9208699307791597
46,eyes_closed,7,0.9305335573861933
46,eyes_closed,7.5,1.0773575061705367
46,eyes_closed,8,1.3230932448094468
46,eyes_closed,8.5,1.8092033107044807
46,eyes_closed,9,2.531871228596045
46,eyes_closed,9.5,2.938378176296268
46,eyes_closed,10,3.3998220854570014
46,eyes_closed,10.5,4.999178225122052
46,eyes_closed,11,11.668880080539298
46,eyes_closed,11.5,13.162614181380317
46,eyes_closed,12,6.023723963807521
46,eyes_closed,12.5,2.539128445824236
46,eyes_closed,13,1.4607218285796406
46,eyes_closed,13.5,1.02433538076805
46,eyes_closed,14,0.8590296294008812
46,eyes_closed,14.5,0.8210592012875473
46,eyes_closed,15,0.7313291888282816
46,eyes_closed,15.5,0.729034554007053
46,eyes_closed,16,0.7427801343270607
46,eyes_closed,16.5,0.9151370774251233
46,eyes_closed,17,1.157758602617568
46,eyes_closed,17.5,1.321236491131547
46,eyes_closed,18,1.3564968958725045
46,eyes_closed,18.5,1.1284172704590951
46,eyes_closed,19,0.9449054307549386
46,eyes_closed,19.5,0.7122726087018206
46,eyes_closed,20,0.6020651743231228
46,eyes_closed,20.5,0.5209044682831074
46,eyes_closed,21,0.47584592597660463
46,eyes_closed,21.5,0.38572956625099
46,eyes_closed,22,0.3278698135885735
46,eyes_closed,22.5,0.29229334734278667
46,eyes_closed,23,0.2529582328097859
46,eyes_closed,23.5,0.20623745076652666
46,eyes_closed,24,0.16843667498888895
46,eyes_closed,24.5,0.15382023932599925
46,eyes_closed,25,0.12732021659385268
46,eyes_closed,25.5,0.11640342159674515
46,eyes_closed,26,0.11128715671897253
46,eyes_closed,26.5,0.09394275148314157
46,eyes_closed,27,0.08361302913210318
46,eyes_closed,27.5,0.07739190311330084
46,eyes_closed,28,0.0688973059563519
46,eyes_closed,28.5,0.06537625527538958
46,eyes_closed,29,0.06455659653226124
46,eyes_closed,29.5,0.059003523571198035
46,eyes_closed,30,0.049777449549859513
46,eyes_closed,30.5,0.04595985538087899
46,eyes_closed,31,0.04190094377052308
46,eyes_closed,31.5,0.04073905666274649
46,eyes_closed,32,0.03767357685075763
46,eyes_closed,32.5,0.03433922165822176
46,eyes_closed,33,0.03057880521514012
46,eyes_closed,33.5,0.027448486904959737
46,eyes_closed,34,0.026615827791610296
46,eyes_closed,34.5,0.022903753192488052
46,eyes_closed,35,0.02049203338693275
46,eyes_closed,35.5,0.02016965028945567
46,eyes_closed,36,0.016848825939619467
46,eyes_closed,36.5,0.015177688930319424
46,eyes_closed,37,0.013719177061533496
46,eyes_closed,37.5,0.013163899265992762
46,eyes_closed,38,0.01270280679315478
46,eyes_closed,38.5,0.010787218643199939
46,eyes_closed,39,0.010518220215836366
46,eyes_closed,39.5,0.009659771259467122
46,eyes_closed,40,0.008765382903983005
46,eyes_closed,40.5,0.008122856991405431
46,eyes_closed,41,0.007502795633995372
46,eyes_closed,41.5,0.006974595413008222
46,eyes_closed,42,0.00608624319035676
46,eyes_closed,42.5,0.005812200320780473
46,eyes_closed,43,0.00528942757515544
46,eyes_closed,43.5,0.00489634215304796
46,eyes_closed,44,0.004483642144847008
46,eyes_closed,44.5,0.003908850640883431
46,eyes_closed,45,0.003686755759762273
46,eyes_open,1,4.92152462391694
46,eyes_open,1.5,3.0517519482693722
46,eyes_open,2,2.1474910558074467
46,eyes_open,2.5,1.5983333225442273
46,eyes_open,3,1.2547659852293171
46,eyes_open,3.5,1.0698130514144533
46,eyes_open,4,0.8895433334115451
46,eyes_open,4.5,0.8255111352020698
46,eyes_open,5,0.7794970113125532
46,eyes_open,5.5,0.7492159362294775
46,eyes_open,6,0.7203754395230808
46,eyes_open,6.5,0.6894951690942733
46,eyes_open,7,0.6706723615275799
46,eyes_open,7.5,0.6787250552627243
46,eyes_open,8,0.6800302039584024
46,eyes_open,8.5,0.708433009352738
46,eyes_open,9,0.7323191439439791
46,eyes_open,9.5,0.7954562995521529
46,eyes_open,10,1.1074221618903408
46,eyes_open,10.5,1.4032967321468033
46,eyes_open,11,1.4288912996143526
46,eyes_open,11.5,1.4235673946046548
46,eyes_open,12,1.4572376173366726
46,eyes_open,12.5,1.3609089260848892
46,eyes_open,13,1.1698215588710938
46,eyes_open,13.5,1.0134809749320162
46,eyes_open,14,0.8695011019794214
46,eyes_open,14.5,0.7751880517735119
46,eyes_open,15,0.6638078213613938
46,eyes_open,15.5,0.5722117810599187
46,eyes_open,16,0.5577192815963532
46,eyes_open,16.5,0.5159220140115296
46,eyes_open,17,0.47588588897874007
46,eyes_open,17.5,0.47596988941620216
46,eyes_open,18,0.42302873412108716
46,eyes_open,18.5,0.38700684302771726
46,eyes_open,19,0.3381319760197417
46,eyes_open,19.5,0.30606010689769314
46,eyes_open,20,0.28171750424514674
46,eyes_open,20.5,0.2623007427803947
46,eyes_open,21,0.2359393699477358
46,eyes_open,21.5,0.1942034695733098
46,eyes_open,22,0.1805291883152269
46,eyes_open,22.5,0.1574438118564827
46,eyes_open,23,0.1501537718265885
46,eyes_open,23.5,0.13658675345356347
46,eyes_open,24,0.12633899833365345
46,eyes_open,24.5,0.11467249817611254
46,eyes_open,25,0.10540342823508374
46,eyes_open,25.5,0.09662209168642102
46,eyes_open,26,0.08605997875087695
46,eyes_open,26.5,0.07690498982394962
46,eyes_open,27,0.07317737018263304
46,eyes_open,27.5,0.0662972521249509
46,eyes_open,28,0.06606477884903852
46,eyes_open,28.5,0.06673758117272119
46,eyes_open,29,0.06036099605750571
46,eyes_open,29.5,0.05735913487163473
46,eyes_open,30,0.04577655809270327
46,eyes_open,30.5,0.04312488839040988
46,eyes_open,31,0.041239291928662415
46,eyes_open,31.5,0.03581919380154322
46,eyes_open,32,0.03646884264201808
46,eyes_open,32.5,0.03487977438356835
46,eyes_open,33,0.03248630149906596
46,eyes_open,33.5,0.030382570636802046
46,eyes_open,34,0.03089996710355363
46,eyes_open,34.5,0.029533619834715308
46,eyes_open,35,0.02662051117341724
46,eyes_open,35.5,0.02501156181011579
46,eyes_open,36,0.027930724904115405
46,eyes_open,36.5,0.024943934375898046
46,eyes_open,37,0.022201715895497597
46,eyes_open,37.5,0.02076109884843548
46,eyes_open,38,0.016837466010988626
46,eyes_open,38.5,0.014321881543247927
46,eyes_open,39,0.013239754960043187
46,eyes_open,39.5,0.013775633562009155
46,eyes_open,40,0.014638380866343413
46,eyes_open,40.5,0.010680050342900527
46,eyes_open,41,0.009053995901140402
46,eyes_open,41.5,0.009041789113751362
46,eyes_open,42,0.008288160650053663
46,eyes_open,42.5,0.007779941619296907
46,eyes_open,43,0.00829445160801022
46,eyes_open,43.5,0.007053078909972993
46,eyes_open,44,0.005950398930142508
46,eyes_open,44.5,0.005550415682093058
46,eyes_open,45,0.005278151658676225
47,eyes_closed,1,7.8380796915287085
47,eyes_closed,1.5,4.189037589794419
47,eyes_closed,2,2.658625418487609
47,eyes_closed,2.5,1.7716048698860263
47,eyes_closed,3,1.4405390891718786
47,eyes_closed,3.5,1.3266429079225694
47,eyes_closed,4,1.3462924843398094
47,eyes_closed,4.5,1.3893379628344182
47,eyes_closed,5,1.3860445300539235
47,eyes_closed,5.5,1.2834195088519185
47,eyes_closed,6,1.1137369953980236
47,eyes_closed,6.5,1.0466525305522933
47,eyes_closed,7,1.1114067858716987
47,eyes_closed,7.5,1.2315696109683028
47,eyes_closed,8,1.3500545357204154
47,eyes_closed,8.5,1.627775674537438
47,eyes_closed,9,2.0341386065202407
47,eyes_closed,9.5,2.5889489672279393
47,eyes_closed,10,4.3752878174726515
47,eyes_closed,10.5,8.02395968510348
47,eyes_closed,11,15.483791754181892
47,eyes_closed,11.5,15.5439408349663
47,eyes_closed,12,8.00327964323885
47,eyes_closed,12.5,3.7861889716253683
47,eyes_closed,13,1.9470702662610289
47,eyes_closed,13.5,1.2761211683237401
47,eyes_closed,14,1.0160753668482467
47,eyes_closed,14.5,0.7611561835972
47,eyes_closed,15,0.6210785083925687
47,eyes_closed,15.5,0.562731674165264
47,eyes_closed,16,0.5269285835627829
47,eyes_closed,16.5,0.5257248424983495
47,eyes_closed,17,0.5030297937463313
47,eyes_closed,17.5,0.4980394478074799
47,eyes_closed,18,0.505651986309103
47,eyes_closed,18.5,0.5078940808900564
47,eyes_closed,19,0.4988407211962812
47,eyes_closed,19.5,0.48939765000822766
47,eyes_closed,20,0.47842048408567006
47,eyes_closed,20.5,0.4497079723379838
47,eyes_closed,21,0.47922112971420844
47,eyes_closed,21.5,0.5254430638605876
47,eyes_closed,22,0.6379673182815175
47,eyes_closed,22.5,0.667231477320642
47,eyes_closed,23,0.5837157811326923
47,eyes_closed,23.5,0.41826587637267143
47,eyes_closed,24,0.32193433781998837
47,eyes_closed,24.5,0.27678846406010227
47,eyes_closed,25,0.2437161641954616
47,eyes_closed,25.5,0.21325889255612618
47,eyes_closed,26,0.18948793989463059
47,eyes_closed,26.5,0.19239081742674677
47,eyes_closed,27,0.17904929376247547
47,eyes_closed,27.5,0.16582706620425786
47,eyes_closed,28,0.1531639984916053
47,eyes_closed,28.5,0.14408405384892342
47,eyes_closed,29,0.1284330305800615
47,eyes_closed,29.5,0.12151323845382081
47,eyes_closed,30,0.11990205503856816
47,eyes_closed,30.5,0.12154596362213917
47,eyes_closed,31,0.1146745608590439
47,eyes_closed,31.5,0.10608258100306302
47,eyes_closed,32,0.11058607066377424
47,eyes_closed,32.5,0.107556093156503
47,eyes_closed,33,0.10008267781025171
47,eyes_closed,33.5,0.09074819463332671
47,eyes_closed,34,0.08186036605407582
47,eyes_closed,34.5,0.07256078944875619
47,eyes_closed,35,0.06473002241101629
47,eyes_closed,35.5,0.0591686488812335
47,eyes_closed,36,0.054931167256275074
47,eyes_closed,36.5,0.050720786724522716
47,eyes_closed,37,0.050569881094410116
47,eyes_closed,37.5,0.04615989733430716
47,eyes_closed,38,0.04031547450884148
47,eyes_closed,38.5,0.03835415456824923
47,eyes_closed,39,0.03544980944652278
47,eyes_closed,39.5,0.033808279586512634
47,eyes_closed,40,0.03306341539568684
47,eyes_closed,40.5,0.028905310278812747
47,eyes_closed,41,0.02552283014166783
47,eyes_closed,41.5,0.024457126695871842
47,eyes_closed,42,0.02601026438392521
47,eyes_closed,42.5,0.02385149057717321
47,eyes_closed,43,0.021244417917247373
47,eyes_closed,43.5,0.01934490834203998
47,eyes_closed,44,0.019207197212834027
47,eyes_closed,44.5,0.017332882520579837
47,eyes_closed,45,0.016676749334547422
47,eyes_open,1,6.421405936053801
47,eyes_open,1.5,3.8216387349516814
47,eyes_open,2,2.34254486643058
47,eyes_open,2.5,1.631326021422917
47,eyes_open,3,1.306189644252938
47,eyes_open,3.5,1.2277887809661021
47,eyes_open,4,1.2005491361998408
47,eyes_open,4.5,1.22759467101132
47,eyes_open,5,1.2613072475787575
47,eyes_open,5.5,1.3183494470170616
47,eyes_open,6,1.1903189224372144
47,eyes_open,6.5,1.018694992454775
47,eyes_open,7,1.1393163893807496
47,eyes_open,7.5,1.1447578021880698
47,eyes_open,8,1.1878711546442837
47,eyes_open,8.5,1.590784584097768
47,eyes_open,9,2.3420388390018205
47,eyes_open,9.5,2.502751875098398
47,eyes_open,10,4.310347244251636
47,eyes_open,10.5,7.403714339899233
47,eyes_open,11,5.390565637545497
47,eyes_open,11.5,3.5819793620461695
47,eyes_open,12,2.7642200196655113
47,eyes_open,12.5,1.7937129426357379
47,eyes_open,13,1.0188020077408666
47,eyes_open,13.5,0.6672816279318607
47,eyes_open,14,0.5873073628871501
47,eyes_open,14.5,0.488705762317982
47,eyes_open,15,0.4641819303943292
47,eyes_open,15.5,0.420913399805065
47,eyes_open,16,0.38639443394043754
47,eyes_open,16.5,0.36915566230293234
47,eyes_open,17,0.37200885601760736
47,eyes_open,17.5,0.3992493345559622
47,eyes_open,18,0.3963598499111535
47,eyes_open,18.5,0.3600856133342773
47,eyes_open,19,0.3521572595222945
47,eyes_open,19.5,0.3441874014127204
47,eyes_open,20,0.3389560727583828
47,eyes_open,20.5,0.3178005124809639
47,eyes_open,21,0.31168489375619723
47,eyes_open,21.5,0.3108809781894537
47,eyes_open,22,0.3122192230517095
47,eyes_open,22.5,0.2944267510762092
47,eyes_open,23,0.2767357707980681
47,eyes_open,23.5,0.258711955777474
47,eyes_open,24,0.24890136965461993
47,eyes_open,24.5,0.23072131255672307
47,eyes_open,25,0.19412304890607754
47,eyes_open,25.5,0.1817262676787286
47,eyes_open,26,0.17233820261735378
47,eyes_open,26.5,0.153934048115258
47,eyes_open,27,0.13937886351816867
47,eyes_open,27.5,0.13228224668840313
47,eyes_open,28,0.12852015185073898
47,eyes_open,28.5,0.1293636470247579
47,eyes_open,29,0.11814421598011077
47,eyes_open,29.5,0.10913001248138758
47,eyes_open,30,0.10855233806602585
47,eyes_open,30.5,0.1067877730399604
47,eyes_open,31,0.09141025335278552
47,eyes_open,31.5,0.08742581381371349
47,eyes_open,32,0.090823788294904
47,eyes_open,32.5,0.09322975794731149
47,eyes_open,33,0.07788046549974324
47,eyes_open,33.5,0.07107856660452849
47,eyes_open,34,0.06808602443591208
47,eyes_open,34.5,0.06305903717770604
47,eyes_open,35,0.0636023993763154
47,eyes_open,35.5,0.06313518475472098
47,eyes_open,36,0.05683240913541175
47,eyes_open,36.5,0.0532190237561878
47,eyes_open,37,0.04798060592135972
47,eyes_open,37.5,0.042910221962826005
47,eyes_open,38,0.0390957890341728
47,eyes_open,38.5,0.03956728119891211
47,eyes_open,39,0.03495239942896657
47,eyes_open,39.5,0.02994381390339944
47,eyes_open,40,0.03020639897282934
47,eyes_open,40.5,0.02980464900467681
47,eyes_open,41,0.02865958638451149
47,eyes_open,41.5,0.02619072910481042
47,eyes_open,42,0.02408853972373769
47,eyes_open,42.5,0.02325607487823497
47,eyes_open,43,0.021157185629924476
47,eyes_open,43.5,0.018705347572038122
47,eyes_open,44,0.017882325634070075
47,eyes_open,44.5,0.01791435884594566
47,eyes_open,45,0.016284697851887377
48,eyes_closed,1,8.90206310317615
48,eyes_closed,1.5,5.229860031332156
48,eyes_closed,2,3.365848159098771
48,eyes_closed,2.5,2.3419033874213264
48,eyes_closed,3,1.8606675268143653
48,eyes_closed,3.5,1.5911019635245358
48,eyes_closed,4,1.4193574709390135
48,eyes_closed,4.5,1.2276084283526685
48,eyes_closed,5,1.0614561056231375
48,eyes_closed,5.5,0.9782063666416495
48,eyes_closed,6,0.8174300011585283
48,eyes_closed,6.5,0.7288738155808161
48,eyes_closed,7,0.620999599700923
48,eyes_closed,7.5,0.5214703787068469
48,eyes_closed,8,0.4777681416014536
48,eyes_closed,8.5,0.5140779817826149
48,eyes_closed,9,0.5469244334522301
48,eyes_closed,9.5,0.7379547665774807
48,eyes_closed,10,1.1572737562908224
48,eyes_closed,10.5,2.302054452054628
48,eyes_closed,11,3.5884147507442505
48,eyes_closed,11.5,2.9186615057615732
48,eyes_closed,12,1.2207781617944888
48,eyes_closed,12.5,0.5294535216748099
48,eyes_closed,13,0.38296529910819505
48,eyes_closed,13.5,0.3571514559388484
48,eyes_closed,14,0.3195851063772877
48,eyes_closed,14.5,0.31608884475618243
48,eyes_closed,15,0.33653160121271253
48,eyes_closed,15.5,0.34867494803305155
48,eyes_closed,16,0.3359082856717564
48,eyes_closed,16.5,0.37214960034048133
48,eyes_closed,17,0.3978401611787479
48,eyes_closed,17.5,0.3815360670281162
48,eyes_closed,18,0.3746642219191616
48,eyes_closed,18.5,0.3722241711139215
48,eyes_closed,19,0.3542786852195342
48,eyes_closed,19.5,0.3676986041019387
48,eyes_closed,20,0.36362288285856614
48,eyes_closed,20.5,0.3567866438797566
48,eyes_closed,21,0.3173864564921727
48,eyes_closed,21.5,0.3300731624473527
48,eyes_closed,22,0.340172355801354
48,eyes_closed,22.5,0.35452412432897484
48,eyes_closed,23,0.3422656576803752
48,eyes_closed,23.5,0.22967301889461628
48,eyes_closed,24,0.1593890369321348
48,eyes_closed,24.5,0.1498654916816796
48,eyes_closed,25,0.14434804927105446
48,eyes_closed,25.5,0.12486947851915725
48,eyes_closed,26,0.12318945910320925
48,eyes_closed,26.5,0.13178118800996133
48,eyes_closed,27,0.1301980060465593
48,eyes_closed,27.5,0.12450940086195285
48,eyes_closed,28,0.11316986050861158
48,eyes_closed,28.5,0.09598924197905975
48,eyes_closed,29,0.0934440010206017
48,eyes_closed,29.5,0.09461710280060764
48,eyes_closed,30,0.10137174597135286
48,eyes_closed,30.5,0.09426951045915803
48,eyes_closed,31,0.08254253882934486
48,eyes_closed,31.5,0.06984266848851281
48,eyes_closed,32,0.06937179223710482
48,eyes_closed,32.5,0.06533675063110995
48,eyes_closed,33,0.06318098501543275
48,eyes_closed,33.5,0.05972527484289312
48,eyes_closed,34,0.07198453444705463
48,eyes_closed,34.5,0.06635588581202073
48,eyes_closed,35,0.0492919709483896
48,eyes_closed,35.5,0.0453406069463996
48,eyes_closed,36,0.046694697678651344
48,eyes_closed,36.5,0.04232581881677247
48,eyes_closed,37,0.03707153772654978
48,eyes_closed,37.5,0.03120084879434802
48,eyes_closed,38,0.030573528361617624
48,eyes_closed,38.5,0.030255209509145464
48,eyes_closed,39,0.025200628360168936
48,eyes_closed,39.5,0.02819694929848232
48,eyes_closed,40,0.02886140791001891
48,eyes_closed,40.5,0.024667447998196916
48,eyes_closed,41,0.021637994692405592
48,eyes_closed,41.5,0.02586354071031752
48,eyes_closed,42,0.019308670999422045
48,eyes_closed,42.5,0.015665877621973145
48,eyes_closed,43,0.01763938702210354
48,eyes_closed,43.5,0.016006913784063232
48,eyes_closed,44,0.012958782072087133
48,eyes_closed,44.5,0.014980606864404342
48,eyes_closed,45,0.012847642766402403
48,eyes_open,1,9.141858281516257
48,eyes_open,1.5,5.207988367597216
48,eyes_open,2,3.4222981994783055
48,eyes_open,2.5,2.3450790939508943
48,eyes_open,3,1.9134125114185523
48,eyes_open,3.5,1.6335937512091898
48,eyes_open,4,1.4260068926051948
48,eyes_open,4.5,1.406745233711793
48,eyes_open,5,1.352747170480299
48,eyes_open,5.5,1.258358089718607
48,eyes_open,6,1.0978834026379345
48,eyes_open,6.5,0.8869873754079584
48,eyes_open,7,0.8113358778001097
48,eyes_open,7.5,0.7080032433108225
48,eyes_open,8,0.6086816133016457
48,eyes_open,8.5,0.5515607672612657
48,eyes_open,9,0.5285190162798681
48,eyes_open,9.5,0.5568681278137589
48,eyes_open,10,0.6756298743872844
48,eyes_open,10.5,0.9150430112317991
48,eyes_open,11,1.850328466242714
48,eyes_open,11.5,2.4372804499785716
48,eyes_open,12,1.4820877596552904
48,eyes_open,12.5,0.6333204094454331
48,eyes_open,13,0.43267526146452706
48,eyes_open,13.5,0.3742991218551757
48,eyes_open,14,0.3881552444643057
48,eyes_open,14.5,0.3631881272764039
48,eyes_open,15,0.3540346264398987
48,eyes_open,15.5,0.3249619057215094
48,eyes_open,16,0.35361735941001543
48,eyes_open,16.5,0.40513610943508654
48,eyes_open,17,0.426555857726993
48,eyes_open,17.5,0.3573353818307859
48,eyes_open,18,0.32917531749228557
48,eyes_open,18.5,0.34627601787080375
48,eyes_open,19,0.36423903086698717
48,eyes_open,19.5,0.33686099455859503
48,eyes_open,20,0.3462976345192469
48,eyes_open,20.5,0.331311835954055
48,eyes_open,21,0.3235032821389623
48,eyes_open,21.5,0.3484342042126297
48,eyes_open,22,0.3782893874177979
48,eyes_open,22.5,0.40118460231860437
48,eyes_open,23,0.3608638263665044
48,eyes_open,23.5,0.2894195434803642
48,eyes_open,24,0.27767331728751476
48,eyes_open,24.5,0.24919675615705475
48,eyes_open,25,0.2098151068760385
48,eyes_open,25.5,0.1770082937623767
48,eyes_open,26,0.2090947489282283
48,eyes_open,26.5,0.22333319771505708
48,eyes_open,27,0.17493284130771708
48,eyes_open,27.5,0.16230312891133084
48,eyes_open,28,0.15679611176273656
48,eyes_open,28.5,0.16402967649826758
48,eyes_open,29,0.14947480851359182
48,eyes_open,29.5,0.14865829300339442
48,eyes_open,30,0.17066527803314374
48,eyes_open,30.5,0.15385754517188185
48,eyes_open,31,0.13892291754130734
48,eyes_open,31.5,0.13989293969972585
48,eyes_open,32,0.14144349920979346
48,eyes_open,32.5,0.13381193695963114
48,eyes_open,33,0.107518279632225
48,eyes_open,33.5,0.09685637819726682
48,eyes_open,34,0.11331477302199494
48,eyes_open,34.5,0.10690685787092268
48,eyes_open,35,0.09608698590850186
48,eyes_open,35.5,0.09806468973412036
48,eyes_open,36,0.07847614649844034
48,eyes_open,36.5,0.06382759332861974
48,eyes_open,37,0.06330592533685735
48,eyes_open,37.5,0.05802038710896016
48,eyes_open,38,0.05309411750318647
48,eyes_open,38.5,0.05310661132468432
48,eyes_open,39,0.061245451953492396
48,eyes_open,39.5,0.05631577795325733
48,eyes_open,40,0.049200527761597786
48,eyes_open,40.5,0.049762719626585857
48,eyes_open,41,0.043363141208728175
48,eyes_open,41.5,0.044630406318935896
48,eyes_open,42,0.04311508385896323
48,eyes_open,42.5,0.028939453293809543
48,eyes_open,43,0.0309728733349739
48,eyes_open,43.5,0.035430743197765076
48,eyes_open,44,0.028035663812002943
48,eyes_open,44.5,0.02535971511081153
48,eyes_open,45,0.021078032989152666
49,eyes_closed,1,6.2366521848477365
49,eyes_closed,1.5,4.003138665944044
49,eyes_closed,2,3.0292602814402487
49,eyes_closed,2.5,2.4663121484959163
49,eyes_closed,3,2.0975007946545814
49,eyes_closed,3.5,1.7384376639168055
49,eyes_closed,4,1.3309926844823523
49,eyes_closed,4.5,1.239976410562431
49,eyes_closed,5,1.07904459534832
49,eyes_closed,5.5,0.8800622601626895
49,eyes_closed,6,0.7967770573810451
49,eyes_closed,6.5,0.8463650741383351
49,eyes_closed,7,0.9515091617751363
49,eyes_closed,7.5,1.0519193230216115
49,eyes_closed,8,1.2518940514820187
49,eyes_closed,8.5,1.5909812472865767
49,eyes_closed,9,2.004113708265988
49,eyes_closed,9.5,3.1724709477436814
49,eyes_closed,10,7.431811770999946
49,eyes_closed,10.5,11.85167730710574
49,eyes_closed,11,9.048930754396894
49,eyes_closed,11.5,3.751936747456514
49,eyes_closed,12,1.542513457685032
49,eyes_closed,12.5,0.7979699360167769
49,eyes_closed,13,0.5035764483434071
49,eyes_closed,13.5,0.38108307454121704
49,eyes_closed,14,0.3272522462580163
49,eyes_closed,14.5,0.2908969482717839
49,eyes_closed,15,0.26814222943953775
49,eyes_closed,15.5,0.26005157447212757
49,eyes_closed,16,0.2592189485090369
49,eyes_closed,16.5,0.25653627042432825
49,eyes_closed,17,0.2575384593862157
49,eyes_closed,17.5,0.2547344418822343
49,eyes_closed,18,0.26342195339055124
49,eyes_closed,18.5,0.2923238259121751
49,eyes_closed,19,0.31486572827242537
49,eyes_closed,19.5,0.32977256767035046
49,eyes_closed,20,0.35778478770740685
49,eyes_closed,20.5,0.3805249671604349
49,eyes_closed,21,0.3522862788593159
49,eyes_closed,21.5,0.33930335744551166
49,eyes_closed,22,0.28418512020715764
49,eyes_closed,22.5,0.21750201776042102
49,eyes_closed,23,0.18462466959917687
49,eyes_closed,23.5,0.15782885162688423
49,eyes_closed,24,0.1446329481093693
49,eyes_closed,24.5,0.12423780221359554
49,eyes_closed,25,0.11429077237177995
49,eyes_closed,25.5,0.11341440576072902
49,eyes_closed,26,0.10144769410846485
49,eyes_closed,26.5,0.0865549570074081
49,eyes_closed,27,0.08141379315629277
49,eyes_closed,27.5,0.07804100570218207
49,eyes_closed,28,0.07828718628416913
49,eyes_closed,28.5,0.07527304660140924
49,eyes_closed,29,0.06998443986625284
49,eyes_closed,29.5,0.06597149890852097
49,eyes_closed,30,0.06042094918854227
49,eyes_closed,30.5,0.05672025784160522
49,eyes_closed,31,0.054444328396529254
49,eyes_closed,31.5,0.05129327779092269
49,eyes_closed,32,0.04848259028094169
49,eyes_closed,32.5,0.04701408119562941
49,eyes_closed,33,0.04492301017318711
49,eyes_closed,33.5,0.03824645546070826
49,eyes_closed,34,0.03505826661070234
49,eyes_closed,34.5,0.031132658265112113
49,eyes_closed,35,0.02769727837961879
49,eyes_closed,35.5,0.02847216305070695
49,eyes_closed,36,0.026641147745735283
49,eyes_closed,36.5,0.026263665501612847
49,eyes_closed,37,0.023694667838262656
49,eyes_closed,37.5,0.021346756658544647
49,eyes_closed,38,0.019950957623757693
49,eyes_closed,38.5,0.016987772776232344
49,eyes_closed,39,0.016037583549884972
49,eyes_closed,39.5,0.016819174474748583
49,eyes_closed,40,0.015476511757958797
49,eyes_closed,40.5,0.014151217384523341
49,eyes_closed,41,0.014458697519834793
49,eyes_closed,41.5,0.012447513349509814
49,eyes_closed,42,0.011280355767456424
49,eyes_closed,42.5,0.011165391489395052
49,eyes_closed,43,0.010677628812069484
49,eyes_closed,43.5,0.009953864119093395
49,eyes_closed,44,0.008740760919566895
49,eyes_closed,44.5,0.007561786886228621
49,eyes_closed,45,0.007113015083790124
49,eyes_open,1,5.822479569250212
49,eyes_open,1.5,3.570329268170915
49,eyes_open,2,2.482284258138458
49,eyes_open,2.5,1.8657757680896585
49,eyes_open,3,1.4323169867526875
49,eyes_open,3.5,1.2407550316932436
49,eyes_open,4,1.0773674674667588
49,eyes_open,4.5,0.997274650698351
49,eyes_open,5,0.88909663647712
49,eyes_open,5.5,0.702663853394569
49,eyes_open,6,0.6545742156272631
49,eyes_open,6.5,0.6486551509739826
49,eyes_open,7,0.5922490885598952
49,eyes_open,7.5,0.5191698215638205
49,eyes_open,8,0.4997817833293511
49,eyes_open,8.5,0.47459012220059044
49,eyes_open,9,0.5931774911285266
49,eyes_open,9.5,0.8888534732353967
49,eyes_open,10,1.2044425050932228
49,eyes_open,10.5,1.1940590865170473
49,eyes_open,11,0.8336727289680315
49,eyes_open,11.5,0.535511964432368
49,eyes_open,12,0.4028497462456169
49,eyes_open,12.5,0.30728151769446815
49,eyes_open,13,0.2701089461988063
49,eyes_open,13.5,0.2488121477228938
49,eyes_open,14,0.2247557947889184
49,eyes_open,14.5,0.20925078078891912
49,eyes_open,15,0.19700329959360657
49,eyes_open,15.5,0.18103970682224785
49,eyes_open,16,0.17614597970815649
49,eyes_open,16.5,0.16936744945047236
49,eyes_open,17,0.15899411885732895
49,eyes_open,17.5,0.15689193792201675
49,eyes_open,18,0.16798219632182232
49,eyes_open,18.5,0.18122211867656077
49,eyes_open,19,0.17786353123203338
49,eyes_open,19.5,0.18181110766287434
49,eyes_open,20,0.18145302623185555
49,eyes_open,20.5,0.1730861987156534
49,eyes_open,21,0.16394881955740503
49,eyes_open,21.5,0.15620033744912498
49,eyes_open,22,0.14243041583600335
49,eyes_open,22.5,0.1257811790168615
49,eyes_open,23,0.11815230547664905
49,eyes_open,23.5,0.11021879477879386
49,eyes_open,24,0.1039834762076264
49,eyes_open,24.5,0.08826296049834643
49,eyes_open,25,0.08192781881194043
49,eyes_open,25.5,0.08265513993956163
49,eyes_open,26,0.07284009881459351
49,eyes_open,26.5,0.07025630054227533
49,eyes_open,27,0.0683355574404337
49,eyes_open,27.5,0.06396668052997842
49,eyes_open,28,0.06790705794391358
49,eyes_open,28.5,0.06421001688151877
49,eyes_open,29,0.061832032501463144
49,eyes_open,29.5,0.061647113275147776
49,eyes_open,30,0.05483409700805104
49,eyes_open,30.5,0.051215828685456585
49,eyes_open,31,0.05064299030298686
49,eyes_open,31.5,0.04770102008675433
49,eyes_open,32,0.043963442970644445
49,eyes_open,32.5,0.04228024725808625
49,eyes_open,33,0.039408085461152126
49,eyes_open,33.5,0.036231374162682566
49,eyes_open,34,0.03541211961774436
49,eyes_open,34.5,0.034925222005652616
49,eyes_open,35,0.030244701174038255
49,eyes_open,35.5,0.028736550180272095
49,eyes_open,36,0.0263148590818487
49,eyes_open,36.5,0.0253718480849385
49,eyes_open,37,0.022955894491767444
49,eyes_open,37.5,0.020455218663386586
49,eyes_open,38,0.019827041851163123
49,eyes_open,38.5,0.020052807756779967
49,eyes_open,39,0.018469013058818592
49,eyes_open,39.5,0.017661088805830116
49,eyes_open,40,0.016475086546538203
49,eyes_open,40.5,0.015059153594738698
49,eyes_open,41,0.014035795663500075
49,eyes_open,41.5,0.01279754832956733
49,eyes_open,42,0.012177031882731977
49,eyes_open,42.5,0.01118359894262517
49,eyes_open,43,0.010131588860931634
49,eyes_open,43.5,0.01004349225356435
49,eyes_open,44,0.00977303332873197
49,eyes_open,44.5,0.008566228653141446
49,eyes_open,45,0.007766042136466951
50,eyes_closed,1,9.263770401957627
50,eyes_closed,1.5,5.654160482192407
50,eyes_closed,2,3.5013968506315125
50,eyes_closed,2.5,2.506598940633666
50,eyes_closed,3,2.1021450871743914
50,eyes_closed,3.5,1.8760618619859664
50,eyes_closed,4,1.7829855495717921
50,eyes_closed,4.5,1.939813182312213
50,eyes_closed,5,1.922272268410405
50,eyes_closed,5.5,1.8791872601983628
50,eyes_closed,6,2.1897732602724935
50,eyes_closed,6.5,2.5206552978823606
50,eyes_closed,7,3.4337986279692307
50,eyes_closed,7.5,4.093619733347675
50,eyes_closed,8,4.538166059760935
50,eyes_closed,8.5,4.594670706197076
50,eyes_closed,9,5.201794362244643
50,eyes_closed,9.5,7.701662523238499
50,eyes_closed,10,14.311199409028141
50,eyes_closed,10.5,20.59290543886621
50,eyes_closed,11,23.655215135608184
50,eyes_closed,11.5,19.132662984780804
50,eyes_closed,12,11.704289632909727
50,eyes_closed,12.5,5.275588130873026
50,eyes_closed,13,2.1395415974588228
50,eyes_closed,13.5,1.1171729363896334
50,eyes_closed,14,0.843456929401271
50,eyes_closed,14.5,0.7283222558337874
50,eyes_closed,15,0.6432974499318054
50,eyes_closed,15.5,0.5939918998720788
50,eyes_closed,16,0.5531298842322994
50,eyes_closed,16.5,0.4781681524929475
50,eyes_closed,17,0.49281455289909776
50,eyes_closed,17.5,0.4929135278390762
50,eyes_closed,18,0.47620140294006047
50,eyes_closed,18.5,0.468857389755474
50,eyes_closed,19,0.5152224455555409
50,eyes_closed,19.5,0.509452353510919
50,eyes_closed,20,0.5001543617739507
50,eyes_closed,20.5,0.4753120712386778
50,eyes_closed,21,0.47381012212589
50,eyes_closed,21.5,0.4459315688231482
50,eyes_closed,22,0.35846308082552447
50,eyes_closed,22.5,0.3005400551489226
50,eyes_closed,23,0.2790083613629345
50,eyes_closed,23.5,0.23912428452244988
50,eyes_closed,24,0.20496629005896475
50,eyes_closed,24.5,0.18445079031714864
50,eyes_closed,25,0.17085258682318646
50,eyes_closed,25.5,0.16296154549878536
50,eyes_closed,26,0.1410909905838084
50,eyes_closed,26.5,0.1307794240484921
50,eyes_closed,27,0.1189355395457761
50,eyes_closed,27.5,0.11116408395449102
50,eyes_closed,28,0.10263269560189
50,eyes_closed,28.5,0.10015778138506877
50,eyes_closed,29,0.09453271817758166
50,eyes_closed,29.5,0.09742882400699221
50,eyes_closed,30,0.09556862532722789
50,eyes_closed,30.5,0.08240999335665877
50,eyes_closed,31,0.08070020596811552
50,eyes_closed,31.5,0.07613001628899561
50,eyes_closed,32,0.07307567537652779
50,eyes_closed,32.5,0.06759789412652141
50,eyes_closed,33,0.0624871012615414
50,eyes_closed,33.5,0.0589528965036081
50,eyes_closed,34,0.05234096909604005
50,eyes_closed,34.5,0.04472702096537843
50,eyes_closed,35,0.044707763721371946
50,eyes_closed,35.5,0.04456133652733908
50,eyes_closed,36,0.04306901336335535
50,eyes_closed,36.5,0.03774313969560342
50,eyes_closed,37,0.034316160661771164
50,eyes_closed,37.5,0.03382361211419357
50,eyes_closed,38,0.031369106038218464
50,eyes_closed,38.5,0.027772350766553617
50,eyes_closed,39,0.026014078518470648
50,eyes_closed,39.5,0.023666496761645228
50,eyes_closed,40,0.022014425522753744
50,eyes_closed,40.5,0.019990137295846633
50,eyes_closed,41,0.02143830922348642
50,eyes_closed,41.5,0.01817533820035048
50,eyes_closed,42,0.01761257684113308
50,eyes_closed,42.5,0.016293520378486658
50,eyes_closed,43,0.014331125277766421
50,eyes_closed,43.5,0.01204607530771889
50,eyes_closed,44,0.012204228087163392
50,eyes_closed,44.5,0.010493868575285498
50,eyes_closed,45,0.010596952022209997
50,eyes_open,1,8.035883818026663
50,eyes_open,1.5,5.489615751369926
50,eyes_open,2,3.772736350704066
50,eyes_open,2.5,2.6499536524109994
50,eyes_open,3,2.0441410462431864
50,eyes_open,3.5,1.7191646407321466
50,eyes_open,4,1.6673574629762211
50,eyes_open,4.5,1.4629607744194217
50,eyes_open,5,1.3295040413192756
50,eyes_open,5.5,1.3121305957609692
50,eyes_open,6,1.3691569566878063
50,eyes_open,6.5,1.5954781680506933
50,eyes_open,7,1.9946191605747314
50,eyes_open,7.5,2.109622326318803
50,eyes_open,8,2.0264169619713552
50,eyes_open,8.5,1.8557313095939019
50,eyes_open,9,1.8640265613230629
50,eyes_open,9.5,2.209137384254618
50,eyes_open,10,3.2473686357265525
50,eyes_open,10.5,5.427579863145005
50,eyes_open,11,8.582407001329317
50,eyes_open,11.5,7.343486530274651
50,eyes_open,12,4.4864733536799175
50,eyes_open,12.5,2.6404587910567536
50,eyes_open,13,1.6776761773772377
50,eyes_open,13.5,1.20484218899707
50,eyes_open,14,0.9610801802835397
50,eyes_open,14.5,0.8248505904458033
50,eyes_open,15,0.7438886390272382
50,eyes_open,15.5,0.648820966898025
50,eyes_open,16,0.5741108353563095
50,eyes_open,16.5,0.5453795240184591
50,eyes_open,17,0.5280895869320803
50,eyes_open,17.5,0.5008058456508436
50,eyes_open,18,0.46852907359223744
50,eyes_open,18.5,0.4962219834976873
50,eyes_open,19,0.5275256888123937
50,eyes_open,19.5,0.5361994565387356
50,eyes_open,20,0.5114295953801516
50,eyes_open,20.5,0.5089125773215282
50,eyes_open,21,0.5057166730237159
50,eyes_open,21.5,0.5203077891391565
50,eyes_open,22,0.5279574418856331
50,eyes_open,22.5,0.5398020990371609
50,eyes_open,23,0.550395857987172
50,eyes_open,23.5,0.5054694839352585
50,eyes_open,24,0.42437245626840286
50,eyes_open,24.5,0.3817623935486281
50,eyes_open,25,0.3686214886411827
50,eyes_open,25.5,0.37249246735230634
50,eyes_open,26,0.3542508212254211
50,eyes_open,26.5,0.3341638377749615
50,eyes_open,27,0.3092647277972035
50,eyes_open,27.5,0.27488411405073215
50,eyes_open,28,0.26093371466118886
50,eyes_open,28.5,0.2543081375423056
50,eyes_open,29,0.23552779373145719
50,eyes_open,29.5,0.2231170540655559
50,eyes_open,30,0.19570304267774427
50,eyes_open,30.5,0.19754887096468504
50,eyes_open,31,0.19322263618658153
50,eyes_open,31.5,0.18305277784000598
50,eyes_open,32,0.16977219375082317
50,eyes_open,32.5,0.16580968523314232
50,eyes_open,33,0.15709892320810134
50,eyes_open,33.5,0.15399351546891982
50,eyes_open,34,0.14677427669463647
50,eyes_open,34.5,0.14489468757136234
50,eyes_open,35,0.13105922614625112
50,eyes_open,35.5,0.11890005928246376
50,eyes_open,36,0.12885613370779905
50,eyes_open,36.5,0.11451812802687339
50,eyes_open,37,0.10159077236558471
50,eyes_open,37.5,0.09968126798654198
50,eyes_open,38,0.10284318699447074
50,eyes_open,38.5,0.10023747749333475
50,eyes_open,39,0.08445661100074074
50,eyes_open,39.5,0.08105549594232911
50,eyes_open,40,0.0735975471431334
50,eyes_open,40.5,0.06439305562748468
50,eyes_open,41,0.060875394149729964
50,eyes_open,41.5,0.059912551764311005
50,eyes_open,42,0.053639037548926724
50,eyes_open,42.5,0.05067842057424999
50,eyes_open,43,0.04953211285755076
50,eyes_open,43.5,0.04352099176577818
50,eyes_open,44,0.03919395278086324
50,eyes_open,44.5,0.03716879038405867
50,eyes_open,45,0.03557363094411547
51,eyes_closed,1,7.577822431200238
51,eyes_closed,1.5,5.659810651597227
51,eyes_closed,2,4.4604333515026635
51,eyes_closed,2.5,3.5047721229193787
51,eyes_closed,3,3.0618233737733815
51,eyes_closed,3.5,3.1276502001088855
51,eyes_closed,4,2.7548287402624347
51,eyes_closed,4.5,2.761385322796242
51,eyes_closed,5,3.1245135888951934
51,eyes_closed,5.5,2.904971764269781
51,eyes_closed,6,2.442065165050323
51,eyes_closed,6.5,2.1678375705261317
51,eyes_closed,7,1.960541964785226
51,eyes_closed,7.5,1.714969261877445
51,eyes_closed,8,1.6527137706167494
51,eyes_closed,8.5,1.5936509528131544
51,eyes_closed,9,1.63949266565543
51,eyes_closed,9.5,1.7198726414246643
51,eyes_closed,10,2.033147985979266
51,eyes_closed,10.5,2.229409432281722
51,eyes_closed,11,2.0056797409885947
51,eyes_closed,11.5,1.6389718471769223
51,eyes_closed,12,1.3518030988203233
51,eyes_closed,12.5,1.205579985357852
51,eyes_closed,13,1.203575421479946
51,eyes_closed,13.5,1.2261879202683916
51,eyes_closed,14,1.3021354035026602
51,eyes_closed,14.5,1.3089714265008272
51,eyes_closed,15,1.072337774340404
51,eyes_closed,15.5,1.0448786089724156
51,eyes_closed,16,1.0116446007180724
51,eyes_closed,16.5,0.8507886258981452
51,eyes_closed,17,0.8111641085322008
51,eyes_closed,17.5,0.7853302364411094
51,eyes_closed,18,0.7762117696438239
51,eyes_closed,18.5,0.758542096129602
51,eyes_closed,19,0.7270861159349246
51,eyes_closed,19.5,0.6961754093393178
51,eyes_closed,20,0.6494836749119148
51,eyes_closed,20.5,0.6497218096659058
51,eyes_closed,21,0.63436531201634
51,eyes_closed,21.5,0.5698127068322318
51,eyes_closed,22,0.5416037388446643
51,eyes_closed,22.5,0.5628323252603901
51,eyes_closed,23,0.4986556823602411
51,eyes_closed,23.5,0.4675859360463088
51,eyes_closed,24,0.4780517032711951
51,eyes_closed,24.5,0.4807565152297854
51,eyes_closed,25,0.48690709004058486
51,eyes_closed,25.5,0.4828363212415937
51,eyes_closed,26,0.527485925029372
51,eyes_closed,26.5,0.5358476554506859
51,eyes_closed,27,0.542234366313404
51,eyes_closed,27.5,0.507267610818968
51,eyes_closed,28,0.4445065107799104
51,eyes_closed,28.5,0.3554096527201473
51,eyes_closed,29,0.33825915546152896
51,eyes_closed,29.5,0.28113852747305257
51,eyes_closed,30,0.22513835684669076
51,eyes_closed,30.5,0.18996182724333804
51,eyes_closed,31,0.15820707157744787
51,eyes_closed,31.5,0.12789802394406907
51,eyes_closed,32,0.10652635885425608
51,eyes_closed,32.5,0.09805172033600322
51,eyes_closed,33,0.08259379718232117
51,eyes_closed,33.5,0.06698984415242712
51,eyes_closed,34,0.05490919768380071
51,eyes_closed,34.5,0.047709805808576165
51,eyes_closed,35,0.0429373997674878
51,eyes_closed,35.5,0.037710426286964464
51,eyes_closed,36,0.030860554628870156
51,eyes_closed,36.5,0.029038008265680437
51,eyes_closed,37,0.026121020202247765
51,eyes_closed,37.5,0.022183729681318213
51,eyes_closed,38,0.018790442823346187
51,eyes_closed,38.5,0.017147771744399833
51,eyes_closed,39,0.015502348229345018
51,eyes_closed,39.5,0.014139733620665548
51,eyes_closed,40,0.012568106900567925
51,eyes_closed,40.5,0.011327646143039636
51,eyes_closed,41,0.010102208515691083
51,eyes_closed,41.5,0.009134411304495911
51,eyes_closed,42,0.00832236660409436
51,eyes_closed,42.5,0.007596831273860107
51,eyes_closed,43,0.0071035812697286295
51,eyes_closed,43.5,0.0063507265524769055
51,eyes_closed,44,0.00623184511666932
51,eyes_closed,44.5,0.005687544249415315
51,eyes_closed,45,0.0048825334791330255
51,eyes_open,1,8.382352109589684
51,eyes_open,1.5,5.01304700643713
51,eyes_open,2,3.272754448103773
51,eyes_open,2.5,2.4270879434825057
51,eyes_open,3,1.8755548651856713
51,eyes_open,3.5,1.7838032810133793
51,eyes_open,4,1.719683661004916
51,eyes_open,4.5,1.430093746706544
51,eyes_open,5,1.3094322566739258
51,eyes_open,5.5,1.5057015756822767
51,eyes_open,6,2.0400923600627756
51,eyes_open,6.5,1.6261483429200054
51,eyes_open,7,1.2888945539880168
51,eyes_open,7.5,1.308524558273471
51,eyes_open,8,1.5696565299795433
51,eyes_open,8.5,2.169503320886533
51,eyes_open,9,2.38503824773933
51,eyes_open,9.5,2.7301536475394332
51,eyes_open,10,4.1638789519775115
51,eyes_open,10.5,6.528283528586322
51,eyes_open,11,5.749283049167575
51,eyes_open,11.5,3.1989565710570327
51,eyes_open,12,1.9891475183337481
51,eyes_open,12.5,1.49200980173998
51,eyes_open,13,1.171446632756784
51,eyes_open,13.5,0.9818181776686274
51,eyes_open,14,0.8610026343165822
51,eyes_open,14.5,0.798866687596539
51,eyes_open,15,0.8337818360279957
51,eyes_open,15.5,0.8434290195837733
51,eyes_open,16,0.8448592897847842
51,eyes_open,16.5,0.8436588543147657
51,eyes_open,17,0.8350999419843375
51,eyes_open,17.5,0.843057884092584
51,eyes_open,18,0.8276886452164207
51,eyes_open,18.5,0.7442161694462724
51,eyes_open,19,0.6959998602399817
51,eyes_open,19.5,0.6877911582333764
51,eyes_open,20,0.6592923367542325
51,eyes_open,20.5,0.707034804232032
51,eyes_open,21,0.7880238309203662
51,eyes_open,21.5,0.7460024641028038
51,eyes_open,22,0.5655676495010191
51,eyes_open,22.5,0.45418162289074876
51,eyes_open,23,0.372318843001123
51,eyes_open,23.5,0.32931359257735265
51,eyes_open,24,0.2846047659653709
51,eyes_open,24.5,0.23641539453806149
51,eyes_open,25,0.21059061839250076
51,eyes_open,25.5,0.1999310819681872
51,eyes_open,26,0.18975348092325525
51,eyes_open,26.5,0.16378339799991629
51,eyes_open,27,0.15226527240277568
51,eyes_open,27.5,0.1557752773949846
51,eyes_open,28,0.15519855844696506
51,eyes_open,28.5,0.15898785124505932
51,eyes_open,29,0.15409287170782981
51,eyes_open,29.5,0.14217269154274284
51,eyes_open,30,0.1281048712017431
51,eyes_open,30.5,0.11294673703156974
51,eyes_open,31,0.10509791212572714
51,eyes_open,31.5,0.1017488225069628
51,eyes_open,32,0.09561732633351078
51,eyes_open,32.5,0.07871415764751784
51,eyes_open,33,0.06507845891792792
51,eyes_open,33.5,0.05683302312564168
51,eyes_open,34,0.047562540574346536
51,eyes_open,34.5,0.04083389700411674
51,eyes_open,35,0.03525860108957352
51,eyes_open,35.5,0.029948107874465557
51,eyes_open,36,0.027396348386078944
51,eyes_open,36.5,0.02428192749322473
51,eyes_open,37,0.021702055766753957
51,eyes_open,37.5,0.019032445729861406
51,eyes_open,38,0.017176140078905826
51,eyes_open,38.5,0.015504302919816955
51,eyes_open,39,0.015194371444728903
51,eyes_open,39.5,0.0138463567610087
51,eyes_open,40,0.011975543057649559
51,eyes_open,40.5,0.010736130332754673
51,eyes_open,41,0.010358622730875925
51,eyes_open,41.5,0.009732935558688297
51,eyes_open,42,0.00951398498226417
51,eyes_open,42.5,0.008815243939388675
51,eyes_open,43,0.007821306185124508
51,eyes_open,43.5,0.006684972194061956
51,eyes_open,44,0.006086872505288496
51,eyes_open,44.5,0.005795188498410361
51,eyes_open,45,0.0054716145348115315
52,eyes_closed,1,21.742415060930057
52,eyes_closed,1.5,12.821182428167967
52,eyes_closed,2,9.670275076063124
52,eyes_closed,2.5,6.628188634220285
52,eyes_closed,3,5.959177918240948
52,eyes_closed,3.5,6.122012046010461
52,eyes_closed,4,6.9114569459260515
52,eyes_closed,4.5,8.194489531181016
52,eyes_closed,5,10.52578152839276
52,eyes_closed,5.5,13.004730368951131
52,eyes_closed,6,16.93269410918932
52,eyes_closed,6.5,24.56758383789261
52,eyes_closed,7,32.94015280025032
52,eyes_closed,7.5,41.38461324455747
52,eyes_closed,8,51.18055107270512
52,eyes_closed,8.5,70.62771328333623
52,eyes_closed,9,93.9079959315448
52,eyes_closed,9.5,69.44695796233728
52,eyes_closed,10,49.792623389975816
52,eyes_closed,10.5,53.93419418369103
52,eyes_closed,11,44.90203944843527
52,eyes_closed,11.5,24.71283724706259
52,eyes_closed,12,12.26330082601675
52,eyes_closed,12.5,7.2856793791486325
52,eyes_closed,13,5.385598547453836
52,eyes_closed,13.5,4.590995395056467
52,eyes_closed,14,3.899647673597457
52,eyes_closed,14.5,3.7933532978035345
52,eyes_closed,15,4.159663028945067
52,eyes_closed,15.5,4.878749284324786
52,eyes_closed,16,4.613200268004913
52,eyes_closed,16.5,4.2364900844098745
52,eyes_closed,17,4.079214566186666
52,eyes_closed,17.5,4.057455363614312
52,eyes_closed,18,3.8651497576159444
52,eyes_closed,18.5,3.3242581910145916
52,eyes_closed,19,2.8337767021416016
52,eyes_closed,19.5,2.663886750194138
52,eyes_closed,20,2.552545694121272
52,eyes_closed,20.5,2.4067502921553983
52,eyes_closed,21,2.2355677854440463
52,eyes_closed,21.5,2.0664320233811897
52,eyes_closed,22,1.7327351939996485
52,eyes_closed,22.5,1.470901467119066
52,eyes_closed,23,1.1839287851272255
52,eyes_closed,23.5,1.0176189776135016
52,eyes_closed,24,0.8913920839199188
52,eyes_closed,24.5,0.8329901471089468
52,eyes_closed,25,0.7532800886984092
52,eyes_closed,25.5,0.7207906529969837
52,eyes_closed,26,0.6877235869596245
52,eyes_closed,26.5,0.6606687778708533
52,eyes_closed,27,0.5744318138564508
52,eyes_closed,27.5,0.4657311752046873
52,eyes_closed,28,0.4346329498017245
52,eyes_closed,28.5,0.3719381036536659
52,eyes_closed,29,0.3147842069445793
52,eyes_closed,29.5,0.27980605911273054
52,eyes_closed,30,0.25935267367624465
52,eyes_closed,30.5,0.23497366459263505
52,eyes_closed,31,0.21130427033326266
52,eyes_closed,31.5,0.19615821855006682
52,eyes_closed,32,0.1830356192923982
52,eyes_closed,32.5,0.16814798517985954
52,eyes_closed,33,0.15616022696264953
52,eyes_closed,33.5,0.1511210771730159
52,eyes_closed,34,0.1302271874977056
52,eyes_closed,34.5,0.12386963934798242
52,eyes_closed,35,0.10828517020866386
52,eyes_closed,35.5,0.09071979924696054
52,eyes_closed,36,0.08154632972657269
52,eyes_closed,36.5,0.07981840341460547
52,eyes_closed,37,0.0727577361259707
52,eyes_closed,37.5,0.06801630381287
52,eyes_closed,38,0.06898392911540908
52,eyes_closed,38.5,0.06201066583262002
52,eyes_closed,39,0.05236260806001255
52,eyes_closed,39.5,0.04928813279496176
52,eyes_closed,40,0.04275741375046482
52,eyes_closed,40.5,0.04011550574891155
52,eyes_closed,41,0.0399578979069744
52,eyes_closed,41.5,0.03631216032680176
52,eyes_closed,42,0.03471817271849435
52,eyes_closed,42.5,0.03208646815072006
52,eyes_closed,43,0.03079184281446906
52,eyes_closed,43.5,0.026162761248575212
52,eyes_closed,44,0.023586291935476643
52,eyes_closed,44.5,0.021284413748050693
52,eyes_closed,45,0.021444154621475
52,eyes_open,1,21.3367285794867
52,eyes_open,1.5,11.519833601015714
52,eyes_open,2,6.8403088778872325
52,eyes_open,2.5,5.3436908045633915
52,eyes_open,3,4.379806913825552
52,eyes_open,3.5,4.528965212663035
52,eyes_open,4,4.832850200474365
52,eyes_open,4.5,5.338902935103876
52,eyes_open,5,5.894449525400659
52,eyes_open,5.5,7.930444711376733
52,eyes_open,6,11.014268187051423
52,eyes_open,6.5,15.010153657614486
52,eyes_open,7,20.877572207213
52,eyes_open,7.5,30.3501688362587
52,eyes_open,8,45.125016477631455
52,eyes_open,8.5,59.26918144570305
52,eyes_open,9,59.33749263433797
52,eyes_open,9.5,37.88395685973495
52,eyes_open,10,27.893022532985484
52,eyes_open,10.5,33.72061428417104
52,eyes_open,11,31.080840705757748
52,eyes_open,11.5,17.11025559983196
52,eyes_open,12,8.555986138238337
52,eyes_open,12.5,5.718529552318482
52,eyes_open,13,4.363115405880354
52,eyes_open,13.5,4.024268693015744
52,eyes_open,14,3.9255945537011274
52,eyes_open,14.5,3.737594910828845
52,eyes_open,15,3.6096307639565857
52,eyes_open,15.5,3.608494110606032
52,eyes_open,16,3.65333097679307
52,eyes_open,16.5,3.4677694746389203
52,eyes_open,17,3.43696795953704
52,eyes_open,17.5,3.536022882115833
52,eyes_open,18,3.274609607743205
52,eyes_open,18.5,3.001980084379503
52,eyes_open,19,2.5464495217452026
52,eyes_open,19.5,2.104111746604082
52,eyes_open,20,1.8591395695788244
52,eyes_open,20.5,1.759430235940229
52,eyes_open,21,1.800281289965646
52,eyes_open,21.5,1.549330612678159
52,eyes_open,22,1.371585109369084
52,eyes_open,22.5,1.2453787882590865
52,eyes_open,23,1.0221090259158059
52,eyes_open,23.5,0.8490297556118764
52,eyes_open,24,0.7671485770877198
52,eyes_open,24.5,0.7284746167124803
52,eyes_open,25,0.717156579540239
52,eyes_open,25.5,0.6508164856320504
52,eyes_open,26,0.6119439213185107
52,eyes_open,26.5,0.567368137281925
52,eyes_open,27,0.5036438214007476
52,eyes_open,27.5,0.47844824134336505
52,eyes_open,28,0.42014582836909214
52,eyes_open,28.5,0.34727709143639063
52,eyes_open,29,0.2987854735127677
52,eyes_open,29.5,0.27739584148820107
52,eyes_open,30,0.24422522728811788
52,eyes_open,30.5,0.2274720634402017
52,eyes_open,31,0.20560585405408646
52,eyes_open,31.5,0.20645368277267426
52,eyes_open,32,0.1922681062626734
52,eyes_open,32.5,0.16829177158549796
52,eyes_open,33,0.15430955010649242
52,eyes_open,33.5,0.14645409572311996
52,eyes_open,34,0.13620039224413147
52,eyes_open,34.5,0.12347593522784095
52,eyes_open,35,0.11755932191542286
52,eyes_open,35.5,0.10698625825661533
52,eyes_open,36,0.0903141326319047
52,eyes_open,36.5,0.08101453005022802
52,eyes_open,37,0.07479590114979356
52,eyes_open,37.5,0.06959298957347487
52,eyes_open,38,0.0640411983714697
52,eyes_open,38.5,0.060425790614793744
52,eyes_open,39,0.05671591604600538
52,eyes_open,39.5,0.051259303192858124
52,eyes_open,40,0.04780225688950039
52,eyes_open,40.5,0.04744328086728748
52,eyes_open,41,0.04485708930476227
52,eyes_open,41.5,0.04009691057240433
52,eyes_open,42,0.03852435374916521
52,eyes_open,42.5,0.03505578932602126
52,eyes_open,43,0.034204063092186716
52,eyes_open,43.5,0.031388003028023324
52,eyes_open,44,0.02844254917153631
52,eyes_open,44.5,0.02615401906593204
52,eyes_open,45,0.021800287495471752
53,eyes_closed,1,5.435157913040867
53,eyes_closed,1.5,3.524366719749756
53,eyes_closed,2,2.3576783213143417
53,eyes_closed,2.5,1.8139129300301113
53,eyes_closed,3,1.5847233247353751
53,eyes_closed,3.5,1.584306800756396
53,eyes_closed,4,1.5292145587164163
53,eyes_closed,4.5,1.4458621704246348
53,eyes_closed,5,1.4066230915414564
53,eyes_closed,5.5,1.429472889786089
53,eyes_closed,6,1.270964570333604
53,eyes_closed,6.5,1.1937507891229993
53,eyes_closed,7,1.2446593960100392
53,eyes_closed,7.5,1.3900639485176447
53,eyes_closed,8,1.6853603498017793
53,eyes_closed,8.5,2.0916742247900113
53,eyes_closed,9,2.601355266956315
53,eyes_closed,9.5,3.936585421918202
53,eyes_closed,10,5.442655926694339
53,eyes_closed,10.5,3.9358099606984416
53,eyes_closed,11,2.5643024539060626
53,eyes_closed,11.5,2.5117659486983746
53,eyes_closed,12,2.400468596372696
53,eyes_closed,12.5,2.108027951781467
53,eyes_closed,13,1.599128150272496
53,eyes_closed,13.5,1.1805849311455487
53,eyes_closed,14,1.0074003944963519
53,eyes_closed,14.5,0.8744159884177216
53,eyes_closed,15,0.8753503986035504
53,eyes_closed,15.5,0.8729591465771237
53,eyes_closed,16,0.8691671594185879
53,eyes_closed,16.5,0.8612599900556652
53,eyes_closed,17,0.9889954061082455
53,eyes_closed,17.5,0.9763560871874867
53,eyes_closed,18,0.9867110953682781
53,eyes_closed,18.5,1.052180015832112
53,eyes_closed,19,1.3640365882562366
53,eyes_closed,19.5,1.760402394004372
53,eyes_closed,20,1.7845202836177236
53,eyes_closed,20.5,1.4298973177918508
53,eyes_closed,21,0.9281197726370707
53,eyes_closed,21.5,0.6026816346423253
53,eyes_closed,22,0.5058617302044149
53,eyes_closed,22.5,0.4285867476538407
53,eyes_closed,23,0.3414812739334704
53,eyes_closed,23.5,0.30230942098562863
53,eyes_closed,24,0.2604158037546772
53,eyes_closed,24.5,0.2379464696782952
53,eyes_closed,25,0.22201833447556596
53,eyes_closed,25.5,0.203737761386727
53,eyes_closed,26,0.1772941740666399
53,eyes_closed,26.5,0.15780508880327318
53,eyes_closed,27,0.15262243239241474
53,eyes_closed,27.5,0.14202419278650633
53,eyes_closed,28,0.13813904536064128
53,eyes_closed,28.5,0.1330722192622812
53,eyes_closed,29,0.1248610343019126
53,eyes_closed,29.5,0.12022310485167764
53,eyes_closed,30,0.1140995166014793
53,eyes_closed,30.5,0.11354728254362265
53,eyes_closed,31,0.09760076464957528
53,eyes_closed,31.5,0.08353547058077859
53,eyes_closed,32,0.08142018205011767
53,eyes_closed,32.5,0.07469782582601249
53,eyes_closed,33,0.06802354352447619
53,eyes_closed,33.5,0.060273602911853214
53,eyes_closed,34,0.05367273509249118
53,eyes_closed,34.5,0.05388285765704744
53,eyes_closed,35,0.049890740924406075
53,eyes_closed,35.5,0.04855549216668457
53,eyes_closed,36,0.043723382344470506
53,eyes_closed,36.5,0.04250991915844775
53,eyes_closed,37,0.04007956597925897
53,eyes_closed,37.5,0.036907619212787526
53,eyes_closed,38,0.035940491430595
53,eyes_closed,38.5,0.03438651353159479
53,eyes_closed,39,0.029802099692724248
53,eyes_closed,39.5,0.026367124102861596
53,eyes_closed,40,0.0249742459484807
53,eyes_closed,40.5,0.02363556207487107
53,eyes_closed,41,0.020972470262622268
53,eyes_closed,41.5,0.019434366655660576
53,eyes_closed,42,0.01799288181594113
53,eyes_closed,42.5,0.01821482250585085
53,eyes_closed,43,0.018136695225157016
53,eyes_closed,43.5,0.016193624509891293
53,eyes_closed,44,0.014067264561032465
53,eyes_closed,44.5,0.012928374512498978
53,eyes_closed,45,0.012466125107830791
53,eyes_open,1,7.936203609589405
53,eyes_open,1.5,4.367427714741741
53,eyes_open,2,2.881984687752783
53,eyes_open,2.5,1.9763885237237029
53,eyes_open,3,1.5494599615025568
53,eyes_open,3.5,1.5432446384269036
53,eyes_open,4,1.6115720841389285
53,eyes_open,4.5,1.5461409325275266
53,eyes_open,5,1.4740408812258672
53,eyes_open,5.5,1.3709101191640085
53,eyes_open,6,1.2827687826320182
53,eyes_open,6.5,1.2562124488885449
53,eyes_open,7,1.1527018500120612
53,eyes_open,7.5,1.1038997269571098
53,eyes_open,8,1.145372168075916
53,eyes_open,8.5,1.3390440438216005
53,eyes_open,9,1.751011305586065
53,eyes_open,9.5,1.9615200870547502
53,eyes_open,10,1.7064372811515502
53,eyes_open,10.5,1.4376083914709143
53,eyes_open,11,1.0988695811605262
53,eyes_open,11.5,0.9761172099410933
53,eyes_open,12,0.8976644083304788
53,eyes_open,12.5,0.8271272137726413
53,eyes_open,13,0.7765593369275623
53,eyes_open,13.5,0.7181393466806751
53,eyes_open,14,0.692910546543919
53,eyes_open,14.5,0.6681377849800593
53,eyes_open,15,0.614991733336675
53,eyes_open,15.5,0.5495105671902258
53,eyes_open,16,0.5376298570042205
53,eyes_open,16.5,0.5441657548282617
53,eyes_open,17,0.5146074190893973
53,eyes_open,17.5,0.5129928995883523
53,eyes_open,18,0.5353308679846596
53,eyes_open,18.5,0.5538943993160468
53,eyes_open,19,0.5236892683226273
53,eyes_open,19.5,0.4746673800902517
53,eyes_open,20,0.4344893977186449
53,eyes_open,20.5,0.4106422744701752
53,eyes_open,21,0.37827777909820764
53,eyes_open,21.5,0.33899092138966747
53,eyes_open,22,0.3285675180894802
53,eyes_open,22.5,0.30019644919144173
53,eyes_open,23,0.2725509443652984
53,eyes_open,23.5,0.24561847632955813
53,eyes_open,24,0.22995454523174827
53,eyes_open,24.5,0.23227140462683812
53,eyes_open,25,0.2077540302317742
53,eyes_open,25.5,0.1887742848103985
53,eyes_open,26,0.17879353419842292
53,eyes_open,26.5,0.16816491178429055
53,eyes_open,27,0.15883615430056264
53,eyes_open,27.5,0.14660143927999042
53,eyes_open,28,0.13960699168866025
53,eyes_open,28.5,0.13466845504106864
53,eyes_open,29,0.1326214605175868
53,eyes_open,29.5,0.12511756102907587
53,eyes_open,30,0.11514681156542225
53,eyes_open,30.5,0.11090475691082276
53,eyes_open,31,0.10554820486793931
53,eyes_open,31.5,0.09716851984982691
53,eyes_open,32,0.09350541722194369
53,eyes_open,32.5,0.08837957061782545
53,eyes_open,33,0.07953414802247473
53,eyes_open,33.5,0.0752597145859216
53,eyes_open,34,0.0675363569872071
53,eyes_open,34.5,0.060925910678588935
53,eyes_open,35,0.057967099328498944
53,eyes_open,35.5,0.054255136692334845
53,eyes_open,36,0.05344610533509866
53,eyes_open,36.5,0.049812656653217303
53,eyes_open,37,0.049532549649436305
53,eyes_open,37.5,0.044829614995862146
53,eyes_open,38,0.0403241439354821
53,eyes_open,38.5,0.035525373158348014
53,eyes_open,39,0.0361575887641293
53,eyes_open,39.5,0.034455099124057365
53,eyes_open,40,0.03144814398613667
53,eyes_open,40.5,0.029885095833639165
53,eyes_open,41,0.02632913475262051
53,eyes_open,41.5,0.024663978276840172
53,eyes_open,42,0.02473436007892453
53,eyes_open,42.5,0.022533322552555274
53,eyes_open,43,0.021035747309085136
53,eyes_open,43.5,0.02006326388298522
53,eyes_open,44,0.018451594662245573
53,eyes_open,44.5,0.017735914761669178
53,eyes_open,45,0.016814701544140418
54,eyes_closed,1,6.182307145317068
54,eyes_closed,1.5,3.4176641788786015
54,eyes_closed,2,2.4595163929963255
54,eyes_closed,2.5,1.786912156002181
54,eyes_closed,3,1.3689481166382929
54,eyes_closed,3.5,1.2347567400290318
54,eyes_closed,4,1.1695751152370175
54,eyes_closed,4.5,1.003303638165115
54,eyes_closed,5,0.9067937933307866
54,eyes_closed,5.5,0.9021730907498281
54,eyes_closed,6,0.9270845603216828
54,eyes_closed,6.5,0.9667687421039891
54,eyes_closed,7,1.1834385057695724
54,eyes_closed,7.5,1.3774229159120328
54,eyes_closed,8,1.5098208048664379
54,eyes_closed,8.5,1.7805417907543115
54,eyes_closed,9,2.5237402583648407
54,eyes_closed,9.5,4.950912426595998
54,eyes_closed,10,11.872609834320459
54,eyes_closed,10.5,20.11797787016792
54,eyes_closed,11,16.978491266546754
54,eyes_closed,11.5,9.662859429767785
54,eyes_closed,12,4.622138915955642
54,eyes_closed,12.5,2.472006504220752
54,eyes_closed,13,1.646720396386733
54,eyes_closed,13.5,1.2266389049177027
54,eyes_closed,14,1.0155643885864862
54,eyes_closed,14.5,0.8981358630488169
54,eyes_closed,15,0.9260361689346233
54,eyes_closed,15.5,0.9336460285253013
54,eyes_closed,16,0.912618414363348
54,eyes_closed,16.5,0.8806599215554394
54,eyes_closed,17,0.8652277361345391
54,eyes_closed,17.5,0.8002492348096584
54,eyes_closed,18,0.7902263376353591
54,eyes_closed,18.5,0.7971761000529612
54,eyes_closed,19,0.8080607141049382
54,eyes_closed,19.5,0.8956062754237674
54,eyes_closed,20,1.0842507454366122
54,eyes_closed,20.5,1.1864929463050768
54,eyes_closed,21,1.1765401483276472
54,eyes_closed,21.5,0.9748405784603897
54,eyes_closed,22,0.6264793576377585
54,eyes_closed,22.5,0.4411655196994282
54,eyes_closed,23,0.3237485700753652
54,eyes_closed,23.5,0.2295477676634421
54,eyes_closed,24,0.1733712966518831
54,eyes_closed,24.5,0.14101777874478855
54,eyes_closed,25,0.12360130027244035
54,eyes_closed,25.5,0.11120194788379179
54,eyes_closed,26,0.10130435831474842
54,eyes_closed,26.5,0.09102523255394039
54,eyes_closed,27,0.07909298585209101
54,eyes_closed,27.5,0.07554285730962387
54,eyes_closed,28,0.06945038770608133
54,eyes_closed,28.5,0.06683576061012768
54,eyes_closed,29,0.06693745231502031
54,eyes_closed,29.5,0.06639382823508631
54,eyes_closed,30,0.07009546896732688
54,eyes_closed,30.5,0.07014135712297756
54,eyes_closed,31,0.062251410500200256
54,eyes_closed,31.5,0.05676791150127258
54,eyes_closed,32,0.04660220730606693
54,eyes_closed,32.5,0.03906371806458316
54,eyes_closed,33,0.03628192675784949
54,eyes_closed,33.5,0.03137470598680075
54,eyes_closed,34,0.027541055621406726
54,eyes_closed,34.5,0.024827730750623105
54,eyes_closed,35,0.022638028609879554
54,eyes_closed,35.5,0.021606281782107245
54,eyes_closed,36,0.020593960334630606
54,eyes_closed,36.5,0.018157364472305204
54,eyes_closed,37,0.015859924699647407
54,eyes_closed,37.5,0.014288027849643916
54,eyes_closed,38,0.01305691441174854
54,eyes_closed,38.5,0.012409818575901238
54,eyes_closed,39,0.011046562876186152
54,eyes_closed,39.5,0.009892061572485907
54,eyes_closed,40,0.009512797679803838
54,eyes_closed,40.5,0.009310852611226073
54,eyes_closed,41,0.007925453017795214
54,eyes_closed,41.5,0.007177874100356762
54,eyes_closed,42,0.006928588788461691
54,eyes_closed,42.5,0.0064769471148777725
54,eyes_closed,43,0.005634717195827529
54,eyes_closed,43.5,0.005272673184375807
54,eyes_closed,44,0.004817776768396586
54,eyes_closed,44.5,0.004526633333691595
54,eyes_closed,45,0.00430906916682132
54,eyes_open,1,6.227756350008578
54,eyes_open,1.5,3.5187904980493814
54,eyes_open,2,2.246200305439213
54,eyes_open,2.5,1.5348268157835387
54,eyes_open,3,1.2093776667197491
54,eyes_open,3.5,1.0430887145388321
54,eyes_open,4,1.0151061631235938
54,eyes_open,4.5,0.9188888065605048
54,eyes_open,5,0.7952942553987078
54,eyes_open,5.5,0.693638833618158
54,eyes_open,6,0.7449566324135217
54,eyes_open,6.5,0.8146069907249899
54,eyes_open,7,0.8585914845889916
54,eyes_open,7.5,0.865882190368364
54,eyes_open,8,0.8339747010039545
54,eyes_open,8.5,0.8694643874291923
54,eyes_open,9,1.2918225370850271
54,eyes_open,9.5,2.958529622684822
54,eyes_open,10,7.800218359953832
54,eyes_open,10.5,11.77143321515506
54,eyes_open,11,6.854395207696227
54,eyes_open,11.5,2.519321125518826
54,eyes_open,12,1.3616971364434693
54,eyes_open,12.5,0.9425355398521776
54,eyes_open,13,0.8641042960000596
54,eyes_open,13.5,0.8220183819746136
54,eyes_open,14,0.773335418490564
54,eyes_open,14.5,0.7457419575077777
54,eyes_open,15,0.7937346209085276
54,eyes_open,15.5,0.8248840045304802
54,eyes_open,16,0.826095358658442
54,eyes_open,16.5,0.8175396334471935
54,eyes_open,17,0.7896114614791067
54,eyes_open,17.5,0.6958993665714703
54,eyes_open,18,0.6385977126655561
54,eyes_open,18.5,0.620225930447763
54,eyes_open,19,0.6032282323150998
54,eyes_open,19.5,0.6150264521442832
54,eyes_open,20,0.6327787615145815
54,eyes_open,20.5,0.6372143068126527
54,eyes_open,21,0.5696693218266171
54,eyes_open,21.5,0.4402435230050663
54,eyes_open,22,0.31142301682196055
54,eyes_open,22.5,0.22805904746281824
54,eyes_open,23,0.18119486050490294
54,eyes_open,23.5,0.1656234574042274
54,eyes_open,24,0.15935998810723784
54,eyes_open,24.5,0.15459222711133144
54,eyes_open,25,0.1407216579363323
54,eyes_open,25.5,0.12603996203368129
54,eyes_open,26,0.11525892170844174
54,eyes_open,26.5,0.10185754595029099
54,eyes_open,27,0.08860657347010387
54,eyes_open,27.5,0.0858624513681478
54,eyes_open,28,0.08100795901492928
54,eyes_open,28.5,0.07441288213108431
54,eyes_open,29,0.07210980321168434
54,eyes_open,29.5,0.07729761495557626
54,eyes_open,30,0.07552140278017827
54,eyes_open,30.5,0.06529879404624186
54,eyes_open,31,0.05619796257557551
54,eyes_open,31.5,0.05318552581929022
54,eyes_open,32,0.049937608066686894
54,eyes_open,32.5,0.04387985575638702
54,eyes_open,33,0.04267980517157999
54,eyes_open,33.5,0.037469777011798294
54,eyes_open,34,0.03561616985063836
54,eyes_open,34.5,0.035994058490846595
54,eyes_open,35,0.032751206245575544
54,eyes_open,35.5,0.027536234634499182
54,eyes_open,36,0.02533651443748702
54,eyes_open,36.5,0.0241570286877147
54,eyes_open,37,0.022979161456195333
54,eyes_open,37.5,0.021536734054433918
54,eyes_open,38,0.019638732821204576
54,eyes_open,38.5,0.017129665382739065
54,eyes_open,39,0.017455375171479524
54,eyes_open,39.5,0.016919507443364165
54,eyes_open,40,0.014013923410893005
54,eyes_open,40.5,0.012678781880739147
54,eyes_open,41,0.012424722207079962
54,eyes_open,41.5,0.011354157610443213
54,eyes_open,42,0.010881175837152587
54,eyes_open,42.5,0.010921263801094518
54,eyes_open,43,0.009211825028531474
54,eyes_open,43.5,0.008606476975983539
54,eyes_open,44,0.00850525998520716
54,eyes_open,44.5,0.00774011944583737
54,eyes_open,45,0.0073400882695332185
55,eyes_closed,1,6.913730378232129
55,eyes_closed,1.5,3.601739267419056
55,eyes_closed,2,2.283954388254855
55,eyes_closed,2.5,1.704629835157128
55,eyes_closed,3,1.428249768389938
55,eyes_closed,3.5,1.2711919141416628
55,eyes_closed,4,1.058754288106051
55,eyes_closed,4.5,0.9610358710188199
55,eyes_closed,5,0.9423118796456447
55,eyes_closed,5.5,0.8835052548674757
55,eyes_closed,6,0.8246073723692057
55,eyes_closed,6.5,0.7691270183405771
55,eyes_closed,7,0.7329073400152835
55,eyes_closed,7.5,0.6745703481652195
55,eyes_closed,8,0.6734994538751241
55,eyes_closed,8.5,0.7113281369517166
55,eyes_closed,9,0.8593780547341129
55,eyes_closed,9.5,1.074451866346491
55,eyes_closed,10,1.6337825845856775
55,eyes_closed,10.5,3.3313168142692615
55,eyes_closed,11,5.3754765309717465
55,eyes_closed,11.5,6.06855174704212
55,eyes_closed,12,5.21050993726541
55,eyes_closed,12.5,4.107768257899991
55,eyes_closed,13,2.4871381285632417
55,eyes_closed,13.5,1.4079870353340123
55,eyes_closed,14,1.0097281721479778
55,eyes_closed,14.5,0.9136796468429748
55,eyes_closed,15,0.8419993681823184
55,eyes_closed,15.5,0.8221896330862433
55,eyes_closed,16,0.7274502937506181
55,eyes_closed,16.5,0.6906820352233927
55,eyes_closed,17,0.6240854544916729
55,eyes_closed,17.5,0.5884244941972848
55,eyes_closed,18,0.544664922691497
55,eyes_closed,18.5,0.5201942834625811
55,eyes_closed,19,0.5192502107280251
55,eyes_closed,19.5,0.48778239745856705
55,eyes_closed,20,0.5326656626912181
55,eyes_closed,20.5,0.5680054369859218
55,eyes_closed,21,0.5999694483142242
55,eyes_closed,21.5,0.6391061750223072
55,eyes_closed,22,0.5989084758217025
55,eyes_closed,22.5,0.5315153942359891
55,eyes_closed,23,0.4910552739653375
55,eyes_closed,23.5,0.4101754766216982
55,eyes_closed,24,0.361352657623114
55,eyes_closed,24.5,0.31343451510617926
55,eyes_closed,25,0.2650532130401678
55,eyes_closed,25.5,0.2301731043515119
55,eyes_closed,26,0.18214188657915767
55,eyes_closed,26.5,0.15202101262223455
55,eyes_closed,27,0.13791136297567294
55,eyes_closed,27.5,0.12672096045657952
55,eyes_closed,28,0.12020873427526008
55,eyes_closed,28.5,0.10582279187790487
55,eyes_closed,29,0.09783370000772049
55,eyes_closed,29.5,0.09264737253780747
55,eyes_closed,30,0.08354218516487652
55,eyes_closed,30.5,0.07967617527505079
55,eyes_closed,31,0.07439838333458479
55,eyes_closed,31.5,0.06343535450640439
55,eyes_closed,32,0.052061336799633325
55,eyes_closed,32.5,0.05087700608704091
55,eyes_closed,33,0.04893890911884098
55,eyes_closed,33.5,0.042662709832441706
55,eyes_closed,34,0.03473023906686364
55,eyes_closed,34.5,0.03140188981302483
55,eyes_closed,35,0.027937559111471763
55,eyes_closed,35.5,0.027295360967000568
55,eyes_closed,36,0.024736446676124818
55,eyes_closed,36.5,0.02282971957719855
55,eyes_closed,37,0.019435317813587382
55,eyes_closed,37.5,0.016737448069090916
55,eyes_closed,38,0.01619297165833852
55,eyes_closed,38.5,0.014568159900765166
55,eyes_closed,39,0.012949995036025848
55,eyes_closed,39.5,0.012499351778076692
55,eyes_closed,40,0.011444459286880515
55,eyes_closed,40.5,0.01031182763988475
55,eyes_closed,41,0.008983868730151227
55,eyes_closed,41.5,0.008411054588880789
55,eyes_closed,42,0.007907236062968621
55,eyes_closed,42.5,0.008083536384262124
55,eyes_closed,43,0.007549471147815963
55,eyes_closed,43.5,0.006574010479610112
55,eyes_closed,44,0.0060072042044069865
55,eyes_closed,44.5,0.005445119101716475
55,eyes_closed,45,0.0056622375915202135
55,eyes_open,1,7.886173350060149
55,eyes_open,1.5,4.2341942695556805
55,eyes_open,2,2.8094504224538497
55,eyes_open,2.5,2.153214817453319
55,eyes_open,3,1.6324315728321892
55,eyes_open,3.5,1.477059026437428
55,eyes_open,4,1.300951640987425
55,eyes_open,4.5,1.170014364116891
55,eyes_open,5,1.0754502108471522
55,eyes_open,5.5,0.9640328982463641
55,eyes_open,6,0.8838935312543778
55,eyes_open,6.5,0.7458623260465014
55,eyes_open,7,0.7392708011340189
55,eyes_open,7.5,0.7315765549459848
55,eyes_open,8,0.682708950598413
55,eyes_open,8.5,0.6636189920925949
55,eyes_open,9,0.7256332019719282
55,eyes_open,9.5,0.815510734725519
55,eyes_open,10,1.0692215795680058
55,eyes_open,10.5,1.712207341372964
55,eyes_open,11,2.0600252898179368
55,eyes_open,11.5,1.9553334628071568
55,eyes_open,12,1.5664093559215138
55,eyes_open,12.5,1.2780931150446633
55,eyes_open,13,1.1822285932322234
55,eyes_open,13.5,1.1422978924483922
55,eyes_open,14,1.0602537832717491
55,eyes_open,14.5,1.073938746095884
55,eyes_open,15,0.9142788965406468
55,eyes_open,15.5,0.7585191484752081
55,eyes_open,16,0.7087560393208179
55,eyes_open,16.5,0.6439428825940597
55,eyes_open,17,0.5621807908375113
55,eyes_open,17.5,0.5354379888644699
55,eyes_open,18,0.4892145598942655
55,eyes_open,18.5,0.43141879838529185
55,eyes_open,19,0.4096954314228165
55,eyes_open,19.5,0.3880379701335473
55,eyes_open,20,0.37230976926530546
55,eyes_open,20.5,0.3606381734495739
55,eyes_open,21,0.38532762166547757
55,eyes_open,21.5,0.40891534101591787
55,eyes_open,22,0.40279990237680363
55,eyes_open,22.5,0.39622439517590957
55,eyes_open,23,0.346450999685727
55,eyes_open,23.5,0.3334104840763555
55,eyes_open,24,0.28677583354626074
55,eyes_open,24.5,0.2457644546919187
55,eyes_open,25,0.21456045300144483
55,eyes_open,25.5,0.1940789110028518
55,eyes_open,26,0.17856228723592876
55,eyes_open,26.5,0.1540981644533668
55,eyes_open,27,0.14504068277311108
55,eyes_open,27.5,0.13428235326114443
55,eyes_open,28,0.12048363216531438
55,eyes_open,28.5,0.11160386145638598
55,eyes_open,29,0.1055736022794587
55,eyes_open,29.5,0.09284017706112085
55,eyes_open,30,0.08400263845672461
55,eyes_open,30.5,0.07515205429912723
55,eyes_open,31,0.06723387601782214
55,eyes_open,31.5,0.06384004601866387
55,eyes_open,32,0.06056034315840381
55,eyes_open,32.5,0.05106338206736797
55,eyes_open,33,0.04703667536627133
55,eyes_open,33.5,0.04288674218927046
55,eyes_open,34,0.037573695986363405
55,eyes_open,34.5,0.036583330625263574
55,eyes_open,35,0.032699490062078326
55,eyes_open,35.5,0.029225953648789695
55,eyes_open,36,0.027488609093313503
55,eyes_open,36.5,0.025348326857241817
55,eyes_open,37,0.023489801271707657
55,eyes_open,37.5,0.021493048320323137
55,eyes_open,38,0.018977628837196912
55,eyes_open,38.5,0.017556637726685816
55,eyes_open,39,0.016075043673239767
55,eyes_open,39.5,0.014273628270015331
55,eyes_open,40,0.014138927136875734
55,eyes_open,40.5,0.01317536573987531
55,eyes_open,41,0.011578598145258932
55,eyes_open,41.5,0.011199703702658312
55,eyes_open,42,0.01037078179215837
55,eyes_open,42.5,0.00879570993904502
55,eyes_open,43,0.007832536507353197
55,eyes_open,43.5,0.007368094459730928
55,eyes_open,44,0.006982403368380519
55,eyes_open,44.5,0.007029052244206177
55,eyes_open,45,0.005915274145312487
56,eyes_closed,1,16.4262025866454
56,eyes_closed,1.5,11.265486909178994
56,eyes_closed,2,11.329100389732993
56,eyes_closed,2.5,9.988145345981078
56,eyes_closed,3,7.27025416767667
56,eyes_closed,3.5,5.445373717728722
56,eyes_closed,4,4.738982802761966
56,eyes_closed,4.5,5.720053590836582
56,eyes_closed,5,7.3404531402093305
56,eyes_closed,5.5,7.358859224593848
56,eyes_closed,6,8.726273427143065
56,eyes_closed,6.5,12.942552015668335
56,eyes_closed,7,18.113718253963643
56,eyes_closed,7.5,20.404796376754682
56,eyes_closed,8,25.036117076460002
56,eyes_closed,8.5,32.881544171114946
56,eyes_closed,9,35.48722083512662
56,eyes_closed,9.5,52.749309152659904
56,eyes_closed,10,94.3347758311216
56,eyes_closed,10.5,92.56215318561799
56,eyes_closed,11,32.42867935927911
56,eyes_closed,11.5,9.843679741518896
56,eyes_closed,12,5.030534384217346
56,eyes_closed,12.5,3.684753219936564
56,eyes_closed,13,3.400201413554898
56,eyes_closed,13.5,3.0920363509916315
56,eyes_closed,14,2.9021272648106784
56,eyes_closed,14.5,2.9371951713048015
56,eyes_closed,15,2.859428912150156
56,eyes_closed,15.5,2.7266208459635624
56,eyes_closed,16,2.6217012302107845
56,eyes_closed,16.5,2.633264389081973
56,eyes_closed,17,2.617938482472479
56,eyes_closed,17.5,2.308457965989398
56,eyes_closed,18,2.1341710966452685
56,eyes_closed,18.5,1.9856427355356208
56,eyes_closed,19,1.7967947364817252
56,eyes_closed,19.5,1.5454289514798065
56,eyes_closed,20,1.3639728316327895
56,eyes_closed,20.5,1.305477212751553
56,eyes_closed,21,1.0902962830117
56,eyes_closed,21.5,0.9221145133951177
56,eyes_closed,22,0.7395329501461626
56,eyes_closed,22.5,0.5802020517074722
56,eyes_closed,23,0.47145108281964754
56,eyes_closed,23.5,0.4037930669009062
56,eyes_closed,24,0.35715115881387566
56,eyes_closed,24.5,0.3239083154229459
56,eyes_closed,25,0.2927238806124571
56,eyes_closed,25.5,0.268619763028523
56,eyes_closed,26,0.25661047289501676
56,eyes_closed,26.5,0.22898745753959077
56,eyes_closed,27,0.20732602411044948
56,eyes_closed,27.5,0.18795378991559653
56,eyes_closed,28,0.18082722347022717
56,eyes_closed,28.5,0.17096507038404238
56,eyes_closed,29,0.15721145477773912
56,eyes_closed,29.5,0.13337661270369694
56,eyes_closed,30,0.1125856679652164
56,eyes_closed,30.5,0.11253954035259603
56,eyes_closed,31,0.10915914421178223
56,eyes_closed,31.5,0.09737823312479783
56,eyes_closed,32,0.07918326605747018
56,eyes_closed,32.5,0.06732863063240828
56,eyes_closed,33,0.06414243187648491
56,eyes_closed,33.5,0.056665789008938316
56,eyes_closed,34,0.05108251805916202
56,eyes_closed,34.5,0.04765266098700303
56,eyes_closed,35,0.04493678081218379
56,eyes_closed,35.5,0.03756202801232232
56,eyes_closed,36,0.0356124478849371
56,eyes_closed,36.5,0.03177611912715565
56,eyes_closed,37,0.029763992456704604
56,eyes_closed,37.5,0.02878163343266234
56,eyes_closed,38,0.025438450925505222
56,eyes_closed,38.5,0.02359881813676576
56,eyes_closed,39,0.02310911242783951
56,eyes_closed,39.5,0.021559164139725473
56,eyes_closed,40,0.019777445882969667
56,eyes_closed,40.5,0.01717253460357243
56,eyes_closed,41,0.014633935113227216
56,eyes_closed,41.5,0.013961849480580152
56,eyes_closed,42,0.014435173628369501
56,eyes_closed,42.5,0.013119593985695833
56,eyes_closed,43,0.011791240897910808
56,eyes_closed,43.5,0.010854320192902434
56,eyes_closed,44,0.010186911016684027
56,eyes_closed,44.5,0.009326373138865056
56,eyes_closed,45,0.008275657295443502
56,eyes_open,1,15.498816205607985
56,eyes_open,1.5,9.133261975448228
56,eyes_open,2,6.476315944879351
56,eyes_open,2.5,5.758110889811245
56,eyes_open,3,5.1766927900346795
56,eyes_open,3.5,3.7457166715047423
56,eyes_open,4,3.311216496427175
56,eyes_open,4.5,3.6593654381210428
56,eyes_open,5,3.7835943174918785
56,eyes_open,5.5,3.859479474454429
56,eyes_open,6,4.560410755170446
56,eyes_open,6.5,6.332039541956218
56,eyes_open,7,8.8477717105177
56,eyes_open,7.5,12.62295387902877
56,eyes_open,8,18.442073669465962
56,eyes_open,8.5,25.34855495996125
56,eyes_open,9,30.848768319770215
56,eyes_open,9.5,37.09532402878185
56,eyes_open,10,54.20060301133859
56,eyes_open,10.5,43.60998922277797
56,eyes_open,11,12.217976103393255
56,eyes_open,11.5,4.155444529802244
56,eyes_open,12,2.891897028008212
56,eyes_open,12.5,2.334895196967821
56,eyes_open,13,1.9708871489422508
56,eyes_open,13.5,1.6120168586878567
56,eyes_open,14,1.5229751115935835
56,eyes_open,14.5,1.392149508624979
56,eyes_open,15,1.3817791683704532
56,eyes_open,15.5,1.370340248337727
56,eyes_open,16,1.3465486345218134
56,eyes_open,16.5,1.3442705064245628
56,eyes_open,17,1.3481771856722429
56,eyes_open,17.5,1.3024569203238054
56,eyes_open,18,1.3936265437991013
56,eyes_open,18.5,1.2598957211698387
56,eyes_open,19,1.0800882003808603
56,eyes_open,19.5,0.9188776018393303
56,eyes_open,20,0.740492673511998
56,eyes_open,20.5,0.6485307333842186
56,eyes_open,21,0.550287211846513
56,eyes_open,21.5,0.483979517823349
56,eyes_open,22,0.3989579205868802
56,eyes_open,22.5,0.3378182788892958
56,eyes_open,23,0.3007993902928054
56,eyes_open,23.5,0.2781868997041703
56,eyes_open,24,0.24421355396365024
56,eyes_open,24.5,0.21589653019917754
56,eyes_open,25,0.2039898851001785
56,eyes_open,25.5,0.19600326577253552
56,eyes_open,26,0.17575624939610385
56,eyes_open,26.5,0.16452972585893427
56,eyes_open,27,0.15386171306060686
56,eyes_open,27.5,0.14299023500293126
56,eyes_open,28,0.14160533454147858
56,eyes_open,28.5,0.14135281825336446
56,eyes_open,29,0.13532382003726356
56,eyes_open,29.5,0.1147332653050038
56,eyes_open,30,0.099592850473846
56,eyes_open,30.5,0.08659974961954768
56,eyes_open,31,0.07812639877235493
56,eyes_open,31.5,0.07344727719039106
56,eyes_open,32,0.06702317071663687
56,eyes_open,32.5,0.060503053934726825
56,eyes_open,33,0.05907935520602334
56,eyes_open,33.5,0.05364652414561258
56,eyes_open,34,0.04865879590360417
56,eyes_open,34.5,0.04545415437754942
56,eyes_open,35,0.041649927086424426
56,eyes_open,35.5,0.03813612889904665
56,eyes_open,36,0.032992818120271244
56,eyes_open,36.5,0.029190650074991883
56,eyes_open,37,0.029457086999260536
56,eyes_open,37.5,0.028681284033743367
56,eyes_open,38,0.026923573195019264
56,eyes_open,38.5,0.023638504343925792
56,eyes_open,39,0.024228191672853595
56,eyes_open,39.5,0.0220049669014715
56,eyes_open,40,0.019039075243705364
56,eyes_open,40.5,0.01887241320457765
56,eyes_open,41,0.01816153063679007
56,eyes_open,41.5,0.01660109677300797
56,eyes_open,42,0.015355801239789833
56,eyes_open,42.5,0.01379393635556181
56,eyes_open,43,0.01200550396829771
56,eyes_open,43.5,0.011419796517654882
56,eyes_open,44,0.011399784630633528
56,eyes_open,44.5,0.010522193735287049
56,eyes_open,45,0.00984786190346749
57,eyes_closed,1,5.229304787635208
57,eyes_closed,1.5,2.9536360832931012
57,eyes_closed,2,1.9508838743633676
57,eyes_closed,2.5,1.58269204614609
57,eyes_closed,3,1.424958061853623
57,eyes_closed,3.5,1.2075832857182642
57,eyes_closed,4,1.244822940557956
57,eyes_closed,4.5,1.4278196467716506
57,eyes_closed,5,1.4999064165354716
57,eyes_closed,5.5,1.4734911340750123
57,eyes_closed,6,1.572021887534541
57,eyes_closed,6.5,1.6236316829681627
57,eyes_closed,7,1.5966980925754757
57,eyes_closed,7.5,1.657485843113055
57,eyes_closed,8,1.7814803455256023
57,eyes_closed,8.5,2.054848636484125
57,eyes_closed,9,2.6961898113703637
57,eyes_closed,9.5,3.762666713669996
57,eyes_closed,10,5.712169431327488
57,eyes_closed,10.5,10.526856979236014
57,eyes_closed,11,16.488248264371055
57,eyes_closed,11.5,15.484215801947178
57,eyes_closed,12,8.556108167640433
57,eyes_closed,12.5,4.484259635194801
57,eyes_closed,13,3.028941978437243
57,eyes_closed,13.5,2.0825779337535715
57,eyes_closed,14,1.6267755537621091
57,eyes_closed,14.5,1.3687137875182869
57,eyes_closed,15,1.203365320117088
57,eyes_closed,15.5,1.1191320541833936
57,eyes_closed,16,1.039746513720287
57,eyes_closed,16.5,1.0018055950879703
57,eyes_closed,17,1.0181011461027487
57,eyes_closed,17.5,1.133368163292377
57,eyes_closed,18,1.3244777879965404
57,eyes_closed,18.5,1.3966359115180509
57,eyes_closed,19,1.371941261048267
57,eyes_closed,19.5,1.4444648236040865
57,eyes_closed,20,1.417526308820817
57,eyes_closed,20.5,1.441541937672843
57,eyes_closed,21,1.5721086958069783
57,eyes_closed,21.5,1.4824437187453694
57,eyes_closed,22,1.3198019874044815
57,eyes_closed,22.5,1.157982747337343
57,eyes_closed,23,1.0272425905312859
57,eyes_closed,23.5,0.9269254902855044
57,eyes_closed,24,0.7122313556751507
57,eyes_closed,24.5,0.6125134011236308
57,eyes_closed,25,0.5040470892631798
57,eyes_closed,25.5,0.4329655756163907
57,eyes_closed,26,0.3906780729706821
57,eyes_closed,26.5,0.3463231385637447
57,eyes_closed,27,0.307818193303229
57,eyes_closed,27.5,0.26666621573051474
57,eyes_closed,28,0.24430554173062952
57,eyes_closed,28.5,0.22508480342608148
57,eyes_closed,29,0.20332143374890072
57,eyes_closed,29.5,0.19038351387093183
57,eyes_closed,30,0.1671813982803626
57,eyes_closed,30.5,0.1567855776999469
57,eyes_closed,31,0.15268967559878027
57,eyes_closed,31.5,0.1434981188374811
57,eyes_closed,32,0.12388618388367459
57,eyes_closed,32.5,0.10813930237701064
57,eyes_closed,33,0.0925599770059226
57,eyes_closed,33.5,0.08227459199899675
57,eyes_closed,34,0.0724296771100117
57,eyes_closed,34.5,0.06238232779934105
57,eyes_closed,35,0.060135140445602045
57,eyes_closed,35.5,0.05547741088286891
57,eyes_closed,36,0.04634695883540578
57,eyes_closed,36.5,0.040060097664478655
57,eyes_closed,37,0.03872032242130243
57,eyes_closed,37.5,0.03243403637448713
57,eyes_closed,38,0.02869173643515697
57,eyes_closed,38.5,0.026853313035814945
57,eyes_closed,39,0.0251262372141298
57,eyes_closed,39.5,0.025626251185024457
57,eyes_closed,40,0.02421857987267346
57,eyes_closed,40.5,0.020548969585114943
57,eyes_closed,41,0.01800056078589238
57,eyes_closed,41.5,0.016482133484300648
57,eyes_closed,42,0.015415847739556851
57,eyes_closed,42.5,0.014796544568411497
57,eyes_closed,43,0.013924841215509104
57,eyes_closed,43.5,0.012564292529215938
57,eyes_closed,44,0.012120357838145955
57,eyes_closed,44.5,0.010794965072938215
57,eyes_closed,45,0.008948270754217476
57,eyes_open,1,5.730373864193509
57,eyes_open,1.5,3.2545271402416613
57,eyes_open,2,2.211965459825033
57,eyes_open,2.5,1.812274126466138
57,eyes_open,3,1.4805411348079864
57,eyes_open,3.5,1.3390684173227798
57,eyes_open,4,1.2551524301300363
57,eyes_open,4.5,1.2949296760925004
57,eyes_open,5,1.4956428490111502
57,eyes_open,5.5,1.4979868506430198
57,eyes_open,6,1.4207880250030152
57,eyes_open,6.5,1.3709587244615762
57,eyes_open,7,1.491946648135021
57,eyes_open,7.5,1.5331600699042984
57,eyes_open,8,1.6462324411543339
57,eyes_open,8.5,2.0518620405110157
57,eyes_open,9,2.8197585957143034
57,eyes_open,9.5,3.685588446179944
57,eyes_open,10,6.072976061906588
57,eyes_open,10.5,10.615233538013717
57,eyes_open,11,13.24591602600171
57,eyes_open,11.5,10.323979534321822
57,eyes_open,12,5.919133289102198
57,eyes_open,12.5,3.46673566811447
57,eyes_open,13,2.41376071477511
57,eyes_open,13.5,1.7430233541597562
57,eyes_open,14,1.4752512872305923
57,eyes_open,14.5,1.2232451556545292
57,eyes_open,15,1.1923003852648377
57,eyes_open,15.5,1.096223011799941
57,eyes_open,16,1.0396631619551242
57,eyes_open,16.5,1.021667441020517
57,eyes_open,17,1.0774267211718183
57,eyes_open,17.5,1.1757193194654327
57,eyes_open,18,1.4292406354809686
57,eyes_open,18.5,1.5174785920732674
57,eyes_open,19,1.5783100951716107
57,eyes_open,19.5,1.4665660632697144
57,eyes_open,20,1.4352262996384237
57,eyes_open,20.5,1.436506888231747
57,eyes_open,21,1.3039659159241526
57,eyes_open,21.5,1.2213328500671738
57,eyes_open,22,1.1405554280066723
57,eyes_open,22.5,0.9823060110475974
57,eyes_open,23,0.8368179496175565
57,eyes_open,23.5,0.6708844067984853
57,eyes_open,24,0.5943200797610368
57,eyes_open,24.5,0.5048696826092097
57,eyes_open,25,0.43602667814362195
57,eyes_open,25.5,0.38217163607772375
57,eyes_open,26,0.3305199348883219
57,eyes_open,26.5,0.30311697216614675
57,eyes_open,27,0.27277472475101483
57,eyes_open,27.5,0.25800416173327334
57,eyes_open,28,0.24450573861242303
57,eyes_open,28.5,0.22955575167663
57,eyes_open,29,0.20922302858660363
57,eyes_open,29.5,0.18353847553330624
57,eyes_open,30,0.17389854584264963
57,eyes_open,30.5,0.16031296799618747
57,eyes_open,31,0.13845630804651365
57,eyes_open,31.5,0.13094756567001578
57,eyes_open,32,0.1272740551853657
57,eyes_open,32.5,0.11264856280828095
57,eyes_open,33,0.09981037217643386
57,eyes_open,33.5,0.09420065401219294
57,eyes_open,34,0.07615710756289994
57,eyes_open,34.5,0.06998135355769688
57,eyes_open,35,0.06281954201402451
57,eyes_open,35.5,0.05277008419045521
57,eyes_open,36,0.046679433818669985
57,eyes_open,36.5,0.04704855286067342
57,eyes_open,37,0.04534842731348835
57,eyes_open,37.5,0.03736344751345864
57,eyes_open,38,0.032360994512932395
57,eyes_open,38.5,0.03026521168635385
57,eyes_open,39,0.028211954704719256
57,eyes_open,39.5,0.026685156574880613
57,eyes_open,40,0.02508840669997239
57,eyes_open,40.5,0.022911619523782262
57,eyes_open,41,0.020197504144121206
57,eyes_open,41.5,0.018306804885575442
57,eyes_open,42,0.01740540493523212
57,eyes_open,42.5,0.016485339207256068
57,eyes_open,43,0.016372010685924712
57,eyes_open,43.5,0.014962812500261243
57,eyes_open,44,0.013402122333177217
57,eyes_open,44.5,0.012209838880987308
57,eyes_open,45,0.011903388499155218
58,eyes_closed,1,5.703691038924699
58,eyes_closed,1.5,2.9802753067383736
58,eyes_closed,2,1.91768465336993
58,eyes_closed,2.5,1.415705707926736
58,eyes_closed,3,1.129678627625156
58,eyes_closed,3.5,1.0222042611762103
58,eyes_closed,4,0.9807524608375953
58,eyes_closed,4.5,0.9782294731526338
58,eyes_closed,5,1.0443424315219083
58,eyes_closed,5.5,1.1558639648357873
58,eyes_closed,6,1.1413965732597586
58,eyes_closed,6.5,1.1360769631066816
58,eyes_closed,7,1.0615448491021682
58,eyes_closed,7.5,1.5971977582636245
58,eyes_closed,8,2.2985314054649617
58,eyes_closed,8.5,2.0417539433426444
58,eyes_closed,9,1.8987869177551473
58,eyes_closed,9.5,2.462279064317475
58,eyes_closed,10,4.6728714944137115
58,eyes_closed,10.5,8.889411988423088
58,eyes_closed,11,11.309615641317334
58,eyes_closed,11.5,7.038637349840631
58,eyes_closed,12,3.048586431290112
58,eyes_closed,12.5,1.609631586092389
58,eyes_closed,13,0.996315991739714
58,eyes_closed,13.5,0.7835075174301426
58,eyes_closed,14,0.7071544973568908
58,eyes_closed,14.5,0.5650009639054302
58,eyes_closed,15,0.5196860979340049
58,eyes_closed,15.5,0.5083637120867422
58,eyes_closed,16,0.5212404371218043
58,eyes_closed,16.5,0.5489767727695201
58,eyes_closed,17,0.48362734929088547
58,eyes_closed,17.5,0.42903682435315177
58,eyes_closed,18,0.4227147453830295
58,eyes_closed,18.5,0.39233365065353554
58,eyes_closed,19,0.42696460462855873
58,eyes_closed,19.5,0.41858495549332175
58,eyes_closed,20,0.3889036132220636
58,eyes_closed,20.5,0.37373669507911184
58,eyes_closed,21,0.37168719871663175
58,eyes_closed,21.5,0.32799414436429
58,eyes_closed,22,0.2851900760569191
58,eyes_closed,22.5,0.24748690769164505
58,eyes_closed,23,0.20631900770148703
58,eyes_closed,23.5,0.17228359245463584
58,eyes_closed,24,0.14935275008312654
58,eyes_closed,24.5,0.13469019896877532
58,eyes_closed,25,0.11333752749054328
58,eyes_closed,25.5,0.10165034878526633
58,eyes_closed,26,0.08726694259119662
58,eyes_closed,26.5,0.07559723073048197
58,eyes_closed,27,0.06580469424099357
58,eyes_closed,27.5,0.06310153174320152
58,eyes_closed,28,0.06261789273626311
58,eyes_closed,28.5,0.058369213980674885
58,eyes_closed,29,0.05276748207799765
58,eyes_closed,29.5,0.049550403720249846
58,eyes_closed,30,0.046982886656547734
58,eyes_closed,30.5,0.04314915238838812
58,eyes_closed,31,0.04026414383767333
58,eyes_closed,31.5,0.03871666742284522
58,eyes_closed,32,0.03607992253690292
58,eyes_closed,32.5,0.03380802564473147
58,eyes_closed,33,0.03198465891947105
58,eyes_closed,33.5,0.02828857362051645
58,eyes_closed,34,0.026853818038953967
58,eyes_closed,34.5,0.024170249582874944
58,eyes_closed,35,0.021570434872238375
58,eyes_closed,35.5,0.020431224112998463
58,eyes_closed,36,0.01942633569545598
58,eyes_closed,36.5,0.01819190412067068
58,eyes_closed,37,0.016825783563036385
58,eyes_closed,37.5,0.01563145411941223
58,eyes_closed,38,0.014882685698896293
58,eyes_closed,38.5,0.013857633905813033
58,eyes_closed,39,0.012907031399958266
58,eyes_closed,39.5,0.012012543178747323
58,eyes_closed,40,0.011260036549495284
58,eyes_closed,40.5,0.010328110329701275
58,eyes_closed,41,0.0098993996205567
58,eyes_closed,41.5,0.009410071743476862
58,eyes_closed,42,0.008138168682081885
58,eyes_closed,42.5,0.007295491588272597
58,eyes_closed,43,0.00726156567542709
58,eyes_closed,43.5,0.006722923515093282
58,eyes_closed,44,0.00596456565434314
58,eyes_closed,44.5,0.005597073314802144
58,eyes_closed,45,0.005684450750420142
58,eyes_open,1,5.558886043708007
58,eyes_open,1.5,3.266278752661733
58,eyes_open,2,2.0918811415549032
58,eyes_open,2.5,1.4978618061485116
58,eyes_open,3,1.2489796805094682
58,eyes_open,3.5,1.1649890688241358
58,eyes_open,4,1.0648330566136954
58,eyes_open,4.5,1.0410788914647922
58,eyes_open,5,1.0543775148852403
58,eyes_open,5.5,1.0275510687461793
58,eyes_open,6,0.974829856589774
58,eyes_open,6.5,0.9289241795934582
58,eyes_open,7,0.880709752840719
58,eyes_open,7.5,0.8712719228944492
58,eyes_open,8,0.9067257908006626
58,eyes_open,8.5,0.9648846728014888
58,eyes_open,9,1.0342530368603262
58,eyes_open,9.5,1.352408272386266
58,eyes_open,10,1.7484847667796442
58,eyes_open,10.5,1.986632527286317
58,eyes_open,11,1.754584195409318
58,eyes_open,11.5,1.1479335203218526
58,eyes_open,12,0.7882658462538511
58,eyes_open,12.5,0.6216725339975717
58,eyes_open,13,0.5398057360110694
58,eyes_open,13.5,0.46931721463987375
58,eyes_open,14,0.43166257605636144
58,eyes_open,14.5,0.4032419082936561
58,eyes_open,15,0.3691629556573433
58,eyes_open,15.5,0.36788561842811845
58,eyes_open,16,0.3666442452246283
58,eyes_open,16.5,0.38237737642207675
58,eyes_open,17,0.3934128852499006
58,eyes_open,17.5,0.3640492475466834
58,eyes_open,18,0.3645791568399991
58,eyes_open,18.5,0.35048790896281495
58,eyes_open,19,0.31276141692397313
58,eyes_open,19.5,0.3039518380167664
58,eyes_open,20,0.301228962480565
58,eyes_open,20.5,0.29593588059116915
58,eyes_open,21,0.276527795050093
58,eyes_open,21.5,0.24596327676419438
58,eyes_open,22,0.21535562554817095
58,eyes_open,22.5,0.1869491227672356
58,eyes_open,23,0.1589678766149354
58,eyes_open,23.5,0.13786887231786735
58,eyes_open,24,0.12827166612733287
58,eyes_open,24.5,0.11659818070066578
58,eyes_open,25,0.09723772460986974
58,eyes_open,25.5,0.09004826563643778
58,eyes_open,26,0.07856907932902334
58,eyes_open,26.5,0.06844732415147721
58,eyes_open,27,0.06437964527536674
58,eyes_open,27.5,0.060062797699993224
58,eyes_open,28,0.05403233392644354
58,eyes_open,28.5,0.04877632063701407
58,eyes_open,29,0.045543298450274744
58,eyes_open,29.5,0.04292997462382714
58,eyes_open,30,0.03867453510293153
58,eyes_open,30.5,0.03547324326289407
58,eyes_open,31,0.033961560671418235
58,eyes_open,31.5,0.03162898861930572
58,eyes_open,32,0.028905354086602587
58,eyes_open,32.5,0.028847316678529036
58,eyes_open,33,0.02681636789718795
58,eyes_open,33.5,0.023102767818505558
58,eyes_open,34,0.02167897091633216
58,eyes_open,34.5,0.020800570062242698
58,eyes_open,35,0.019108834988286822
58,eyes_open,35.5,0.017165789767256974
58,eyes_open,36,0.016110745798151686
58,eyes_open,36.5,0.014817751582854722
58,eyes_open,37,0.014352275311727843
58,eyes_open,37.5,0.014436274924389356
58,eyes_open,38,0.012893107440313637
58,eyes_open,38.5,0.010913415236058228
58,eyes_open,39,0.010111811332302222
58,eyes_open,39.5,0.010230917214600751
58,eyes_open,40,0.009258614223613463
58,eyes_open,40.5,0.00838926212904268
58,eyes_open,41,0.007852186632396493
58,eyes_open,41.5,0.007636696737469089
58,eyes_open,42,0.007289942588368759
58,eyes_open,42.5,0.006363407509459838
58,eyes_open,43,0.005921687809162378
58,eyes_open,43.5,0.005421073513794761
58,eyes_open,44,0.005034216869824173
58,eyes_open,44.5,0.005227357475686838
58,eyes_open,45,0.004920754355408475
59,eyes_closed,1,18.67685289196769
59,eyes_closed,1.5,15.196591799512964
59,eyes_closed,2,13.01898382752709
59,eyes_closed,2.5,11.364471936493855
59,eyes_closed,3,9.096406888782754
59,eyes_closed,3.5,8.255789522317937
59,eyes_closed,4,8.476657786692687
59,eyes_closed,4.5,9.923388126889858
59,eyes_closed,5,9.901317857735506
59,eyes_closed,5.5,9.107745567755412
59,eyes_closed,6,9.881447072345594
59,eyes_closed,6.5,12.180053702406148
59,eyes_closed,7,15.187598324886418
59,eyes_closed,7.5,25.672664023380733
59,eyes_closed,8,53.44917807861809
59,eyes_closed,8.5,58.34268640927631
59,eyes_closed,9,65.97686476422513
59,eyes_closed,9.5,97.47164594428398
59,eyes_closed,10,65.91380348255956
59,eyes_closed,10.5,21.779576102362164
59,eyes_closed,11,9.336529521481717
59,eyes_closed,11.5,5.054789737876174
59,eyes_closed,12,3.339029282743392
59,eyes_closed,12.5,2.7043259623423803
59,eyes_closed,13,2.496684876903555
59,eyes_closed,13.5,2.586960552396448
59,eyes_closed,14,2.44740445594876
59,eyes_closed,14.5,2.533704265071721
59,eyes_closed,15,2.47830809384984
59,eyes_closed,15.5,2.3214111725266315
59,eyes_closed,16,2.400084294657238
59,eyes_closed,16.5,2.416410593697016
59,eyes_closed,17,2.360150203315308
59,eyes_closed,17.5,2.6088450002282646
59,eyes_closed,18,2.987128588556479
59,eyes_closed,18.5,3.4119044969117
59,eyes_closed,19,4.024465366079343
59,eyes_closed,19.5,3.5030951513405597
59,eyes_closed,20,2.3425655510442778
59,eyes_closed,20.5,1.5240033390597658
59,eyes_closed,21,1.1189973243182556
59,eyes_closed,21.5,0.859406650602122
59,eyes_closed,22,0.6981078380872962
59,eyes_closed,22.5,0.5766639805173306
59,eyes_closed,23,0.49436133291250356
59,eyes_closed,23.5,0.41959944545395556
59,eyes_closed,24,0.3648082968930007
59,eyes_closed,24.5,0.34342726964987336
59,eyes_closed,25,0.3180948131658171
59,eyes_closed,25.5,0.2819402365912836
59,eyes_closed,26,0.26676864807147815
59,eyes_closed,26.5,0.2545118885000801
59,eyes_closed,27,0.2337897501160307
59,eyes_closed,27.5,0.22867221037559674
59,eyes_closed,28,0.21912052554999825
59,eyes_closed,28.5,0.21165201673243395
59,eyes_closed,29,0.19057194223528667
59,eyes_closed,29.5,0.16021376688848196
59,eyes_closed,30,0.13895000865094756
59,eyes_closed,30.5,0.11859138982502784
59,eyes_closed,31,0.09502581076847547
59,eyes_closed,31.5,0.08226446033736234
59,eyes_closed,32,0.06863347606504487
59,eyes_closed,32.5,0.060325843449201826
59,eyes_closed,33,0.056673139874099804
59,eyes_closed,33.5,0.04954306216057685
59,eyes_closed,34,0.04280080843810828
59,eyes_closed,34.5,0.03950965504631245
59,eyes_closed,35,0.0379244113881469
59,eyes_closed,35.5,0.035316663174112695
59,eyes_closed,36,0.029797814041702224
59,eyes_closed,36.5,0.026989145872568617
59,eyes_closed,37,0.024263775061506943
59,eyes_closed,37.5,0.022790632992443705
59,eyes_closed,38,0.02115691757279769
59,eyes_closed,38.5,0.018771006957929104
59,eyes_closed,39,0.017003406669775845
59,eyes_closed,39.5,0.015541101630569237
59,eyes_closed,40,0.013926585849001671
59,eyes_closed,40.5,0.012419361510617602
59,eyes_closed,41,0.011278219281490854
59,eyes_closed,41.5,0.010013820989243945
59,eyes_closed,42,0.009325486357020761
59,eyes_closed,42.5,0.008336702132025668
59,eyes_closed,43,0.007786236397662242
59,eyes_closed,43.5,0.0074777467720474056
59,eyes_closed,44,0.006588231764515389
59,eyes_closed,44.5,0.006062259446961539
59,eyes_closed,45,0.005668121402888728
59,eyes_open,1,19.587453208942218
59,eyes_open,1.5,11.901292597073045
59,eyes_open,2,8.975734438303894
59,eyes_open,2.5,6.8359125779019285
59,eyes_open,3,5.62220631745887
59,eyes_open,3.5,5.842304217783022
59,eyes_open,4,5.90784468309011
59,eyes_open,4.5,6.187125420069283
59,eyes_open,5,5.9000948385099
59,eyes_open,5.5,5.66251325350423
59,eyes_open,6,6.390726686139263
59,eyes_open,6.5,8.409343974811884
59,eyes_open,7,11.017636067907073
59,eyes_open,7.5,18.498925420490618
59,eyes_open,8,36.10688871570666
59,eyes_open,8.5,37.554327352696866
59,eyes_open,9,39.41365407486255
59,eyes_open,9.5,60.499558549177124
59,eyes_open,10,55.55716929124091
59,eyes_open,10.5,25.76866947620158
59,eyes_open,11,9.169950352407557
59,eyes_open,11.5,4.690839484143219
59,eyes_open,12,3.0624346032312784
59,eyes_open,12.5,2.4131914460110377
59,eyes_open,13,2.144955018740934
59,eyes_open,13.5,1.9679946008039821
59,eyes_open,14,1.9021734643048542
59,eyes_open,14.5,1.787389814464448
59,eyes_open,15,1.8834136023550692
59,eyes_open,15.5,2.051080664683547
59,eyes_open,16,2.172229988714351
59,eyes_open,16.5,1.9238982144544519
59,eyes_open,17,1.6567585726713827
59,eyes_open,17.5,1.5257618055907052
59,eyes_open,18,1.522227988244761
59,eyes_open,18.5,1.638247664847159
59,eyes_open,19,1.7637881625478187
59,eyes_open,19.5,1.7797315882645421
59,eyes_open,20,1.5369183073139223
59,eyes_open,20.5,1.2347656970352825
59,eyes_open,21,0.8536028812495621
59,eyes_open,21.5,0.700486065228228
59,eyes_open,22,0.5915472198533234
59,eyes_open,22.5,0.4862573503182022
59,eyes_open,23,0.40746342142226627
59,eyes_open,23.5,0.3553224598898671
59,eyes_open,24,0.343001923011865
59,eyes_open,24.5,0.32567302271626525
59,eyes_open,25,0.27347007435579396
59,eyes_open,25.5,0.23776334928443182
59,eyes_open,26,0.22440885469700336
59,eyes_open,26.5,0.21126236878869187
59,eyes_open,27,0.19413719871619295
59,eyes_open,27.5,0.19622133612529427
59,eyes_open,28,0.18649457708845976
59,eyes_open,28.5,0.17180803231491135
59,eyes_open,29,0.16190307870478335
59,eyes_open,29.5,0.15219534867300616
59,eyes_open,30,0.14374152503220228
59,eyes_open,30.5,0.13317631714515885
59,eyes_open,31,0.11351280385750316
59,eyes_open,31.5,0.09821438329047731
59,eyes_open,32,0.09414447073914942
59,eyes_open,32.5,0.0811772451715511
59,eyes_open,33,0.0734386200404865
59,eyes_open,33.5,0.07174217488458788
59,eyes_open,34,0.0675322069341478
59,eyes_open,34.5,0.06232834839992113
59,eyes_open,35,0.05612659176922158
59,eyes_open,35.5,0.0519469565277607
59,eyes_open,36,0.0464602976645766
59,eyes_open,36.5,0.04439654144083801
59,eyes_open,37,0.041653241394123915
59,eyes_open,37.5,0.03796472786386486
59,eyes_open,38,0.036106038120615365
59,eyes_open,38.5,0.03292653541244785
59,eyes_open,39,0.030552038950780576
59,eyes_open,39.5,0.028629696723984414
59,eyes_open,40,0.02637649792564558
59,eyes_open,40.5,0.024141286103583674
59,eyes_open,41,0.021828422675436478
59,eyes_open,41.5,0.021092998919824368
59,eyes_open,42,0.019284099808144876
59,eyes_open,42.5,0.01679734068552229
59,eyes_open,43,0.01654901284137729
59,eyes_open,43.5,0.015270785711688413
59,eyes_open,44,0.013698512413169505
59,eyes_open,44.5,0.012347920045600617
59,eyes_open,45,0.011914102238250415
60,eyes_closed,1,1.6715810567265834
60,eyes_closed,1.5,1.1222501672734846
60,eyes_closed,2,0.8727752486199906
60,eyes_closed,2.5,0.7577930837615711
60,eyes_closed,3,0.7206657326513587
60,eyes_closed,3.5,0.7302424763880839
60,eyes_closed,4,0.9641219778570203
60,eyes_closed,4.5,1.2751060509892795
60,eyes_closed,5,1.3902175237758303
60,eyes_closed,5.5,1.2375516944716825
60,eyes_closed,6,1.2692165011964178
60,eyes_closed,6.5,1.4069975327903332
60,eyes_closed,7,1.8787655527402025
60,eyes_closed,7.5,3.8420302968109596
60,eyes_closed,8,8.113441670764482
60,eyes_closed,8.5,10.38232609977976
60,eyes_closed,9,11.99910596311292
60,eyes_closed,9.5,8.371931070972641
60,eyes_closed,10,5.88090640619853
60,eyes_closed,10.5,4.525061155478755
60,eyes_closed,11,3.210855883543138
60,eyes_closed,11.5,2.2077633370440912
60,eyes_closed,12,1.2429045728659973
60,eyes_closed,12.5,0.6790512499655944
60,eyes_closed,13,0.4245692667251897
60,eyes_closed,13.5,0.3466354727896598
60,eyes_closed,14,0.3148482883386384
60,eyes_closed,14.5,0.30200406762296644
60,eyes_closed,15,0.3113119743932837
60,eyes_closed,15.5,0.36468571824225454
60,eyes_closed,16,0.4111694855287004
60,eyes_closed,16.5,0.42543001832223487
60,eyes_closed,17,0.4595965317468126
60,eyes_closed,17.5,0.49878540527870047
60,eyes_closed,18,0.5576550670585526
60,eyes_closed,18.5,0.5155326851165141
60,eyes_closed,19,0.4486905734348831
60,eyes_closed,19.5,0.40143215229961837
60,eyes_closed,20,0.3553035039315208
60,eyes_closed,20.5,0.2714862352790427
60,eyes_closed,21,0.23091359793347022
60,eyes_closed,21.5,0.19888004485454255
60,eyes_closed,22,0.1859635356771113
60,eyes_closed,22.5,0.17258167247453005
60,eyes_closed,23,0.1502447248832193
60,eyes_closed,23.5,0.12374197709403112
60,eyes_closed,24,0.11376425603221196
60,eyes_closed,24.5,0.1012132306261106
60,eyes_closed,25,0.08831791104393245
60,eyes_closed,25.5,0.07574905950971643
60,eyes_closed,26,0.07211245213227827
60,eyes_closed,26.5,0.06354477007751771
60,eyes_closed,27,0.056707904505217115
60,eyes_closed,27.5,0.04969896063536951
60,eyes_closed,28,0.041396063636280185
60,eyes_closed,28.5,0.03927480390934908
60,eyes_closed,29,0.03484952892159145
60,eyes_closed,29.5,0.029942953002119806
60,eyes_closed,30,0.029221983605310073
60,eyes_closed,30.5,0.026199024611761025
60,eyes_closed,31,0.024152211335097377
60,eyes_closed,31.5,0.020958514523425013
60,eyes_closed,32,0.019136421542987215
60,eyes_closed,32.5,0.015822588888805108
60,eyes_closed,33,0.014441201904240804
60,eyes_closed,33.5,0.01395858237151108
60,eyes_closed,34,0.012584798050170248
60,eyes_closed,34.5,0.011402151378618707
60,eyes_closed,35,0.010573328892425012
60,eyes_closed,35.5,0.01034929090662223
60,eyes_closed,36,0.008662299242397638
60,eyes_closed,36.5,0.007815422993915739
60,eyes_closed,37,0.0070914111795076385
60,eyes_closed,37.5,0.006777800207249008
60,eyes_closed,38,0.006216295762177068
60,eyes_closed,38.5,0.005118445708200828
60,eyes_closed,39,0.004767138121323628
60,eyes_closed,39.5,0.004432622970229617
60,eyes_closed,40,0.004071166045985141
60,eyes_closed,40.5,0.0038691574838827306
60,eyes_closed,41,0.003660148522496807
60,eyes_closed,41.5,0.003246400155820032
60,eyes_closed,42,0.0029221146746007806
60,eyes_closed,42.5,0.0025505898709900095
60,eyes_closed,43,0.0023890702813423466
60,eyes_closed,43.5,0.0022744597401237058
60,eyes_closed,44,0.0021232260034138983
60,eyes_closed,44.5,0.0020150004994103758
60,eyes_closed,45,0.001801050255052634
60,eyes_open,1,1.8518945132208486
60,eyes_open,1.5,1.2518983477205823
60,eyes_open,2,0.8398097751997092
60,eyes_open,2.5,0.6976024333409558
60,eyes_open,3,0.5723890524759956
60,eyes_open,3.5,0.4927219358314866
60,eyes_open,4,0.5055856964286025
60,eyes_open,4.5,0.5714831302467466
60,eyes_open,5,0.6427459153631488
60,eyes_open,5.5,0.8309591921231984
60,eyes_open,6,1.0232996799959873
60,eyes_open,6.5,1.3453377796419979
60,eyes_open,7,1.790361134229917
60,eyes_open,7.5,3.272235936880844
60,eyes_open,8,6.795848679888246
60,eyes_open,8.5,9.233536696910575
60,eyes_open,9,7.583695261602114
60,eyes_open,9.5,5.917762643529803
60,eyes_open,10,5.125693000202784
60,eyes_open,10.5,3.8068163730461757
60,eyes_open,11,2.512713683639544
60,eyes_open,11.5,1.2569217140992262
60,eyes_open,12,0.5462643252045052
60,eyes_open,12.5,0.3443969507339266
60,eyes_open,13,0.27400888647445254
60,eyes_open,13.5,0.23353845360879016
60,eyes_open,14,0.20318418795801876
60,eyes_open,14.5,0.19523216697373663
60,eyes_open,15,0.18711638104675526
60,eyes_open,15.5,0.21581139718406683
60,eyes_open,16,0.2627016326863208
60,eyes_open,16.5,0.319321498623682
60,eyes_open,17,0.35384002786096336
60,eyes_open,17.5,0.36072896784561204
60,eyes_open,18,0.3423314625198572
60,eyes_open,18.5,0.2826692383105531
60,eyes_open,19,0.24938500230352334
60,eyes_open,19.5,0.23831640736918475
60,eyes_open,20,0.2219218711240304
60,eyes_open,20.5,0.17302604714232536
60,eyes_open,21,0.15537234033961722
60,eyes_open,21.5,0.14229796675145875
60,eyes_open,22,0.11706502789718021
60,eyes_open,22.5,0.09849234961555468
60,eyes_open,23,0.09369711081554546
60,eyes_open,23.5,0.08472735833742967
60,eyes_open,24,0.0809798975151634
60,eyes_open,24.5,0.07285272652354184
60,eyes_open,25,0.06490669424996726
60,eyes_open,25.5,0.05718142516646548
60,eyes_open,26,0.04947839932371677
60,eyes_open,26.5,0.04407307181953446
60,eyes_open,27,0.040073885402646364
60,eyes_open,27.5,0.03606541418597949
60,eyes_open,28,0.031124476996730335
60,eyes_open,28.5,0.028858560677086482
60,eyes_open,29,0.02636071874544725
60,eyes_open,29.5,0.024662923942937953
60,eyes_open,30,0.02192888649292745
60,eyes_open,30.5,0.019684435951987957
60,eyes_open,31,0.018320096108786956
60,eyes_open,31.5,0.01657548554890211
60,eyes_open,32,0.013889217122699683
60,eyes_open,32.5,0.013391963778711213
60,eyes_open,33,0.012294442424542642
60,eyes_open,33.5,0.010953479340128315
60,eyes_open,34,0.009851203422464897
60,eyes_open,34.5,0.008879877984985405
60,eyes_open,35,0.008780739079837823
60,eyes_open,35.5,0.008254969567894531
60,eyes_open,36,0.007082410446989596
60,eyes_open,36.5,0.006291377909276525
60,eyes_open,37,0.006174151510192804
60,eyes_open,37.5,0.005545727031514989
60,eyes_open,38,0.005029376830795354
60,eyes_open,38.5,0.004415859188055711
60,eyes_open,39,0.004028358755836293
60,eyes_open,39.5,0.00393479744284882
60,eyes_open,40,0.0036398569221693824
60,eyes_open,40.5,0.003466683108994721
60,eyes_open,41,0.003158876569586853
60,eyes_open,41.5,0.002927685118667255
60,eyes_open,42,0.0027605708837380814
60,eyes_open,42.5,0.0026772273059823735
60,eyes_open,43,0.0022856013894928663
60,eyes_open,43.5,0.0020727459718514665
60,eyes_open,44,0.002006357560424301
60,eyes_open,44.5,0.0018230322957764025
60,eyes_open,45,0.0016902762867770104
61,eyes_closed,1,7.645803841088786
61,eyes_closed,1.5,5.088215653618199
61,eyes_closed,2,3.335417449781449
61,eyes_closed,2.5,2.3185588716782335
61,eyes_closed,3,1.601534075135073
61,eyes_closed,3.5,1.3695496495803061
61,eyes_closed,4,1.2201248817915284
61,eyes_closed,4.5,1.0790479350403075
61,eyes_closed,5,0.9940997070493255
61,eyes_closed,5.5,0.9263817918999802
61,eyes_closed,6,0.9561290120621025
61,eyes_closed,6.5,0.9472200379178215
61,eyes_closed,7,1.0380076821542954
61,eyes_closed,7.5,1.2383101070758462
61,eyes_closed,8,1.475069024461968
61,eyes_closed,8.5,2.1583067313652067
61,eyes_closed,9,3.4088424495769396
61,eyes_closed,9.5,5.956120112356155
61,eyes_closed,10,11.778921421690363
61,eyes_closed,10.5,26.664911791064373
61,eyes_closed,11,51.24256166945362
61,eyes_closed,11.5,47.653315709957134
61,eyes_closed,12,26.459907744105145
61,eyes_closed,12.5,11.822977674821637
61,eyes_closed,13,4.263737861782828
61,eyes_closed,13.5,1.930838676162201
61,eyes_closed,14,1.109111975268088
61,eyes_closed,14.5,0.7808841435687054
61,eyes_closed,15,0.647401723997366
61,eyes_closed,15.5,0.5951343261461001
61,eyes_closed,16,0.544260395641004
61,eyes_closed,16.5,0.4910443784796381
61,eyes_closed,17,0.44897706223091743
61,eyes_closed,17.5,0.4286556252198336
61,eyes_closed,18,0.4542508144030163
61,eyes_closed,18.5,0.4805758489324716
61,eyes_closed,19,0.4653164186359835
61,eyes_closed,19.5,0.4176793097510581
61,eyes_closed,20,0.4073357490922037
61,eyes_closed,20.5,0.44446229539316723
61,eyes_closed,21,0.4557756939264961
61,eyes_closed,21.5,0.47966327062605374
61,eyes_closed,22,0.514706462899708
61,eyes_closed,22.5,0.4614840548586242
61,eyes_closed,23,0.416988207847792
61,eyes_closed,23.5,0.3436803911839589
61,eyes_closed,24,0.31744384492215
61,eyes_closed,24.5,0.2855595725910551
61,eyes_closed,25,0.22980672036943164
61,eyes_closed,25.5,0.19517431689767673
61,eyes_closed,26,0.1921895107724429
61,eyes_closed,26.5,0.1784233558442024
61,eyes_closed,27,0.17189577699120231
61,eyes_closed,27.5,0.1545072280889277
61,eyes_closed,28,0.15747016973215153
61,eyes_closed,28.5,0.15207777730640828
61,eyes_closed,29,0.14934691054720775
61,eyes_closed,29.5,0.14521314213742634
61,eyes_closed,30,0.15099579567729907
61,eyes_closed,30.5,0.14218157954183197
61,eyes_closed,31,0.15248496129114705
61,eyes_closed,31.5,0.14808743748423547
61,eyes_closed,32,0.12162014868101186
61,eyes_closed,32.5,0.11181413424150241
61,eyes_closed,33,0.10182632500848957
61,eyes_closed,33.5,0.09153037001703251
61,eyes_closed,34,0.08880872703877549
61,eyes_closed,34.5,0.08183092984728393
61,eyes_closed,35,0.0771108502662897
61,eyes_closed,35.5,0.07393754672655053
61,eyes_closed,36,0.0644256528022578
61,eyes_closed,36.5,0.05895908897752448
61,eyes_closed,37,0.05909626306970837
61,eyes_closed,37.5,0.057350255945462364
61,eyes_closed,38,0.05039018072913966
61,eyes_closed,38.5,0.050094409759186304
61,eyes_closed,39,0.04883786941330821
61,eyes_closed,39.5,0.046628271179865725
61,eyes_closed,40,0.04318193247980962
61,eyes_closed,40.5,0.03853201248234049
61,eyes_closed,41,0.034145891224181754
61,eyes_closed,41.5,0.033757300046351135
61,eyes_closed,42,0.03129480273651676
61,eyes_closed,42.5,0.027340465722099704
61,eyes_closed,43,0.024525024737099013
61,eyes_closed,43.5,0.025593145453142747
61,eyes_closed,44,0.021867357992261645
61,eyes_closed,44.5,0.01993014417164138
61,eyes_closed,45,0.01940667107761506
61,eyes_open,1,6.7921624544950525
61,eyes_open,1.5,3.9979890553426074
61,eyes_open,2,2.4979922238636254
61,eyes_open,2.5,1.8405047010423443
61,eyes_open,3,1.4511336165669884
61,eyes_open,3.5,1.253044557843821
61,eyes_open,4,1.181446307925843
61,eyes_open,4.5,0.9988001351090252
61,eyes_open,5,0.937038530527462
61,eyes_open,5.5,0.8761952810962529
61,eyes_open,6,0.8265457849854065
61,eyes_open,6.5,0.8886548549237556
61,eyes_open,7,0.9498113926671259
61,eyes_open,7.5,0.968042879095558
61,eyes_open,8,1.1270149363061026
61,eyes_open,8.5,1.5333484917908307
61,eyes_open,9,3.025702900417164
61,eyes_open,9.5,6.12300159353039
61,eyes_open,10,7.262408874197057
61,eyes_open,10.5,7.061607919995858
61,eyes_open,11,6.3895567461438105
61,eyes_open,11.5,4.473583681482823
61,eyes_open,12,3.1827112502382278
61,eyes_open,12.5,1.8219693839461462
61,eyes_open,13,1.2015398147859815
61,eyes_open,13.5,0.8695387824409595
61,eyes_open,14,0.629020027164028
61,eyes_open,14.5,0.552195542764184
61,eyes_open,15,0.5241589227013017
61,eyes_open,15.5,0.535221484985338
61,eyes_open,16,0.4781749050574699
61,eyes_open,16.5,0.41673336236909253
61,eyes_open,17,0.3933845714367204
61,eyes_open,17.5,0.3843100152721799
61,eyes_open,18,0.3855979772214797
61,eyes_open,18.5,0.39096047089579
61,eyes_open,19,0.36795573280191474
61,eyes_open,19.5,0.3846540960881731
61,eyes_open,20,0.38352021279326937
61,eyes_open,20.5,0.36388528855476243
61,eyes_open,21,0.348478676759079
61,eyes_open,21.5,0.33497295678840644
61,eyes_open,22,0.33413270679094503
61,eyes_open,22.5,0.31006797101628863
61,eyes_open,23,0.2666041415920537
61,eyes_open,23.5,0.2590485184681979
61,eyes_open,24,0.2554558528065171
61,eyes_open,24.5,0.24292350387391198
61,eyes_open,25,0.21970866385553336
61,eyes_open,25.5,0.19374189800615482
61,eyes_open,26,0.20985948947553953
61,eyes_open,26.5,0.20379852394778658
61,eyes_open,27,0.1928896016865671
61,eyes_open,27.5,0.18567108038824126
61,eyes_open,28,0.18926820021311505
61,eyes_open,28.5,0.17195624888381078
61,eyes_open,29,0.16379432241373013
61,eyes_open,29.5,0.162278342741102
61,eyes_open,30,0.15521553657467793
61,eyes_open,30.5,0.16647389885608682
61,eyes_open,31,0.204297196376162
61,eyes_open,31.5,0.1907917274664081
61,eyes_open,32,0.15128080021171295
61,eyes_open,32.5,0.1308365492998253
61,eyes_open,33,0.11726205712874116
61,eyes_open,33.5,0.10960679310439712
61,eyes_open,34,0.10349890335946389
61,eyes_open,34.5,0.0970901320546334
61,eyes_open,35,0.08723232923603096
61,eyes_open,35.5,0.08365351784230045
61,eyes_open,36,0.07709512928009271
61,eyes_open,36.5,0.07321137500052291
61,eyes_open,37,0.07426231147582166
61,eyes_open,37.5,0.07026944661503857
61,eyes_open,38,0.06614646414297082
61,eyes_open,38.5,0.060359935397280094
61,eyes_open,39,0.054970086349240756
61,eyes_open,39.5,0.05129426550073104
61,eyes_open,40,0.04830920309618802
61,eyes_open,40.5,0.04680923156538836
61,eyes_open,41,0.04199239539558172
61,eyes_open,41.5,0.041472996593929425
61,eyes_open,42,0.03921800256154605
61,eyes_open,42.5,0.03419773965414741
61,eyes_open,43,0.031499395849087286
61,eyes_open,43.5,0.02720506680049535
61,eyes_open,44,0.02358544571947332
61,eyes_open,44.5,0.02296017822173936
61,eyes_open,45,0.022401114999203893
62,eyes_closed,1,11.1911658059526
62,eyes_closed,1.5,6.0161562830069775
62,eyes_closed,2,3.6593382732575717
62,eyes_closed,2.5,2.0281938864426525
62,eyes_closed,3,1.444591782636603
62,eyes_closed,3.5,1.2861243541152452
62,eyes_closed,4,1.17442076867403
62,eyes_closed,4.5,1.143946826043638
62,eyes_closed,5,1.0048209970399493
62,eyes_closed,5.5,1.0157107004263668
62,eyes_closed,6,1.094779629842926
62,eyes_closed,6.5,1.1491694452018197
62,eyes_closed,7,1.3808974095417235
62,eyes_closed,7.5,1.6874219352438704
62,eyes_closed,8,2.220622140662602
62,eyes_closed,8.5,2.7918513029121197
62,eyes_closed,9,3.0669049734276728
62,eyes_closed,9.5,3.6153419247697207
62,eyes_closed,10,4.628682940912178
62,eyes_closed,10.5,5.153028211578063
62,eyes_closed,11,5.2999672817124495
62,eyes_closed,11.5,5.238622827829273
62,eyes_closed,12,4.326548218050041
62,eyes_closed,12.5,3.2383722243447695
62,eyes_closed,13,2.4713082583914603
62,eyes_closed,13.5,1.779246459809384
62,eyes_closed,14,1.4028547602822228
62,eyes_closed,14.5,1.1551547418253147
62,eyes_closed,15,0.9378400915076679
62,eyes_closed,15.5,0.8359636690100952
62,eyes_closed,16,0.7889247049804745
62,eyes_closed,16.5,0.7111353706169997
62,eyes_closed,17,0.6916148421338766
62,eyes_closed,17.5,0.6401576560844149
62,eyes_closed,18,0.5536286371888783
62,eyes_closed,18.5,0.4950986256336718
62,eyes_closed,19,0.47764765239507273
62,eyes_closed,19.5,0.487955152628719
62,eyes_closed,20,0.4458803528129941
62,eyes_closed,20.5,0.43346830939134834
62,eyes_closed,21,0.40382694850647033
62,eyes_closed,21.5,0.36695096247273684
62,eyes_closed,22,0.33555342397272914
62,eyes_closed,22.5,0.30247866458095507
62,eyes_closed,23,0.2685607276498612
62,eyes_closed,23.5,0.24834359548083842
62,eyes_closed,24,0.23281352809549172
62,eyes_closed,24.5,0.2223019498690667
62,eyes_closed,25,0.20974189014120306
62,eyes_closed,25.5,0.18930867921050262
62,eyes_closed,26,0.1897487440925012
62,eyes_closed,26.5,0.17631321411628273
62,eyes_closed,27,0.17456793678698626
62,eyes_closed,27.5,0.16180740976592148
62,eyes_closed,28,0.1437299664183597
62,eyes_closed,28.5,0.1401084461777454
62,eyes_closed,29,0.12780854418073145
62,eyes_closed,29.5,0.118634265973706
62,eyes_closed,30,0.1079911139309585
62,eyes_closed,30.5,0.09916123349864467
62,eyes_closed,31,0.09887871354335075
62,eyes_closed,31.5,0.08847225378335417
62,eyes_closed,32,0.09108072969185445
62,eyes_closed,32.5,0.09402990912746616
62,eyes_closed,33,0.08184051608551407
62,eyes_closed,33.5,0.07193531799768141
62,eyes_closed,34,0.06387045536662674
62,eyes_closed,34.5,0.06038631025040715
62,eyes_closed,35,0.05665867068865366
62,eyes_closed,35.5,0.051774827835366945
62,eyes_closed,36,0.04334850944766892
62,eyes_closed,36.5,0.03973720088887415
62,eyes_closed,37,0.036331920667785816
62,eyes_closed,37.5,0.03297456401352111
62,eyes_closed,38,0.029144469844601808
62,eyes_closed,38.5,0.02867801047190311
62,eyes_closed,39,0.026156896652337887
62,eyes_closed,39.5,0.02158408253345994
62,eyes_closed,40,0.022274885634300065
62,eyes_closed,40.5,0.021894354755047484
62,eyes_closed,41,0.020254925701653357
62,eyes_closed,41.5,0.01730830444259306
62,eyes_closed,42,0.01543654747854168
62,eyes_closed,42.5,0.015061412642802547
62,eyes_closed,43,0.015467793773082562
62,eyes_closed,43.5,0.013191081186007295
62,eyes_closed,44,0.011580026117556892
62,eyes_closed,44.5,0.011355402997055335
62,eyes_closed,45,0.010864644443394215
62,eyes_open,1,14.48136521556582
62,eyes_open,1.5,7.230021994323213
62,eyes_open,2,4.282976399059287
62,eyes_open,2.5,2.7351488813780427
62,eyes_open,3,2.0411465191797915
62,eyes_open,3.5,1.4314662536827032
62,eyes_open,4,1.2479629261326255
62,eyes_open,4.5,1.056281026242293
62,eyes_open,5,0.9767450603246169
62,eyes_open,5.5,1.0440813961516642
62,eyes_open,6,1.0828934439166447
62,eyes_open,6.5,1.1304395233408742
62,eyes_open,7,1.2651214085484657
62,eyes_open,7.5,1.5417789239408128
62,eyes_open,8,1.8048148508012252
62,eyes_open,8.5,2.1384347438941345
62,eyes_open,9,2.36153943517491
62,eyes_open,9.5,2.1594878510725475
62,eyes_open,10,2.3948794387043457
62,eyes_open,10.5,2.9318083008800873
62,eyes_open,11,2.8334075925411626
62,eyes_open,11.5,2.4537513185965745
62,eyes_open,12,2.2976583260291013
62,eyes_open,12.5,1.8898608624811475
62,eyes_open,13,1.5987325774503893
62,eyes_open,13.5,1.387060713543962
62,eyes_open,14,1.2214927812587912
62,eyes_open,14.5,1.1690761242130698
62,eyes_open,15,1.0885761964632716
62,eyes_open,15.5,0.9415063577451296
62,eyes_open,16,0.9002309649788126
62,eyes_open,16.5,0.8577475796961272
62,eyes_open,17,0.752190601331677
62,eyes_open,17.5,0.7342928844386296
62,eyes_open,18,0.7144349278192799
62,eyes_open,18.5,0.6421235856275889
62,eyes_open,19,0.5560836410647435
62,eyes_open,19.5,0.48994302762948033
62,eyes_open,20,0.48975306069532804
62,eyes_open,20.5,0.4529907738097888
62,eyes_open,21,0.41715978297907186
62,eyes_open,21.5,0.38888344492923016
62,eyes_open,22,0.3887823378405534
62,eyes_open,22.5,0.3566656754424614
62,eyes_open,23,0.31366856666429355
62,eyes_open,23.5,0.29421525592043263
62,eyes_open,24,0.27970386534342645
62,eyes_open,24.5,0.2962671508520735
62,eyes_open,25,0.2696511985300457
62,eyes_open,25.5,0.2494298581994708
62,eyes_open,26,0.24509506800543382
62,eyes_open,26.5,0.23109963125425287
62,eyes_open,27,0.21755772906143356
62,eyes_open,27.5,0.20390839553376966
62,eyes_open,28,0.19775472752467488
62,eyes_open,28.5,0.18785439316720293
62,eyes_open,29,0.16749223330480362
62,eyes_open,29.5,0.16002710699971506
62,eyes_open,30,0.14908100272885572
62,eyes_open,30.5,0.13755802292776603
62,eyes_open,31,0.12757595484446088
62,eyes_open,31.5,0.12115174980493655
62,eyes_open,32,0.11883105014422071
62,eyes_open,32.5,0.11034792717362385
62,eyes_open,33,0.10366144416248291
62,eyes_open,33.5,0.10156974691288687
62,eyes_open,34,0.08318049792712104
62,eyes_open,34.5,0.08601533653157792
62,eyes_open,35,0.08680006897111428
62,eyes_open,35.5,0.07605862502444068
62,eyes_open,36,0.0671715931938983
62,eyes_open,36.5,0.0611186782045482
62,eyes_open,37,0.0553412460088023
62,eyes_open,37.5,0.053816064328558136
62,eyes_open,38,0.048431727479456434
62,eyes_open,38.5,0.04295020989941542
62,eyes_open,39,0.03926123611372954
62,eyes_open,39.5,0.035298361918352755
62,eyes_open,40,0.03367302236008795
62,eyes_open,40.5,0.03436185453894215
62,eyes_open,41,0.03195406757819756
62,eyes_open,41.5,0.02632542491446126
62,eyes_open,42,0.022679991805709985
62,eyes_open,42.5,0.021878710912655516
62,eyes_open,43,0.021141755347441806
62,eyes_open,43.5,0.019751862802214273
62,eyes_open,44,0.017990871865273754
62,eyes_open,44.5,0.017675722453679626
62,eyes_open,45,0.01618087097568176
63,eyes_closed,1,4.387189938109187
63,eyes_closed,1.5,2.860182832431014
63,eyes_closed,2,1.852981924993264
63,eyes_closed,2.5,1.2872254129013174
63,eyes_closed,3,1.1726501874365751
63,eyes_closed,3.5,1.0344491800362363
63,eyes_closed,4,0.9582877421470581
63,eyes_closed,4.5,0.8890863071445394
63,eyes_closed,5,0.9471950094604589
63,eyes_closed,5.5,0.8689989703744576
63,eyes_closed,6,0.9150457917192989
63,eyes_closed,6.5,1.1314599545909068
63,eyes_closed,7,1.4920721505073704
63,eyes_closed,7.5,2.357725103242926
63,eyes_closed,8,4.822629977725926
63,eyes_closed,8.5,6.3838695711645705
63,eyes_closed,9,6.968455974949013
63,eyes_closed,9.5,8.476558684450456
63,eyes_closed,10,9.352644911002004
63,eyes_closed,10.5,8.282600398501309
63,eyes_closed,11,5.508814448617665
63,eyes_closed,11.5,3.1842170497773576
63,eyes_closed,12,1.788385053447616
63,eyes_closed,12.5,0.9941394097994062
63,eyes_closed,13,0.6616627570980617
63,eyes_closed,13.5,0.5523808777273159
63,eyes_closed,14,0.5792294863873715
63,eyes_closed,14.5,0.5445869064748688
63,eyes_closed,15,0.521704939570464
63,eyes_closed,15.5,0.535637070802918
63,eyes_closed,16,0.5824469489788453
63,eyes_closed,16.5,0.5461085159760121
63,eyes_closed,17,0.5571631276973247
63,eyes_closed,17.5,0.5125154735777899
63,eyes_closed,18,0.5190759560771094
63,eyes_closed,18.5,0.5289676822758511
63,eyes_closed,19,0.49296351401189686
63,eyes_closed,19.5,0.48328043118357555
63,eyes_closed,20,0.4489673162345755
63,eyes_closed,20.5,0.364558436865956
63,eyes_closed,21,0.31451861577087004
63,eyes_closed,21.5,0.2660226951048928
63,eyes_closed,22,0.21181238458782303
63,eyes_closed,22.5,0.17796087619592346
63,eyes_closed,23,0.14328050336166454
63,eyes_closed,23.5,0.12719799770648565
63,eyes_closed,24,0.11810154701390452
63,eyes_closed,24.5,0.10115333883495325
63,eyes_closed,25,0.09038609293317523
63,eyes_closed,25.5,0.08682699377768244
63,eyes_closed,26,0.07497902781233286
63,eyes_closed,26.5,0.07376721603941727
63,eyes_closed,27,0.0711659738337791
63,eyes_closed,27.5,0.06619820350324532
63,eyes_closed,28,0.06150169569938075
63,eyes_closed,28.5,0.05796776273959424
63,eyes_closed,29,0.05489023650178939
63,eyes_closed,29.5,0.05237715343805022
63,eyes_closed,30,0.04591674061764881
63,eyes_closed,30.5,0.0386077084851744
63,eyes_closed,31,0.03583527759437785
63,eyes_closed,31.5,0.03571753582898584
63,eyes_closed,32,0.033371956698384296
63,eyes_closed,32.5,0.03142784691842593
63,eyes_closed,33,0.028578258364108503
63,eyes_closed,33.5,0.025429350645128794
63,eyes_closed,34,0.02410105062419317
63,eyes_closed,34.5,0.023053608686153682
63,eyes_closed,35,0.021770786093451847
63,eyes_closed,35.5,0.02055085385833099
63,eyes_closed,36,0.01785635777909057
63,eyes_closed,36.5,0.017037748987747663
63,eyes_closed,37,0.015583260608575119
63,eyes_closed,37.5,0.014963282803784046
63,eyes_closed,38,0.01397339970703018
63,eyes_closed,38.5,0.013067663186404713
63,eyes_closed,39,0.01143019868869984
63,eyes_closed,39.5,0.010496369950896202
63,eyes_closed,40,0.010211585949461524
63,eyes_closed,40.5,0.009627573336424939
63,eyes_closed,41,0.00828118304600055
63,eyes_closed,41.5,0.0073487300990047084
63,eyes_closed,42,0.007173099170328712
63,eyes_closed,42.5,0.006559255698649924
63,eyes_closed,43,0.005423900033361427
63,eyes_closed,43.5,0.005152394359426679
63,eyes_closed,44,0.004857667348467436
63,eyes_closed,44.5,0.0045775254847105285
63,eyes_closed,45,0.004452873867363465
63,eyes_open,1,4.5302697667402505
63,eyes_open,1.5,2.47941131720149
63,eyes_open,2,1.716127142173473
63,eyes_open,2.5,1.182536662204529
63,eyes_open,3,0.9631826765542665
63,eyes_open,3.5,0.9499689868427141
63,eyes_open,4,0.882011175114418
63,eyes_open,4.5,0.8283063628619852
63,eyes_open,5,0.8138014426530332
63,eyes_open,5.5,0.8573293625958689
63,eyes_open,6,0.8913845920426137
63,eyes_open,6.5,0.9476071571464968
63,eyes_open,7,1.2143708067387216
63,eyes_open,7.5,2.0761736091619407
63,eyes_open,8,4.528354614565726
63,eyes_open,8.5,6.1591715703538465
63,eyes_open,9,5.757514818406646
63,eyes_open,9.5,5.7034709562468
63,eyes_open,10,6.129870852819376
63,eyes_open,10.5,4.8330385276484025
63,eyes_open,11,2.5427032571648573
63,eyes_open,11.5,1.4436028023902348
63,eyes_open,12,1.020605572441578
63,eyes_open,12.5,0.8110794609914017
63,eyes_open,13,0.5904151957863645
63,eyes_open,13.5,0.5674640843181287
63,eyes_open,14,0.5816569114699722
63,eyes_open,14.5,0.5844265184391597
63,eyes_open,15,0.6228039189377322
63,eyes_open,15.5,0.6368271020518766
63,eyes_open,16,0.7019010419629519
63,eyes_open,16.5,0.7402461913923184
63,eyes_open,17,0.7021438413919705
63,eyes_open,17.5,0.6389764515100651
63,eyes_open,18,0.5734992049471136
63,eyes_open,18.5,0.5071828654998086
63,eyes_open,19,0.485109326368659
63,eyes_open,19.5,0.4548101009598087
63,eyes_open,20,0.4590087015212558
63,eyes_open,20.5,0.3780665757884255
63,eyes_open,21,0.3400752200384
63,eyes_open,21.5,0.30571277224589904
63,eyes_open,22,0.2835708332153354
63,eyes_open,22.5,0.24652501213575695
63,eyes_open,23,0.2303114934714223
63,eyes_open,23.5,0.21569151344621804
63,eyes_open,24,0.20885800925053483
63,eyes_open,24.5,0.20720677456925493
63,eyes_open,25,0.2085349229060406
63,eyes_open,25.5,0.1933162307746791
63,eyes_open,26,0.16385825528171602
63,eyes_open,26.5,0.1462841318443366
63,eyes_open,27,0.14909965090910943
63,eyes_open,27.5,0.15655406122141094
63,eyes_open,28,0.14118091733554497
63,eyes_open,28.5,0.13579185841656155
63,eyes_open,29,0.1319702920772769
63,eyes_open,29.5,0.12381550426115454
63,eyes_open,30,0.1144887381984479
63,eyes_open,30.5,0.11487798484169963
63,eyes_open,31,0.11210264309857554
63,eyes_open,31.5,0.10298378154652477
63,eyes_open,32,0.09013813842636045
63,eyes_open,32.5,0.08537411052898213
63,eyes_open,33,0.08049000278334555
63,eyes_open,33.5,0.07444537263583557
63,eyes_open,34,0.06852800743098644
63,eyes_open,34.5,0.0688659667585622
63,eyes_open,35,0.06832135358760984
63,eyes_open,35.5,0.06299749657356803
63,eyes_open,36,0.06116911910356071
63,eyes_open,36.5,0.05417309483296623
63,eyes_open,37,0.05075841659636252
63,eyes_open,37.5,0.04683067272209976
63,eyes_open,38,0.04210248957397311
63,eyes_open,38.5,0.040338420210736116
63,eyes_open,39,0.03712161994598678
63,eyes_open,39.5,0.035229430296807376
63,eyes_open,40,0.03331336524353578
63,eyes_open,40.5,0.030031424664013782
63,eyes_open,41,0.030687362725736016
63,eyes_open,41.5,0.028897703707345887
63,eyes_open,42,0.027472805996967154
63,eyes_open,42.5,0.0259754259060184
63,eyes_open,43,0.023609563598201364
63,eyes_open,43.5,0.019326041231957213
63,eyes_open,44,0.017718478534066277
63,eyes_open,44.5,0.016652067141261623
63,eyes_open,45,0.015325191284126273
64,eyes_closed,1,5.371524272592079
64,eyes_closed,1.5,3.3779069312857843
64,eyes_closed,2,2.3038622458499285
64,eyes_closed,2.5,1.8878036195144299
64,eyes_closed,3,1.553058338254413
64,eyes_closed,3.5,1.2563048751387844
64,eyes_closed,4,1.139368000778983
64,eyes_closed,4.5,1.1272193042544554
64,eyes_closed,5,1.2550199271711109
64,eyes_closed,5.5,1.3514038787197866
64,eyes_closed,6,1.411542508550115
64,eyes_closed,6.5,1.5906235666704338
64,eyes_closed,7,1.6540592165679244
64,eyes_closed,7.5,1.9619403044352886
64,eyes_closed,8,2.850131202618164
64,eyes_closed,8.5,3.5410365542111855
64,eyes_closed,9,3.127780196773803
64,eyes_closed,9.5,2.642126918376381
64,eyes_closed,10,2.8497840602502222
64,eyes_closed,10.5,3.40889449509233
64,eyes_closed,11,4.537944257298222
64,eyes_closed,11.5,6.711517855197355
64,eyes_closed,12,7.855316870109561
64,eyes_closed,12.5,7.796274746719457
64,eyes_closed,13,5.687223514127027
64,eyes_closed,13.5,3.011818691822058
64,eyes_closed,14,1.5289187472638135
64,eyes_closed,14.5,0.9035794975842869
64,eyes_closed,15,0.6742593839705113
64,eyes_closed,15.5,0.5230751359399308
64,eyes_closed,16,0.47792337537646995
64,eyes_closed,16.5,0.4475468309894999
64,eyes_closed,17,0.41801989948597723
64,eyes_closed,17.5,0.34384024390194057
64,eyes_closed,18,0.2980833570046967
64,eyes_closed,18.5,0.25585477833865417
64,eyes_closed,19,0.22848199704529548
64,eyes_closed,19.5,0.21042818723061193
64,eyes_closed,20,0.18558180670938998
64,eyes_closed,20.5,0.1746864182165281
64,eyes_closed,21,0.1603371227031121
64,eyes_closed,21.5,0.14577603158116975
64,eyes_closed,22,0.14483917281497316
64,eyes_closed,22.5,0.13180577563627122
64,eyes_closed,23,0.13125891480189414
64,eyes_closed,23.5,0.1283703507007522
64,eyes_closed,24,0.12341999610866194
64,eyes_closed,24.5,0.10912869362186459
64,eyes_closed,25,0.09698244023946756
64,eyes_closed,25.5,0.08435097309274998
64,eyes_closed,26,0.07763236889577514
64,eyes_closed,26.5,0.06665002082046387
64,eyes_closed,27,0.057108976399745666
64,eyes_closed,27.5,0.050829979885408993
64,eyes_closed,28,0.046565922252668306
64,eyes_closed,28.5,0.04050782201084197
64,eyes_closed,29,0.03590391192075183
64,eyes_closed,29.5,0.03232316534713848
64,eyes_closed,30,0.028354229597354078
64,eyes_closed,30.5,0.028599485699562933
64,eyes_closed,31,0.025263254200666253
64,eyes_closed,31.5,0.021849010305929825
64,eyes_closed,32,0.019249297955898238
64,eyes_closed,32.5,0.016730597965654275
64,eyes_closed,33,0.015235606697439546
64,eyes_closed,33.5,0.013938529269636953
64,eyes_closed,34,0.013248441961857907
64,eyes_closed,34.5,0.011760528481449185
64,eyes_closed,35,0.010163673523323565
64,eyes_closed,35.5,0.0096438160024696
64,eyes_closed,36,0.00854694921304007
64,eyes_closed,36.5,0.007880971850086143
64,eyes_closed,37,0.007528433289623627
64,eyes_closed,37.5,0.006704641838381372
64,eyes_closed,38,0.0056694838943359
64,eyes_closed,38.5,0.005537151304590743
64,eyes_closed,39,0.005026595884538519
64,eyes_closed,39.5,0.0045859318223399744
64,eyes_closed,40,0.004075236687499418
64,eyes_closed,40.5,0.0038984685874178466
64,eyes_closed,41,0.003739215612287202
64,eyes_closed,41.5,0.003417374005403151
64,eyes_closed,42,0.0031821355389235603
64,eyes_closed,42.5,0.0027806980066223054
64,eyes_closed,43,0.0025838357335453933
64,eyes_closed,43.5,0.0023018628009523067
64,eyes_closed,44,0.0021831475820010505
64,eyes_closed,44.5,0.0019119834897561717
64,eyes_closed,45,0.00183999738424922
64,eyes_open,1,6.43878779729693
64,eyes_open,1.5,3.3126390113483457
64,eyes_open,2,1.9292068388505916
64,eyes_open,2.5,1.4846532034424835
64,eyes_open,3,1.1887400519085491
64,eyes_open,3.5,1.1001355815810074
64,eyes_open,4,1.1419427947075294
64,eyes_open,4.5,1.1014250555035896
64,eyes_open,5,1.0581632454362166
64,eyes_open,5.5,1.152469626142017
64,eyes_open,6,1.1742296554495208
64,eyes_open,6.5,1.1421985860775994
64,eyes_open,7,1.1182385280051899
64,eyes_open,7.5,1.3580077459293918
64,eyes_open,8,1.8553066186584775
64,eyes_open,8.5,2.9038535849642697
64,eyes_open,9,3.0175617974189226
64,eyes_open,9.5,2.325817984313552
64,eyes_open,10,2.1933485171683
64,eyes_open,10.5,2.394261282306676
64,eyes_open,11,2.720443698158673
64,eyes_open,11.5,3.571925388448869
64,eyes_open,12,4.733108901425292
64,eyes_open,12.5,5.559450640865615
64,eyes_open,13,4.271884101258986
64,eyes_open,13.5,2.3416618546375454
64,eyes_open,14,1.3890258129167168
64,eyes_open,14.5,0.9151793729705809
64,eyes_open,15,0.6246827035992324
64,eyes_open,15.5,0.45158344538241746
64,eyes_open,16,0.4005253413657271
64,eyes_open,16.5,0.3772488861590844
64,eyes_open,17,0.33051614789800116
64,eyes_open,17.5,0.2968131744952388
64,eyes_open,18,0.24146473605697824
64,eyes_open,18.5,0.21151431027217354
64,eyes_open,19,0.17474644277746235
64,eyes_open,19.5,0.1619624141833874
64,eyes_open,20,0.13965827330542205
64,eyes_open,20.5,0.13416323729341567
64,eyes_open,21,0.12745200848790056
64,eyes_open,21.5,0.11916262368455964
64,eyes_open,22,0.11154946891700636
64,eyes_open,22.5,0.11500010908865896
64,eyes_open,23,0.11085274581109247
64,eyes_open,23.5,0.10709909587438173
64,eyes_open,24,0.09897143541846408
64,eyes_open,24.5,0.09696039980183911
64,eyes_open,25,0.08560660038270615
64,eyes_open,25.5,0.07488973913292198
64,eyes_open,26,0.06553652898772443
64,eyes_open,26.5,0.057362515434171694
64,eyes_open,27,0.048321312775497116
64,eyes_open,27.5,0.046250346753105506
64,eyes_open,28,0.04447350264471127
64,eyes_open,28.5,0.03840473639962298
64,eyes_open,29,0.03127525013200154
64,eyes_open,29.5,0.028191423954995753
64,eyes_open,30,0.02535556899948446
64,eyes_open,30.5,0.024615406647872474
64,eyes_open,31,0.02180195920777369
64,eyes_open,31.5,0.02007458289397319
64,eyes_open,32,0.01802502229112126
64,eyes_open,32.5,0.016359549598120318
64,eyes_open,33,0.014936601978172547
64,eyes_open,33.5,0.01475280312220136
64,eyes_open,34,0.013547839606292382
64,eyes_open,34.5,0.011696909717539773
64,eyes_open,35,0.010683786239677518
64,eyes_open,35.5,0.009665447160214884
64,eyes_open,36,0.008522367689179548
64,eyes_open,36.5,0.007978796370912759
64,eyes_open,37,0.007561976514042049
64,eyes_open,37.5,0.007175343153922247
64,eyes_open,38,0.006607931860221479
64,eyes_open,38.5,0.00572536565467184
64,eyes_open,39,0.005216793205089631
64,eyes_open,39.5,0.004868991168181569
64,eyes_open,40,0.004273142716449127
64,eyes_open,40.5,0.004172821933886944
64,eyes_open,41,0.003880865742470224
64,eyes_open,41.5,0.003620462445275938
64,eyes_open,42,0.0032304878219140297
64,eyes_open,42.5,0.0028412709357960946
64,eyes_open,43,0.002581031564252474
64,eyes_open,43.5,0.002373637439781171
64,eyes_open,44,0.0022575619488624838
64,eyes_open,44.5,0.002132223865910473
64,eyes_open,45,0.0019736822371138646
65,eyes_closed,1,4.963124000935438
65,eyes_closed,1.5,3.008391056977186
65,eyes_closed,2,2.4814621597155657
65,eyes_closed,2.5,2.2212759416922516
65,eyes_closed,3,1.5969352400260943
65,eyes_closed,3.5,1.1649749253315598
65,eyes_closed,4,1.07819041412545
65,eyes_closed,4.5,0.9356193237113348
65,eyes_closed,5,0.870285291431798
65,eyes_closed,5.5,0.8215966888988067
65,eyes_closed,6,0.712088878112527
65,eyes_closed,6.5,0.6743271171521588
65,eyes_closed,7,0.6879113555979112
65,eyes_closed,7.5,0.6957414168683644
65,eyes_closed,8,0.671017889192301
65,eyes_closed,8.5,0.7368437012641069
65,eyes_closed,9,0.8041546433051695
65,eyes_closed,9.5,0.8207070232062741
65,eyes_closed,10,0.9755565995515343
65,eyes_closed,10.5,1.335828264509996
65,eyes_closed,11,1.602153299430476
65,eyes_closed,11.5,1.5695218924387098
65,eyes_closed,12,1.1596435425092433
65,eyes_closed,12.5,0.7782915784961072
65,eyes_closed,13,0.6058815703058597
65,eyes_closed,13.5,0.5938679242356715
65,eyes_closed,14,0.5789439397288543
65,eyes_closed,14.5,0.5322671851332054
65,eyes_closed,15,0.546864292970749
65,eyes_closed,15.5,0.5354937467129294
65,eyes_closed,16,0.526502810721577
65,eyes_closed,16.5,0.558825781026822
65,eyes_closed,17,0.5457586082365196
65,eyes_closed,17.5,0.5897224236257245
65,eyes_closed,18,0.6279261522273832
65,eyes_closed,18.5,0.6372293228115898
65,eyes_closed,19,0.6327662803667726
65,eyes_closed,19.5,0.5874420524344361
65,eyes_closed,20,0.5560952218167406
65,eyes_closed,20.5,0.5080170106784764
65,eyes_closed,21,0.4641438271724668
65,eyes_closed,21.5,0.42999290080688923
65,eyes_closed,22,0.38439539643075576
65,eyes_closed,22.5,0.348582678356005
65,eyes_closed,23,0.31441806950485424
65,eyes_closed,23.5,0.28813500523320956
65,eyes_closed,24,0.2503797058158076
65,eyes_closed,24.5,0.21969110635781156
65,eyes_closed,25,0.2089206472041523
65,eyes_closed,25.5,0.18623616309100968
65,eyes_closed,26,0.16277262403512666
65,eyes_closed,26.5,0.15082470261579967
65,eyes_closed,27,0.1393488090269824
65,eyes_closed,27.5,0.13390157388387933
65,eyes_closed,28,0.1236730944359849
65,eyes_closed,28.5,0.10379061692434877
65,eyes_closed,29,0.08920194650132547
65,eyes_closed,29.5,0.08210379103092992
65,eyes_closed,30,0.0719164686546579
65,eyes_closed,30.5,0.06413777112345753
65,eyes_closed,31,0.05662438177934699
65,eyes_closed,31.5,0.04892234796976856
65,eyes_closed,32,0.04063125439661209
65,eyes_closed,32.5,0.03499599788316493
65,eyes_closed,33,0.03198436563702549
65,eyes_closed,33.5,0.028323892927032763
65,eyes_closed,34,0.023865854930509064
65,eyes_closed,34.5,0.021178246510567697
65,eyes_closed,35,0.019800263597048864
65,eyes_closed,35.5,0.018829649304762032
65,eyes_closed,36,0.016449776904127023
65,eyes_closed,36.5,0.016598805228356713
65,eyes_closed,37,0.014740713770694965
65,eyes_closed,37.5,0.013659846033885537
65,eyes_closed,38,0.01266071746420502
65,eyes_closed,38.5,0.011598033898111145
65,eyes_closed,39,0.010415603901966417
65,eyes_closed,39.5,0.009511118331936455
65,eyes_closed,40,0.009324462685113255
65,eyes_closed,40.5,0.009006597087370278
65,eyes_closed,41,0.007633788127583261
65,eyes_closed,41.5,0.0065243953419404505
65,eyes_closed,42,0.006245171492836819
65,eyes_closed,42.5,0.0058929160748723165
65,eyes_closed,43,0.005632457987062282
65,eyes_closed,43.5,0.00520940866876097
65,eyes_closed,44,0.004762422586089523
65,eyes_closed,44.5,0.004415373419131829
65,eyes_closed,45,0.004050400915714651
65,eyes_open,1,5.434247800337528
65,eyes_open,1.5,3.105478877242022
65,eyes_open,2,2.2113137360168893
65,eyes_open,2.5,1.5027288960096254
65,eyes_open,3,1.1943593556114511
65,eyes_open,3.5,0.9382394194831801
65,eyes_open,4,0.852257015439267
65,eyes_open,4.5,0.8279421383941782
65,eyes_open,5,0.7606549138918112
65,eyes_open,5.5,0.6868183426193034
65,eyes_open,6,0.7062738204899466
65,eyes_open,6.5,0.73132540140216
65,eyes_open,7,0.676342051340853
65,eyes_open,7.5,0.6159309326460245
65,eyes_open,8,0.6022918184677665
65,eyes_open,8.5,0.5887190354874716
65,eyes_open,9,0.6285483090601678
65,eyes_open,9.5,0.7383280167684744
65,eyes_open,10,0.8163578886957578
65,eyes_open,10.5,0.8286827307465332
65,eyes_open,11,0.694327722714861
65,eyes_open,11.5,0.5941604173672067
65,eyes_open,12,0.5322943408080995
65,eyes_open,12.5,0.4737737572818502
65,eyes_open,13,0.44833807225705313
65,eyes_open,13.5,0.4326805071589099
65,eyes_open,14,0.4291056939656974
65,eyes_open,14.5,0.46023094570656053
65,eyes_open,15,0.4739448956599682
65,eyes_open,15.5,0.4588126769775041
65,eyes_open,16,0.4788647469668523
65,eyes_open,16.5,0.4634254238571706
65,eyes_open,17,0.4680600189459007
65,eyes_open,17.5,0.4971074001848469
65,eyes_open,18,0.5084089509063979
65,eyes_open,18.5,0.5174239020071933
65,eyes_open,19,0.5132369138885436
65,eyes_open,19.5,0.4820806419932363
65,eyes_open,20,0.48861034485607746
65,eyes_open,20.5,0.47436625590104836
65,eyes_open,21,0.4440228819847654
65,eyes_open,21.5,0.4206737416350925
65,eyes_open,22,0.37505860760138887
65,eyes_open,22.5,0.3370688229935376
65,eyes_open,23,0.30685402251388894
65,eyes_open,23.5,0.2956603726395105
65,eyes_open,24,0.26299164662661223
65,eyes_open,24.5,0.22795425419160145
65,eyes_open,25,0.19917240836260808
65,eyes_open,25.5,0.18592461803385327
65,eyes_open,26,0.17647451977347886
65,eyes_open,26.5,0.15114610496329678
65,eyes_open,27,0.14419733305424995
65,eyes_open,27.5,0.1428002277257911
65,eyes_open,28,0.13038767366355222
65,eyes_open,28.5,0.11963169451426348
65,eyes_open,29,0.10509190011314073
65,eyes_open,29.5,0.0970610001039136
65,eyes_open,30,0.0871452904957813
65,eyes_open,30.5,0.07785827347176798
65,eyes_open,31,0.06984093978388407
65,eyes_open,31.5,0.06613394010929283
65,eyes_open,32,0.058618541364792144
65,eyes_open,32.5,0.05435085730859071
65,eyes_open,33,0.048381369057482304
65,eyes_open,33.5,0.04268896415475522
65,eyes_open,34,0.03881525833009394
65,eyes_open,34.5,0.037400911954609296
65,eyes_open,35,0.03474431603041379
65,eyes_open,35.5,0.03152263266838198
65,eyes_open,36,0.02793951425489868
65,eyes_open,36.5,0.027333205958574244
65,eyes_open,37,0.02444324352430359
65,eyes_open,37.5,0.021061331386199502
65,eyes_open,38,0.01990799531307256
65,eyes_open,38.5,0.019215560862710153
65,eyes_open,39,0.01872177925747534
65,eyes_open,39.5,0.01652788296710117
65,eyes_open,40,0.015181041819656828
65,eyes_open,40.5,0.013898783117945498
65,eyes_open,41,0.01439907470058878
65,eyes_open,41.5,0.012938559418188174
65,eyes_open,42,0.012218491810827405
65,eyes_open,42.5,0.011103539306167372
65,eyes_open,43,0.009877745829472585
65,eyes_open,43.5,0.009696694647004725
65,eyes_open,44,0.009219293894386256
65,eyes_open,44.5,0.008940362054935029
65,eyes_open,45,0.008179434623881744
